RegionID,SizeRank,RegionName,RegionType,StateName,State,Metro,CountyName,RentPriceAverage
6181,0,New York,city,NY,NY,"New York-Newark-Jersey City, NY-NJ-PA",Queens County,3602.2921647418166
12447,1,Los Angeles,city,CA,CA,"Los Angeles-Long Beach-Anaheim, CA",Los Angeles County,2886.3577492297277
39051,2,Houston,city,TX,TX,"Houston-The Woodlands-Sugar Land, TX",Harris County,1592.3237149478527
17426,3,Chicago,city,IL,IL,"Chicago-Naperville-Elgin, IL-IN-WI",Cook County,2236.765289962203
6915,4,San Antonio,city,TX,TX,"San Antonio-New Braunfels, TX",Bexar County,1421.445223487481
13271,5,Philadelphia,city,PA,PA,"Philadelphia-Camden-Wilmington, PA-NJ-DE-MD",Philadelphia County,1779.5572032976888
40326,6,Phoenix,city,AZ,AZ,"Phoenix-Mesa-Chandler, AZ",Maricopa County,1674.9022358309815
18959,7,Las Vegas,city,NV,NV,"Las Vegas-Henderson-Paradise, NV",Clark County,1757.601464719208
54296,8,San Diego,city,CA,CA,"San Diego-Chula Vista-Carlsbad, CA",San Diego County,3064.7219041341086
38128,9,Dallas,city,TX,TX,"Dallas-Fort Worth-Arlington, TX",Dallas County,1730.495866541699
10221,10,Austin,city,TX,TX,"Austin-Round Rock-Georgetown, TX",Travis County,1655.8125541098852
33839,11,San Jose,city,CA,CA,"San Jose-Sunnyvale-Santa Clara, CA",Santa Clara County,3200.420882624503
25290,12,Jacksonville,city,FL,FL,"Jacksonville, FL",Duval County,1620.7991862674182
24043,13,Charlotte,city,NC,NC,"Charlotte-Concord-Gastonia, NC-SC",Mecklenburg County,1781.941854587021
32149,14,Indianapolis,city,IN,IN,"Indianapolis-Carmel-Anderson, IN",Marion County,1436.8671086545046
18172,15,Fort Worth,city,TX,TX,"Dallas-Fort Worth-Arlington, TX",Tarrant County,1714.6792367368764
13121,16,Orlando,city,FL,FL,"Orlando-Kissimmee-Sanford, FL",Orange County,1963.4329205976735
20330,17,San Francisco,city,CA,CA,"San Francisco-Oakland-Berkeley, CA",San Francisco County,3418.677378458628
7481,18,Tucson,city,AZ,AZ,"Tucson, AZ",Pima County,1522.4896594128932
10920,19,Columbus,city,OH,OH,"Columbus, OH",Franklin County,1455.7452974524133
12700,20,Miami,city,FL,FL,"Miami-Fort Lauderdale-Pompano Beach, FL",Miami-Dade County,3053.7869417518937
12455,21,Louisville,city,KY,KY,"Louisville/Jefferson County, KY-IN",Jefferson County,1392.3981711902215
17933,22,El Paso,city,TX,TX,"El Paso, TX",El Paso County,1542.6318840579709
11093,23,Denver,city,CO,CO,"Denver-Aurora-Lakewood, CO",Denver County,1896.2124848323413
16037,24,Seattle,city,WA,WA,"Seattle-Tacoma-Bellevue, WA",King County,2244.7535865658215
13373,25,Portland,city,OR,OR,"Portland-Vancouver-Hillsboro, OR-WA",Multnomah County,1740.6468266063046
6118,26,Nashville,city,TN,TN,"Nashville-Davidson--Murfreesboro--Franklin, TN",Davidson County,1844.5621425617628
41568,27,Washington,city,DC,DC,"Washington-Arlington-Alexandria, DC-VA-MD-WV",District of Columbia,2532.545219982889
20288,28,Sacramento,city,CA,CA,"Sacramento-Roseville-Folsom, CA",Sacramento County,2141.604103980851
44269,29,Boston,city,MA,MA,"Boston-Cambridge-Newton, MA-NH",Suffolk County,3367.527186
17762,30,Detroit,city,MI,MI,"Detroit-Warren-Dearborn, MI",Wayne County,1348.4692095783005
26529,31,Pittsburgh,city,PA,PA,"Pittsburgh, PA",Allegheny County,1498.661900389173
23429,32,Albuquerque,city,NM,NM,"Albuquerque, NM",Bernalillo County,1608.5152555645916
32811,33,Memphis,city,TN,TN,"Memphis, TN-MS-AR",Shelby County,1290.2946861627909
18203,34,Fresno,city,CA,CA,"Fresno, CA",Fresno County,1886.4276424893078
3523,35,Baltimore,city,MD,MD,"Baltimore-Columbia-Towson, MD",Baltimore City,1704.186458528471
40152,36,Omaha,city,NE,NE,"Omaha-Council Bluffs, NE-IA",Douglas County,1385.0509844258486
37211,37,Atlanta,city,GA,GA,"Atlanta-Sandy Springs-Alpharetta, GA",Fulton County,1883.4919397040346
5976,38,Milwaukee,city,WI,WI,"Milwaukee-Waukesha, WI",Milwaukee County,1389.9807866764531
33225,39,Oklahoma City,city,OK,OK,"Oklahoma City, OK",Oklahoma County,1297.4330937862949
54047,40,Raleigh,city,NC,NC,"Raleigh-Cary, NC",Wake County,1663.3692350173303
19331,41,Mesa,city,AZ,AZ,"Phoenix-Mesa-Chandler, AZ",Maricopa County,1635.047928144404
4172,42,Colorado Springs,city,CO,CO,"Colorado Springs, CO",El Paso County,1784.3323608911414
17222,43,Buffalo,city,NY,NY,"Buffalo-Cheektowaga, NY",Erie County,1357.0399267399268
18795,44,Kansas City,city,MO,MO,"Kansas City, MO-KS",Jackson County,1443.721349
832063,45,Rochester,city,NY,NY,"Rochester, NY",Monroe County,1521.944139194139
4099,46,Cincinnati,city,OH,OH,"Cincinnati, OH-KY-IN",Hamilton County,1470.6650496707014
46298,47,Long Beach,city,CA,CA,"Los Angeles-Long Beach-Anaheim, CA",Los Angeles County,2332.925712217834
41515,48,Virginia Beach,city,VA,VA,"Virginia Beach-Norfolk-Newport News, VA-NC",Virginia Beach City,1895.2095538161113
3506,49,Bakersfield,city,CA,CA,"Bakersfield, CA",Kern County,1940.2322582840036
41176,50,Tampa,city,FL,FL,"Tampa-St. Petersburg-Clearwater, FL",Hillsborough County,2187.309078
13072,51,Oakland,city,CA,CA,"San Francisco-Oakland-Berkeley, CA",Alameda County,2495.080814530815
20859,52,Tulsa,city,OK,OK,"Tulsa, OK",Tulsa County,1302.6133986928105
5983,53,Minneapolis,city,MN,MN,"Minneapolis-St. Paul-Bloomington, MN-WI",Hennepin County,1603.220897510776
16846,54,Aurora,city,CO,CO,"Denver-Aurora-Lakewood, CO",Arapahoe County,1799.1085268592599
7204,55,Spring,city,TX,TX,"Houston-The Woodlands-Sugar Land, TX",Harris County,1751.5271530724501
18615,56,Honolulu,city,HI,HI,"Urban Honolulu, HI",Honolulu County,2628.151125229966
25428,57,Knoxville,city,TN,TN,"Knoxville, TN",Knox County,1783.4341897510214
50763,58,Arlington,city,TX,TX,"Dallas-Fort Worth-Arlington, TX",Tarrant County,1766.5725985105994
44055,59,Baton Rouge,city,LA,LA,"Baton Rouge, LA",East Baton Rouge Parish,1368.5986256263423
19594,60,New Orleans,city,LA,LA,"New Orleans-Metairie, LA",Orleans Parish,1691.801481293381
7929,61,Wichita,city,KS,KS,"Wichita, KS",Sedgwick County,1027.9836093857832
24115,62,Cleveland,city,OH,OH,"Cleveland-Elyria, OH",Cuyahoga County,1335.2777602191318
47401,63,Riverside,city,CA,CA,"Riverside-San Bernardino-Ontario, CA",Riverside County,2428.3881318348845
16764,64,Anaheim,city,CA,CA,"Los Angeles-Long Beach-Anaheim, CA",Orange County,2731.543682
48215,65,Vancouver,city,WA,WA,"Portland-Vancouver-Hillsboro, OR-WA",Clark County,1814.1191387869912
7266,67,Stockton,city,CA,CA,"Stockton, CA",San Joaquin County,2075.143630952381
12562,68,Marietta,city,GA,GA,"Atlanta-Sandy Springs-Alpharetta, GA",Cobb County,1874.05855
4174,69,Columbia,city,SC,SC,"Columbia, SC",Richland County,1505.4077509924907
11722,70,Greensboro,city,NC,NC,"Greensboro-High Point, NC",Guilford County,1499.281118308311
18170,71,Fort Wayne,city,IN,IN,"Fort Wayne, IN",Allen County,1183.9457523957524
25574,72,Lexington,city,KY,KY,"Lexington-Fayette, KY",Fayette County,1436.3433708560249
19533,73,Naples,city,FL,FL,"Naples-Marco Island, FL",Collier County,2851.248559681276
11867,74,Henderson,city,NV,NV,"Las Vegas-Henderson-Paradise, NV",Clark County,1833.8648086232909
38025,75,Corpus Christi,city,TX,TX,"Corpus Christi, TX",Nueces County,1377.7755430242275
6891,76,Saint Louis,city,MO,MO,"St. Louis, MO-IL",Saint Louis City,1341.9456539478936
47568,77,Santa Ana,city,CA,CA,"Los Angeles-Long Beach-Anaheim, CA",Orange County,2882.6468901539106
24457,78,Durham,city,NC,NC,"Durham-Chapel Hill, NC",Durham County,1682.5440463997381
7081,79,Silver Spring,city,MD,MD,"Washington-Arlington-Alexandria, DC-VA-MD-WV",Montgomery County,2036.6373875077963
20313,80,Saint Paul,city,MN,MN,"Minneapolis-St. Paul-Bloomington, MN-WI",Ramsey County,1441.1887038001041
20604,81,Spokane,city,WA,WA,"Spokane-Spokane Valley, WA",Spokane County,1457.9213420144235
12970,82,Newark,city,NJ,NJ,"New York-Newark-Jersey City, NY-NJ-PA",Essex County,2211.606063
13478,83,Reno,city,NV,NV,"Reno, NV",Washoe County,1920.269098
26922,84,Saint Petersburg,city,FL,FL,"Tampa-St. Petersburg-Clearwater, FL",Pinellas County,2110.727907
52650,85,Irvine,city,CA,CA,"Los Angeles-Long Beach-Anaheim, CA",Orange County,3329.7210352445504
32503,86,Lincoln,city,NE,NE,"Lincoln, NE",Lancaster County,1301.529608745436
34303,87,Toledo,city,OH,OH,"Toledo, OH",Lucas County,1119.8128675104379
17384,88,Chandler,city,AZ,AZ,"Phoenix-Mesa-Chandler, AZ",Maricopa County,1953.174074074074
47945,89,Tallahassee,city,FL,FL,"Tallahassee, FL",Leon County,1523.7333333333333
25320,90,Jersey City,city,NJ,NJ,"New York-Newark-Jersey City, NY-NJ-PA",Hudson County,3177.4864008559957
53915,91,Plano,city,TX,TX,"Dallas-Fort Worth-Arlington, TX",Collin County,1750.907456423134
53060,92,Lubbock,city,TX,TX,"Lubbock, TX",Lubbock County,1374.7690921284786
25934,93,Modesto,city,CA,CA,"Modesto, CA",Stanislaus County,2001.8558201058202
18800,94,Katy,city,TX,TX,"Houston-The Woodlands-Sugar Land, TX",Harris County,1967.225294127006
5573,95,Lawrenceville,city,GA,GA,"Atlanta-Sandy Springs-Alpharetta, GA",Gwinnett County,2105.233547380994
51405,96,Chula Vista,city,CA,CA,"San Diego-Chula Vista-Carlsbad, CA",San Diego County,3161.203893331183
3737,97,Boise,city,ID,ID,"Boise City, ID",Ada County,1730.6544312788344
6752,98,Richmond,city,VA,VA,"Richmond, VA",Richmond City,1604.3586145802358
4888,99,Gilbert,city,AZ,AZ,"Phoenix-Mesa-Chandler, AZ",Maricopa County,2115.4106339928057
41760,100,Winston-Salem,city,NC,NC,"Winston-Salem, NC",Forsyth County,1594.1585776463826
398849,101,Madison,city,WI,WI,"Madison, WI",Dane County,1568.2316801474196
52893,102,Laredo,city,TX,TX,"Laredo, TX",Webb County,1241.8738095238095
26187,103,North Las Vegas,city,NV,NV,"Las Vegas-Henderson-Paradise, NV",Clark County,1907.8285520171032
20328,104,San Bernardino,city,CA,CA,"Riverside-San Bernardino-Ontario, CA",San Bernardino County,2030.016065980168
25483,105,Lakeland,city,FL,FL,"Lakeland-Winter Haven, FL",Polk County,1776.3537009438649
31614,106,Fort Myers,city,FL,FL,"Cape Coral-Fort Myers, FL",Lee County,1865.525866257706
12065,107,Irving,city,TX,TX,"Dallas-Fort Worth-Arlington, TX",Dallas County,1655.0730388212721
32900,108,Mobile,city,AL,AL,"Mobile, AL",Mobile County,1304.9334150326797
18298,109,Glendale,city,AZ,AZ,"Phoenix-Mesa-Chandler, AZ",Maricopa County,1640.9990164973062
53856,110,Pensacola,city,FL,FL,"Pensacola-Ferry Pass-Brent, FL",Escambia County,1663.7887591424178
23482,111,Anchorage,city,AK,AK,"Anchorage, AK",Anchorage Borough,1620.6619726678548
44564,112,Chesapeake,city,VA,VA,"Virginia Beach-Norfolk-Newport News, VA-NC",Chesapeake City,1951.031702
20362,113,Sarasota,city,FL,FL,"North Port-Sarasota-Bradenton, FL",Sarasota County,2458.1373495012035
52001,114,Fayetteville,city,NC,NC,"Fayetteville, NC",Cumberland County,1407.819230414975
10417,115,Birmingham,city,AL,AL,"Birmingham-Hoover, AL",Jefferson County,1292.9661963199223
25104,116,Hialeah,city,FL,FL,"Miami-Fort Lauderdale-Pompano Beach, FL",Miami-Dade County,2442.5974777034558
18251,117,Garland,city,TX,TX,"Dallas-Fort Worth-Arlington, TX",Dallas County,1678.8390075256448
18847,118,Kissimmee,city,FL,FL,"Orlando-Kissimmee-Sanford, FL",Osceola County,2164.5166016807993
30258,119,Arlington,city,VA,VA,"Washington-Arlington-Alexandria, DC-VA-MD-WV",Arlington County,2643.6789258462213
54346,120,Scottsdale,city,AZ,AZ,"Phoenix-Mesa-Chandler, AZ",Maricopa County,2299.7338781956187
6210,121,Norfolk,city,VA,VA,"Virginia Beach-Norfolk-Newport News, VA-NC",Norfolk City,1668.9020408603744
53673,122,Ocala,city,FL,FL,"Ocala, FL",Marion County,1592.524804765537
54311,123,Santa Clarita,city,CA,CA,"Los Angeles-Long Beach-Anaheim, CA",Los Angeles County,2814.3033878359965
11540,124,Fremont,city,CA,CA,"San Francisco-Oakland-Berkeley, CA",Alameda County,2976.0052170052168
24741,125,Fontana,city,CA,CA,"Riverside-San Bernardino-Ontario, CA",San Bernardino County,3267.800653594771
7222,126,Springfield,city,MO,MO,"Springfield, MO",Greene County,1276.1134768009767
24960,127,Greenville,city,SC,SC,"Greenville-Anderson, SC",Greenville County,1585.4649543676435
10477,128,Boca Raton,city,FL,FL,"Miami-Fort Lauderdale-Pompano Beach, FL",Palm Beach County,2895.727169834996
11671,129,Grand Rapids,city,MI,MI,"Grand Rapids-Kentwood, MI",Kent County,1679.9811456063908
44282,130,Bradenton,city,FL,FL,"North Port-Sarasota-Bradenton, FL",Manatee County,1990.489569053059
52998,131,Little Rock,city,AR,AR,"Little Rock-North Little Rock-Conway, AR",Pulaski County,1191.5575284727827
24821,132,Gainesville,city,FL,FL,"Gainesville, FL",Alachua County,1638.6105244341777
33501,133,Port Saint Lucie,city,FL,FL,"Port St. Lucie, FL",Saint Lucie County,2397.313597513598
27362,134,Tacoma,city,WA,WA,"Seattle-Tacoma-Bellevue, WA",Pierce County,1716.2420677361854
14701,135,Woodbridge,city,VA,VA,"Washington-Arlington-Alexandria, DC-VA-MD-WV",Prince William County,2240.6884395546303
16753,136,Amarillo,city,TX,TX,"Amarillo, TX",Randall County,1373.481335522715
17759,137,Des Moines,city,IA,IA,"Des Moines-West Des Moines, IA",Polk County,1138.6805586385497
47584,138,Savannah,city,GA,GA,"Savannah, GA",Chatham County,1813.1151395848744
13150,139,Oxnard,city,CA,CA,"Oxnard-Thousand Oaks-Ventura, CA",Ventura County,2998.555555555555
26967,140,Santa Rosa,city,CA,CA,"Santa Rosa-Petaluma, CA",Sonoma County,2611.519846
12014,141,Huntsville,city,AL,AL,"Huntsville, AL",Madison County,1338.5091000154107
30141,142,Akron,city,OH,OH,"Akron, OH",Summit County,1141.2395299145298
21320,143,Wilmington,city,NC,NC,"Wilmington, NC",New Hanover County,1666.9075366988902
51167,144,Brownsville,city,TX,TX,"Brownsville-Harlingen, TX",Cameron County,1546.8714285714286
34937,145,Yonkers,city,NY,NY,"New York-Newark-Jersey City, NY-NJ-PA",Westchester County,2748.7314009661836
38438,146,Eugene,city,OR,OR,"Eugene-Springfield, OR",Lane County,1923.515318032653
24225,147,Corona,city,CA,CA,"Riverside-San Bernardino-Ontario, CA",Riverside County,2735.851872328662
31184,148,Dayton,city,OH,OH,"Dayton-Kettering, OH",Montgomery County,1193.2900709219857
7353,149,Syracuse,city,NY,NY,"Syracuse, NY",Onondaga County,1570.052307692308
32931,150,Montgomery,city,AL,AL,"Montgomery, AL",Montgomery County,1284.9573604901473
10071,151,Alexandria,city,VA,VA,"Washington-Arlington-Alexandria, DC-VA-MD-WV",Fairfax County,2269.083053164608
6285,152,Oceanside,city,CA,CA,"San Diego-Chula Vista-Carlsbad, CA",San Diego County,2994.1209401709402
41279,153,Trenton,city,NJ,NJ,"Trenton-Princeton, NJ",Mercer County,2142.0882352941176
25981,154,Moreno Valley,city,CA,CA,"Riverside-San Bernardino-Ontario, CA",Riverside County,2407.0478680276133
40897,155,Shreveport,city,LA,LA,"Shreveport-Bossier City, LA",Caddo Parish,1186.6475160456782
14667,156,Wilmington,city,DE,DE,"Philadelphia-Camden-Wilmington, PA-NJ-DE-MD",New Castle County,1766.3491341991341
19523,157,Murfreesboro,city,TN,TN,"Nashville-Davidson--Murfreesboro--Franklin, TN",Rutherford County,1746.0377541998232
7858,158,West Palm Beach,city,FL,FL,"Miami-Fort Lauderdale-Pompano Beach, FL",Palm Beach County,2294.0469653211912
14724,159,Worcester,city,MA,MA,"Worcester, MA-CT",Worcester County,2161.4874031007753
4764,160,Fort Collins,city,CO,CO,"Fort Collins, CO",Larimer County,1954.3128911828153
6909,161,Salt Lake City,city,UT,UT,"Salt Lake City, UT",Salt Lake County,1663.029662929663
30381,162,Beaverton,city,OR,OR,"Portland-Vancouver-Hillsboro, OR-WA",Washington County,1913.1647150663546
54288,163,Salinas,city,CA,CA,"Salinas, CA",Monterey County,2422.1018518518517
18208,164,Frisco,city,TX,TX,"Dallas-Fort Worth-Arlington, TX",Collin County,1771.2228959494307
32783,165,McKinney,city,TX,TX,"Dallas-Fort Worth-Arlington, TX",Collin County,1832.9754065715235
7087,166,Sioux Falls,city,SD,SD,"Sioux Falls, SD",Minnehaha County,1201.5235218118253
45457,167,Glendale,city,CA,CA,"Los Angeles-Long Beach-Anaheim, CA",Los Angeles County,2855.903294519688
6696,168,Reading,city,PA,PA,"Reading, PA",Berks County,1352.957671957672
5534,169,Lancaster,city,CA,CA,"Los Angeles-Long Beach-Anaheim, CA",Los Angeles County,2676.0571802054155
25218,170,Huntington Beach,city,CA,CA,"Los Angeles-Long Beach-Anaheim, CA",Orange County,3306.7812438106557
30742,171,Cape Coral,city,FL,FL,"Cape Coral-Fort Myers, FL",Lee County,2187.6265409117236
25482,172,Lake Worth Beach,city,FL,FL,"Miami-Fort Lauderdale-Pompano Beach, FL",Palm Beach County,2437.6738744989207
18518,173,Hayward,city,CA,CA,"San Francisco-Oakland-Berkeley, CA",Alameda County,2605.675277777778
20317,174,Salem,city,OR,OR,"Salem, OR",Marion County,1700.499769995975
10843,175,Clarksville,city,TN,TN,"Clarksville, TN-KY",Montgomery County,1392.2310477226358
31821,176,Grand Prairie,city,TX,TX,"Dallas-Fort Worth-Arlington, TX",Dallas County,1669.1459508145363
4054,177,Charleston,city,SC,SC,"Charleston-North Charleston, SC",Charleston County,2228.891353446335
10215,178,Aurora,city,IL,IL,"Chicago-Naperville-Elgin, IL-IN-WI",Kane County,2229.014854426619
40298,179,Peoria,city,AZ,AZ,"Phoenix-Mesa-Chandler, AZ",Maricopa County,1929.9196496428028
38119,180,Cypress,city,TX,TX,"Houston-The Woodlands-Sugar Land, TX",Harris County,2000.2491645630482
26637,181,Providence,city,RI,RI,"Providence-Warwick, RI-MA",Providence County,2175.156961774609
14634,182,Whittier,city,CA,CA,"Los Angeles-Long Beach-Anaheim, CA",Los Angeles County,2675.3340455840457
40202,183,Overland Park,city,KS,KS,"Kansas City, MO-KS",Johnson County,1705.6538548201024
182023,184,Henrico,city,VA,VA,"Richmond, VA",Henrico County,1738.8700365762743
40227,185,Palmdale,city,CA,CA,"Los Angeles-Long Beach-Anaheim, CA",Los Angeles County,2884.918335053319
11529,186,Fredericksburg,city,VA,VA,"Washington-Arlington-Alexandria, DC-VA-MD-WV",Stafford County,2000.1611546685672
37837,187,Chattanooga,city,TN,TN,"Chattanooga, TN-GA",Hamilton County,1506.4661363506766
5201,188,Homestead,city,FL,FL,"Miami-Fort Lauderdale-Pompano Beach, FL",Miami-Dade County,2569.9212947163255
44821,189,Cumming,city,GA,GA,"Atlanta-Sandy Springs-Alpharetta, GA",Forsyth County,2205.751760163525
31606,190,Fort Lauderdale,city,FL,FL,"Miami-Fort Lauderdale-Pompano Beach, FL",Broward County,2718.397448133482
17950,191,Elk Grove,city,CA,CA,"Sacramento-Roseville-Folsom, CA",Sacramento County,2640.6613360323886
47426,192,Rockford,city,IL,IL,"Rockford, IL",Winnebago County,1185.3143274853803
17539,193,Columbus,city,GA,GA,"Columbus, GA-AL",Muscogee County,1205.151533076999
31471,194,Evansville,city,IN,IN,"Evansville, IN-KY",Vanderburgh County,972.1748917748919
11335,195,Erie,city,PA,PA,"Erie, PA",Erie County,1141.7857142857144
38328,196,Edmond,city,OK,OK,"Oklahoma City, OK",Oklahoma County,1674.935774721119
41815,197,York,city,PA,PA,"York-Hanover, PA",York County,1260.2684848484848
13108,198,Ontario,city,CA,CA,"Riverside-San Bernardino-Ontario, CA",San Bernardino County,2530.519657
5424,199,Killeen,city,TX,TX,"Killeen-Temple, TX",Bell County,1297.820975350969
16726,200,Allentown,city,PA,PA,"Allentown-Bethlehem-Easton, PA-NJ",Lehigh County,1717.3566239316242
47958,201,Tempe,city,AZ,AZ,"Phoenix-Mesa-Chandler, AZ",Maricopa County,1745.9423456358381
24832,202,Garden Grove,city,CA,CA,"Los Angeles-Long Beach-Anaheim, CA",Orange County,2662.973124914301
836082,203,Lancaster,city,PA,PA,"Lancaster, PA",Lancaster County,1468.4378787878788
11337,204,Escondido,city,CA,CA,"San Diego-Chula Vista-Carlsbad, CA",San Diego County,2733.9549425287355
38333,205,El Cajon,city,CA,CA,"San Diego-Chula Vista-Carlsbad, CA",San Diego County,2523.2064544650752
40492,206,Rancho Cucamonga,city,CA,CA,"Riverside-San Bernardino-Ontario, CA",San Bernardino County,2824.1623713334884
26857,207,Round Rock,city,TX,TX,"Austin-Round Rock-Georgetown, TX",Williamson County,1676.4683367479977
26140,208,Newport News,city,VA,VA,"Virginia Beach-Norfolk-Newport News, VA-NC",Newport News City,1469.4797252234227
44734,209,Conroe,city,TX,TX,"Houston-The Woodlands-Sugar Land, TX",Montgomery County,1556.0950299086644
30559,210,Boynton Beach,city,FL,FL,"Miami-Fort Lauderdale-Pompano Beach, FL",Palm Beach County,2385.5757575757575
11817,211,Harrisburg,city,PA,PA,"Harrisburg-Carlisle, PA",Dauphin County,1343.3856619570906
6792,212,Roanoke,city,VA,VA,"Roanoke, VA",Roanoke County,1442.9944444444445
8097,213,Ann Arbor,city,MI,MI,"Ann Arbor, MI",Washtenaw County,2521.790640539901
4626,215,Everett,city,WA,WA,"Seattle-Tacoma-Bellevue, WA",Snohomish County,1965.3140534808952
41114,216,Sugar Land,city,TX,TX,"Houston-The Woodlands-Sugar Land, TX",Fort Bend County,2001.1536164736165
39931,217,Naperville,city,IL,IL,"Chicago-Naperville-Elgin, IL-IN-WI",DuPage County,2077.1847670250895
4655,218,Fairfax,city,VA,VA,"Washington-Arlington-Alexandria, DC-VA-MD-WV",Fairfax County,2432.1470936470937
19892,219,Pembroke Pines,city,FL,FL,"Miami-Fort Lauderdale-Pompano Beach, FL",Broward County,2652.3558743169397
10210,220,Augusta,city,GA,GA,"Augusta-Richmond County, GA-SC",Richmond County,1296.5779806175344
4521,221,Edinburg,city,TX,TX,"McAllen-Edinburg-Mission, TX",Hidalgo County,1048.3319088319088
41256,222,Topeka,city,KS,KS,"Topeka, KS",Shawnee County,1184.5982456140352
5519,223,Lakewood,city,CO,CO,"Denver-Aurora-Lakewood, CO",Jefferson County,1827.0618307618306
19360,224,Midland,city,TX,TX,"Midland, TX",Midland County,1607.1305625462983
47250,225,Pueblo,city,CO,CO,"Pueblo, CO",Pueblo County,1386.4638888888887
21114,226,Visalia,city,CA,CA,"Visalia, CA",Tulare County,1944.2481481481482
6286,227,Odessa,city,TX,TX,"Odessa, TX",Ector County,1601.8265432098763
51297,228,Cary,city,NC,NC,"Raleigh-Cary, NC",Wake County,1707.5892343604107
40779,229,Schenectady,city,NY,NY,"Albany-Schenectady-Troy, NY",Schenectady County,1423.8095238095239
39312,230,Lafayette,city,LA,LA,"Lafayette, LA",Lafayette Parish,1291.441926129426
19873,231,Paterson,city,NJ,NJ,"New York-Newark-Jersey City, NY-NJ-PA",Passaic County,1894.2242424242424
41324,232,Tyler,city,TX,TX,"Tyler, TX",Smith County,1493.6752469135802
51447,233,Clearwater,city,FL,FL,"Tampa-St. Petersburg-Clearwater, FL",Pinellas County,2087.3888092152743
54626,234,Sunnyvale,city,CA,CA,"San Jose-Sunnyvale-Santa Clara, CA",Santa Clara County,3449.5954386354388
39191,235,Kansas City,city,KS,KS,"Kansas City, MO-KS",Wyandotte County,1317.6870845204178
7221,236,Springfield,city,MA,MA,"Springfield, MA",Hampden County,1741.7238095238097
398300,237,Lansing,city,MI,MI,"Lansing-East Lansing, MI",Ingham County,1193.6178614511948
25514,238,Las Cruces,city,NM,NM,"Las Cruces, NM",Dona Ana County,1347.0285431446955
32626,239,Macon,city,GA,GA,"Macon-Bibb County, GA",Bibb County,1244.5419329774168
32060,240,Hollywood,city,FL,FL,"Miami-Fort Lauderdale-Pompano Beach, FL",Broward County,2362.4665359567052
32179,241,Jackson,city,MS,MS,"Jackson, MS",Hinds County,1157.2268842268843
10918,242,Columbia,city,MO,MO,"Columbia, MO",Boone County,1328.0466872982595
20008,243,Pomona,city,CA,CA,"Los Angeles-Long Beach-Anaheim, CA",Los Angeles County,2449.665501165501
13594,244,Roseville,city,CA,CA,"Sacramento-Roseville-Folsom, CA",Placer County,2526.3196296296296
20555,245,South Bend,city,IN,IN,"South Bend-Mishawaka, IN-MI",Saint Joseph County,1351.9333333333334
37074,246,Albany,city,NY,NY,"Albany-Schenectady-Troy, NY",Albany County,1640.249190110827
12694,247,Mesquite,city,TX,TX,"Dallas-Fort Worth-Arlington, TX",Dallas County,1804.9789562289561
3619,248,Bellevue,city,WA,WA,"Seattle-Tacoma-Bellevue, WA",King County,2750.151424901605
13480,249,Renton,city,WA,WA,"Seattle-Tacoma-Bellevue, WA",King County,2249.8071920660154
19865,250,Pasadena,city,TX,TX,"Houston-The Woodlands-Sugar Land, TX",Harris County,1530.6878306878307
7330,251,Surprise,city,AZ,AZ,"Phoenix-Mesa-Chandler, AZ",Maricopa County,2004.0119815668204
4351,252,Denton,city,TX,TX,"Dallas-Fort Worth-Arlington, TX",Denton County,1685.2362596213854
47019,253,Pasadena,city,CA,CA,"Los Angeles-Long Beach-Anaheim, CA",Los Angeles County,3008.153388
6183,254,Newark,city,DE,DE,"Philadelphia-Camden-Wilmington, PA-NJ-DE-MD",New Castle County,2218.1089466089466
47570,255,Santa Maria,city,CA,CA,"Santa Maria-Santa Barbara, CA",Santa Barbara County,2650.1007326007325
47379,256,Richmond,city,TX,TX,"Houston-The Woodlands-Sugar Land, TX",Fort Bend County,1813.4339213418161
20793,257,Thornton,city,CO,CO,"Denver-Aurora-Lakewood, CO",Adams County,1976.286618156618
54722,258,Torrance,city,CA,CA,"Los Angeles-Long Beach-Anaheim, CA",Los Angeles County,2994.2560386473433
27683,259,Victorville,city,CA,CA,"Riverside-San Bernardino-Ontario, CA",San Bernardino County,2203.838247863248
5399,260,Kent,city,WA,WA,"Seattle-Tacoma-Bellevue, WA",King County,2002.5086084617267
35282,261,Beaumont,city,TX,TX,"Beaumont-Port Arthur, TX",Jefferson County,1255.8356209150327
27317,262,Summerville,city,SC,SC,"Charleston-North Charleston, SC",Dorchester County,1856.1282656102032
3806,263,Bridgeport,city,CT,CT,"Bridgeport-Stamford-Norwalk, CT",Fairfield County,2046.047633194692
25818,264,McAllen,city,TX,TX,"McAllen-Edinburg-Mission, TX",Hidalgo County,1466.7575757575758
19172,265,Manassas,city,VA,VA,"Washington-Arlington-Alexandria, DC-VA-MD-WV",Prince William County,2043.6816666666666
28065,266,Yuma,city,AZ,AZ,"Yuma, AZ",Yuma County,1464.4044274159216
44506,268,Cedar Rapids,city,IA,IA,"Cedar Rapids, IA",Linn County,1232.4642857142856
24812,269,Fullerton,city,CA,CA,"Los Angeles-Long Beach-Anaheim, CA",Orange County,2798.110153256705
33230,270,Olathe,city,KS,KS,"Kansas City, MO-KS",Johnson County,1808.536059351277
51260,271,Canton,city,OH,OH,"Canton-Massillon, OH",Stark County,1087.5046620046621
46666,272,Myrtle Beach,city,SC,SC,"Myrtle Beach-Conway-North Myrtle Beach, SC-NC",Horry County,1870.617596319724
4810,273,Frederick,city,MD,MD,"Washington-Arlington-Alexandria, DC-VA-MD-WV",Frederick County,1993.7612391193034
21159,274,Warren,city,MI,MI,"Detroit-Warren-Dearborn, MI",Macomb County,1349.6204710144928
26900,275,Saint Augustine,city,FL,FL,"Jacksonville, FL",Saint Johns County,2349.7213321751997
37427,276,Billings,city,MT,MT,"Billings, MT",Yellowstone County,1391.4673684210527
23394,277,Abilene,city,TX,TX,"Abilene, TX",Taylor County,1333.3838533114395
48443,278,West Valley City,city,UT,UT,"Salt Lake City, UT",Salt Lake County,1669.7170008354221
33252,279,Orange,city,CA,CA,"Los Angeles-Long Beach-Anaheim, CA",Orange County,3202.2138965201466
5914,280,Metairie,city,LA,LA,"New Orleans-Metairie, LA",Jefferson Parish,1595.6700336700335
44879,281,Decatur,city,GA,GA,"Atlanta-Sandy Springs-Alpharetta, GA",Dekalb County,1844.411246867168
13234,282,Pearland,city,TX,TX,"Houston-The Woodlands-Sugar Land, TX",Brazoria County,1995.9195790618205
397180,283,Kalamazoo,city,MI,MI,"Kalamazoo-Portage, MI",Kalamazoo County,1267.4954142947502
24174,284,Compton,city,CA,CA,"Los Angeles-Long Beach-Anaheim, CA",Los Angeles County,2379.1666666666665
46101,285,Lake Charles,city,LA,LA,"Lake Charles, LA",Calcasieu Parish,986.3997357219231
5052,286,Hampton,city,VA,VA,"Virginia Beach-Norfolk-Newport News, VA-NC",Hampton City,1558.4902777777777
39815,287,Miramar,city,FL,FL,"Miami-Fort Lauderdale-Pompano Beach, FL",Broward County,2739.6449884863505
17551,288,Concord,city,NC,NC,"Charlotte-Concord-Gastonia, NC-SC",Cabarrus County,1844.1275839793282
27239,289,Stamford,city,CT,CT,"Bridgeport-Stamford-Norwalk, CT",Fairfield County,2932.4274649170766
11865,290,Hemet,city,CA,CA,"Riverside-San Bernardino-Ontario, CA",Riverside County,1995.2459150326797
17321,291,Carrollton,city,TX,TX,"Dallas-Fort Worth-Arlington, TX",Dallas County,1742.4526455026455
17571,292,Coral Springs,city,FL,FL,"Miami-Fort Lauderdale-Pompano Beach, FL",Broward County,2311.7244323182535
47847,293,Sterling Heights,city,MI,MI,"Detroit-Warren-Dearborn, MI",Macomb County,1710.6904761904761
6103,294,Murrieta,city,CA,CA,"Riverside-San Bernardino-Ontario, CA",Riverside County,2572.2845761043436
31388,295,Elizabeth,city,NJ,NJ,"New York-Newark-Jersey City, NY-NJ-PA",Union County,2305.8560606060605
45888,296,Inglewood,city,CA,CA,"Los Angeles-Long Beach-Anaheim, CA",Los Angeles County,2512.287749287749
44655,297,Clovis,city,CA,CA,"Fresno, CA",Fresno County,2297.5211988304095
51518,298,Concord,city,CA,CA,"San Francisco-Oakland-Berkeley, CA",Contra Costa County,2588.8259099616857
19307,299,Melbourne,city,FL,FL,"Palm Bay-Melbourne-Titusville, FL",Brevard County,1955.3300053676865
11786,300,Hamilton,city,OH,OH,"Cincinnati, OH-KY-IN",Butler County,1292.562962962963
6155,302,New Haven,city,CT,CT,"New Haven-Milford, CT",New Haven County,2141.4455345607234
40760,303,Santa Fe,city,NM,NM,"Santa Fe, NM",Santa Fe County,2112.8062303193888
24822,304,Gainesville,city,GA,GA,"Gainesville, GA",Hall County,1711.5724242424242
30543,305,Boulder,city,CO,CO,"Boulder, CO",Boulder County,2556.085190286221
7453,306,Tracy,city,CA,CA,"Stockton, CA",San Joaquin County,2844.3538477050274
37596,307,Broken Arrow,city,OK,OK,"Tulsa, OK",Wagoner County,1675.5177808302808
50962,308,Bend,city,OR,OR,"Bend, OR",Deschutes County,2235.202296773518
17070,309,Bloomington,city,IN,IN,"Bloomington, IN",Monroe County,1455.1922605580694
37965,311,College Station,city,TX,TX,"College Station-Bryan, TX",Brazos County,1715.95924
6790,312,Riverview,city,FL,FL,"Tampa-St. Petersburg-Clearwater, FL",Hillsborough County,2182.117724867725
26791,313,Rochester,city,MN,MN,"Rochester, MN",Olmsted County,1654.5490301724137
6651,314,Puyallup,city,WA,WA,"Seattle-Tacoma-Bellevue, WA",Pierce County,2266.137725444743
398007,315,Flint,city,MI,MI,"Flint, MI",Genesee County,920.8354978354979
27110,316,Simi Valley,city,CA,CA,"Oxnard-Thousand Oaks-Ventura, CA",Ventura County,2964.1689814814818
18073,317,Fargo,city,ND,ND,"Fargo, ND-MN",Cass County,1096.3977072310406
13943,318,Sparks,city,NV,NV,"Reno, NV",Washoe County,1960.0171677559913
13713,319,Santa Clara,city,CA,CA,"San Jose-Sunnyvale-Santa Clara, CA",Santa Clara County,3363.835841207583
54263,320,Saginaw,city,MI,MI,"Saginaw, MI",Saginaw County,976.6111111
33024,321,Nampa,city,ID,ID,"Boise City, ID",Canyon County,1534.6709401709402
34520,322,Vallejo,city,CA,CA,"Vallejo, CA",Solano County,2191.144805194805
7386,323,Temecula,city,CA,CA,"Riverside-San Bernardino-Ontario, CA",Riverside County,2918.1787274655358
33136,324,Norman,city,OK,OK,"Oklahoma City, OK",Cleveland County,1378.4603673754618
34278,325,Thousand Oaks,city,CA,CA,"Oxnard-Thousand Oaks-Ventura, CA",Ventura County,3375.4057264957264
12038,326,Independence,city,MO,MO,"Kansas City, MO-KS",Jackson County,1285.3731151414079
46508,327,Meridian,city,ID,ID,"Boise City, ID",Ada County,2010.603007
32238,328,Joliet,city,IL,IL,"Chicago-Naperville-Elgin, IL-IN-WI",Will County,1812.388888888889
26751,329,Richmond,city,CA,CA,"San Francisco-Oakland-Berkeley, CA",Contra Costa County,2576.5282651072125
30840,330,Charlottesville,city,VA,VA,"Charlottesville, VA",Albemarle County,1952.686742
50950,331,Bellingham,city,WA,WA,"Bellingham, WA",Whatcom County,2098.192441327345
10181,332,Arvada,city,CO,CO,"Denver-Aurora-Lakewood, CO",Jefferson County,2089.855218855219
41084,333,Stone Mountain,city,GA,GA,"Atlanta-Sandy Springs-Alpharetta, GA",Dekalb County,1655.1972404297985
23534,334,Athens,city,GA,GA,"Athens-Clarke County, GA",Clarke County,1811.7557175528873
34781,335,Westminster,city,CO,CO,"Denver-Aurora-Lakewood, CO",Jefferson County,1851.8551046152509
41802,336,Yakima,city,WA,WA,"Yakima, WA",Yakima County,1241.823905723906
14208,337,Tuscaloosa,city,AL,AL,"Tuscaloosa, AL",Tuscaloosa County,1512.8817650186072
6172,338,New Port Richey,city,FL,FL,"Tampa-St. Petersburg-Clearwater, FL",Pasco County,1948.5203535353533
27219,339,Spring Hill,city,FL,FL,"Tampa-St. Petersburg-Clearwater, FL",Pasco County,2045.7943409247755
17943,340,Elgin,city,IL,IL,"Chicago-Naperville-Elgin, IL-IN-WI",Kane County,1867.239057239057
37863,341,Chico,city,CA,CA,"Chico, CA",Butte County,1720.4277777777777
7191,342,Spartanburg,city,SC,SC,"Spartanburg, SC",Spartanburg County,1306.1039707419015
17133,343,Bowling Green,city,KY,KY,"Bowling Green, KY",Warren County,1357.4246031746031
12317,344,Largo,city,FL,FL,"Tampa-St. Petersburg-Clearwater, FL",Pinellas County,1793.6688077802762
4679,345,Falls Church,city,VA,VA,"Washington-Arlington-Alexandria, DC-VA-MD-WV",Fairfax County,2579.6369521731226
54522,346,Springfield,city,IL,IL,"Springfield, IL",Sangamon County,1091.0648148148148
5071,347,Hartford,city,CT,CT,"Hartford-East Hartford-Middletown, CT",Hartford County,1568.5025695552013
34311,348,Toms River,city,NJ,NJ,"New York-Newark-Jersey City, NY-NJ-PA",Ocean County,3151.753968253968
39420,349,Lewisville,city,TX,TX,"Dallas-Fort Worth-Arlington, TX",Denton County,1637.7724789814285
7680,350,Vero Beach,city,FL,FL,"Sebastian-Vero Beach, FL",Indian River County,2257.2542235217675
16992,351,Berkeley,city,CA,CA,"San Francisco-Oakland-Berkeley, CA",Alameda County,3036.7115925945977
17008,352,Bethlehem,city,PA,PA,"Allentown-Bethlehem-Easton, PA-NJ",Northampton County,1923.926557239057
24967,353,Gresham,city,OR,OR,"Portland-Vancouver-Hillsboro, OR-WA",Multnomah County,1671.7246103569632
53787,354,Palm Bay,city,FL,FL,"Palm Bay-Melbourne-Titusville, FL",Brevard County,1881.005226685459
50779,355,Asheville,city,NC,NC,"Asheville, NC",Buncombe County,1888.5846078636775
17882,356,East Los Angeles,city,CA,CA,"Los Angeles-Long Beach-Anaheim, CA",Los Angeles County,2564.5833333333335
31209,357,Delray Beach,city,FL,FL,"Miami-Fort Lauderdale-Pompano Beach, FL",Palm Beach County,2705.818310230075
35593,358,Laurel,city,MD,MD,"Washington-Arlington-Alexandria, DC-VA-MD-WV",Prince Georges County,1835.994521466905
39966,359,New Braunfels,city,TX,TX,"San Antonio-New Braunfels, TX",Comal County,1660.0823061730896
3934,360,Cambridge,city,MA,MA,"Boston-Cambridge-Newton, MA-NH",Middlesex County,3508.577950617284
3975,361,Carlsbad,city,CA,CA,"San Diego-Chula Vista-Carlsbad, CA",San Diego County,3628.887040816327
45339,362,Franklin,city,TN,TN,"Nashville-Davidson--Murfreesboro--Franklin, TN",Williamson County,2021.8039392629878
13256,362,Perris,city,CA,CA,"Riverside-San Bernardino-Ontario, CA",Riverside County,2755.515873015873
41641,364,West Jordan,city,UT,UT,"Salt Lake City, UT",Salt Lake County,1658.6373626373625
41517,365,Vista,city,CA,CA,"San Diego-Chula Vista-Carlsbad, CA",San Diego County,2703.0870493358634
18053,366,Fairfield,city,CA,CA,"Vallejo, CA",Solano County,2554.4520609318993
11914,367,Hillsboro,city,OR,OR,"Portland-Vancouver-Hillsboro, OR-WA",Washington County,2001.263389459665
48293,368,Waco,city,TX,TX,"Waco, TX",McLennan County,1485.4631093544137
54121,369,Richardson,city,TX,TX,"Dallas-Fort Worth-Arlington, TX",Dallas County,1730.8373704309877
5595,370,Lehigh Acres,city,FL,FL,"Cape Coral-Fort Myers, FL",Lee County,2011.8006220506222
5772,371,Manchester,city,NH,NH,"Manchester-Nashua, NH",Hillsborough County,1960.2753036437246
25659,372,Lowell,city,MA,MA,"Boston-Cambridge-Newton, MA-NH",Middlesex County,2255.6591209205812
38032,373,Costa Mesa,city,CA,CA,"Los Angeles-Long Beach-Anaheim, CA",Orange County,3066.313850252745
13712,374,Santa Barbara,city,CA,CA,"Santa Maria-Santa Barbara, CA",Santa Barbara County,4277.595860566449
13554,375,Rock Hill,city,SC,SC,"Charlotte-Concord-Gastonia, NC-SC",York County,1482.7150000000001
34671,376,Waterbury,city,CT,CT,"New Haven-Milford, CT",New Haven County,1566.8148148148148
4406,377,Downey,city,CA,CA,"Los Angeles-Long Beach-Anaheim, CA",Los Angeles County,2417.112619406737
39386,378,League City,city,TX,TX,"Houston-The Woodlands-Sugar Land, TX",Galveston County,1919.2644755244755
47080,379,Pflugerville,city,TX,TX,"Austin-Round Rock-Georgetown, TX",Travis County,1709.307492
20071,380,Provo,city,UT,UT,"Provo-Orem, UT",Utah County,1394.3452380952378
34543,381,Ventura,city,CA,CA,"Oxnard-Thousand Oaks-Ventura, CA",Ventura County,2944.662742553455
32489,382,Lexington,city,SC,SC,"Columbia, SC",Lexington County,1682.291009
16818,383,Ashburn,city,VA,VA,"Washington-Arlington-Alexandria, DC-VA-MD-WV",Loudoun County,2617.0608891539123
16780,384,Antioch,city,CA,CA,"San Francisco-Oakland-Berkeley, CA",Contra Costa County,2731.5333333333333
47322,385,Redding,city,CA,CA,"Redding, CA",Shasta County,1602.1940320887688
32287,386,Kennesaw,city,GA,GA,"Atlanta-Sandy Springs-Alpharetta, GA",Cobb County,1852.0881064788218
51861,387,El Monte,city,CA,CA,"Los Angeles-Long Beach-Anaheim, CA",Los Angeles County,2668.4166666666665
6218,388,North Charleston,city,SC,SC,"Charleston-North Charleston, SC",Charleston County,1669.5167663675638
14542,389,West Covina,city,CA,CA,"Los Angeles-Long Beach-Anaheim, CA",Los Angeles County,2802.135185185185
26575,390,Pompano Beach,city,FL,FL,"Miami-Fort Lauderdale-Pompano Beach, FL",Broward County,2402.336668341785
13698,391,San Leandro,city,CA,CA,"San Francisco-Oakland-Berkeley, CA",Alameda County,2364.7516414141414
41446,392,Vacaville,city,CA,CA,"Vallejo, CA",Solano County,2523.4166666666665
11896,393,High Point,city,NC,NC,"Greensboro-High Point, NC",Guilford County,1586.7703174603175
40689,394,Saint Charles,city,MO,MO,"St. Louis, MO-IL",Saint Charles County,1473.1524083196498
27992,395,Winter Haven,city,FL,FL,"Lakeland-Winter Haven, FL",Polk County,1782.2506535947712
31819,396,Grand Junction,city,CO,CO,"Grand Junction, CO",Mesa County,1616.080179080179
39767,397,Miami Gardens,city,FL,FL,"Miami-Fort Lauderdale-Pompano Beach, FL",Miami-Dade County,2822.8698523698527
44515,398,Centennial,city,CO,CO,"Denver-Aurora-Lakewood, CO",Arapahoe County,2095.4489141059967
39134,399,Jacksonville,city,NC,NC,"Jacksonville, NC",Onslow County,1338.7023007856342
46500,400,Menifee,city,CA,CA,"Riverside-San Bernardino-Ontario, CA",Riverside County,2822.798245614035
45732,401,Hesperia,city,CA,CA,"Riverside-San Bernardino-Ontario, CA",San Bernardino County,2213.4150793650792
3761,402,Bothell,city,WA,WA,"Seattle-Tacoma-Bellevue, WA",Snohomish County,2467.6139455782313
13699,403,San Mateo,city,CA,CA,"San Francisco-Oakland-Berkeley, CA",San Mateo County,3482.0644880096775
11140,404,Douglasville,city,GA,GA,"Atlanta-Sandy Springs-Alpharetta, GA",Douglas County,1965.0574986751456
32777,405,McDonough,city,GA,GA,"Atlanta-Sandy Springs-Alpharetta, GA",Henry County,1972.046469497809
45548,406,Green Bay,city,WI,WI,"Green Bay, WI",Brown County,1084.6000000000001
32615,407,Lynnwood,city,WA,WA,"Seattle-Tacoma-Bellevue, WA",Snohomish County,2141.117772108844
27228,408,Springfield,city,VA,VA,"Washington-Arlington-Alexandria, DC-VA-MD-WV",Fairfax County,2955.3982683982686
24336,409,Dearborn,city,MI,MI,"Detroit-Warren-Dearborn, MI",Wayne County,1779.1031746031747
32629,410,Madera,city,CA,CA,"Madera, CA",Madera County,2266.190476190476
11726,411,Greenville,city,NC,NC,"Greenville, NC",Pitt County,1526.4986709197235
396054,412,Burbank,city,CA,CA,"Los Angeles-Long Beach-Anaheim, CA",Los Angeles County,2900.7163372859027
3568,413,Baytown,city,TX,TX,"Houston-The Woodlands-Sugar Land, TX",Harris County,1592.364367114367
11049,414,Davie,city,FL,FL,"Miami-Fort Lauderdale-Pompano Beach, FL",Broward County,2409.083484573503
16839,415,Auburn,city,WA,WA,"Seattle-Tacoma-Bellevue, WA",King County,2043.177156177156
11267,416,Edison,city,NJ,NJ,"New York-Newark-Jersey City, NY-NJ-PA",Middlesex County,2849.327441077441
41629,417,West Chester,city,PA,PA,"Philadelphia-Camden-Wilmington, PA-NJ-DE-MD",Chester County,2006.5133477633478
11695,418,Greeley,city,CO,CO,"Greeley, CO",Weld County,1571.5553353658536
19903,419,Peoria,city,IL,IL,"Peoria, IL",Peoria County,1105.5785256410256
25855,420,Merced,city,CA,CA,"Merced, CA",Merced County,1996.9723529411765
33714,421,Rockville,city,MD,MD,"Washington-Arlington-Alexandria, DC-VA-MD-WV",Montgomery County,2323.206768184314
32563,422,Longmont,city,CO,CO,"Boulder, CO",Boulder County,1951.166905786705
13709,423,Sandy Springs,city,GA,GA,"Atlanta-Sandy Springs-Alpharetta, GA",Fulton County,1740.2316217732885
53360,424,Missouri City,city,TX,TX,"Houston-The Woodlands-Sugar Land, TX",Fort Bend County,2111.3010531943332
45383,425,Gaithersburg,city,MD,MD,"Washington-Arlington-Alexandria, DC-VA-MD-WV",Montgomery County,2359.5120049422294
17386,426,Chapel Hill,city,NC,NC,"Durham-Chapel Hill, NC",Orange County,1795.4199153070122
48573,427,Woodstock,city,GA,GA,"Atlanta-Sandy Springs-Alpharetta, GA",Cherokee County,2081.293209013209
31163,428,Daly City,city,CA,CA,"San Francisco-Oakland-Berkeley, CA",San Mateo County,2596.1863636363637
781837,429,Jurupa Valley,city,CA,CA,"Riverside-San Bernardino-Ontario, CA",Riverside County,2586.952380952381
39097,430,Idaho Falls,city,ID,ID,"Idaho Falls, ID",Bonneville County,1231.1316721132896
40574,431,Rio Rancho,city,NM,NM,"Albuquerque, NM",Sandoval County,1905.3433823529413
50741,432,Apopka,city,FL,FL,"Orlando-Kissimmee-Sanford, FL",Orange County,2308.2302887018027
4301,433,Davenport,city,IA,IA,"Davenport-Moline-Rock Island, IA-IL",Scott County,877.6111111111112
39452,434,Lithonia,city,GA,GA,"Atlanta-Sandy Springs-Alpharetta, GA",Dekalb County,1763.040350877193
45911,435,Jackson,city,MI,MI,"Jackson, MI",Jackson County,1063.4027777777776
44328,436,Brockton,city,MA,MA,"Boston-Cambridge-Newton, MA-NH",Plymouth County,2280.3571428571427
27942,437,Wichita Falls,city,TX,TX,"Wichita Falls, TX",Clay County,1147.0416666666667
12438,438,Longview,city,TX,TX,"Longview, TX",Gregg County,1352.2407407407409
53636,439,Norwalk,city,CA,CA,"Los Angeles-Long Beach-Anaheim, CA",Los Angeles County,2782.9238095238093
26534,440,Plainfield,city,IL,IL,"Chicago-Naperville-Elgin, IL-IN-WI",Will County,2649.75
33334,441,Parker,city,CO,CO,"Denver-Aurora-Lakewood, CO",Douglas County,2231.0429292929293
33645,442,Rialto,city,CA,CA,"Riverside-San Bernardino-Ontario, CA",San Bernardino County,2804.911111111111
54219,443,Roswell,city,GA,GA,"Atlanta-Sandy Springs-Alpharetta, GA",Fulton County,1779.9351046698873
23862,444,Bryan,city,TX,TX,"College Station-Bryan, TX",Brazos County,1447.7012720600362
52839,445,Lafayette,city,IN,IN,"Lafayette-West Lafayette, IN",Tippecanoe County,1229.842485380117
53311,446,Midlothian,city,VA,VA,"Richmond, VA",Chesterfield County,1884.373015873016
45417,447,Georgetown,city,TX,TX,"Austin-Round Rock-Georgetown, TX",Williamson County,1740.9201503349368
45255,448,Federal Way,city,WA,WA,"Seattle-Tacoma-Bellevue, WA",King County,1986.8073676645106
3404,449,Anderson,city,SC,SC,"Greenville-Anderson, SC",Anderson County,1227.7440476190477
45127,450,Elkhart,city,IN,IN,"Elkhart-Goshen, IN",Elkhart County,1215
37933,451,Clinton Township,city,MI,MI,"Detroit-Warren-Dearborn, MI",Macomb County,1263.5947712418301
32452,452,Lawrence,city,KS,KS,"Lawrence, KS",Douglas County,1420.4533633408353
31543,453,Fayetteville,city,AR,AR,"Fayetteville-Springdale-Rogers, AR",Washington County,1595.8992063492062
52179,454,Gastonia,city,NC,NC,"Charlotte-Concord-Gastonia, NC-SC",Gaston County,1522.6005533596835
54089,455,Redmond,city,WA,WA,"Seattle-Tacoma-Bellevue, WA",King County,2455.7757992982138
34103,456,Springfield,city,OH,OH,"Springfield, OH",Clark County,1034.4444444444446
23444,457,Allen,city,TX,TX,"Dallas-Fort Worth-Arlington, TX",Collin County,1829.3221983990852
10917,458,Columbia,city,MD,MD,"Baltimore-Columbia-Towson, MD",Howard County,2203.7278582930758
52747,459,Kennewick,city,WA,WA,"Kennewick-Richland, WA",Benton County,1517.910519763461
16425,460,Acworth,city,GA,GA,"Atlanta-Sandy Springs-Alpharetta, GA",Cobb County,2061.158325965223
46183,461,Lawton,city,OK,OK,"Lawton, OK",Comanche County,1097.9353178524373
4042,462,Champaign,city,IL,IL,"Champaign-Urbana, IL",Champaign County,1322.9674962292609
17472,463,Clermont,city,FL,FL,"Orlando-Kissimmee-Sanford, FL",Lake County,2244.5405906354185
46348,464,Lynchburg,city,VA,VA,"Lynchburg, VA",Campbell County,1333.8792569659443
6932,465,Sandy,city,UT,UT,"Salt Lake City, UT",Salt Lake County,1759.6949891067536
20128,466,Redwood City,city,CA,CA,"San Francisco-Oakland-Berkeley, CA",San Mateo County,3627.458720930232
38529,467,Fishers,city,IN,IN,"Indianapolis-Carmel-Anderson, IN",Hamilton County,1961.6303712178997
17309,468,Carmel,city,IN,IN,"Indianapolis-Carmel-Anderson, IN",Hamilton County,1859.336495888678
5891,469,Medford,city,OR,OR,"Medford, OR",Jackson County,1652.5738636363637
32540,470,Livermore,city,CA,CA,"San Francisco-Oakland-Berkeley, CA",Alameda County,2997.299122807018
37736,471,Canton,city,GA,GA,"Atlanta-Sandy Springs-Alpharetta, GA",Cherokee County,2271.839285714286
34308,472,Tomball,city,TX,TX,"Houston-The Woodlands-Sugar Land, TX",Harris County,1958.0817413263067
31612,473,Fort Mill,city,SC,SC,"Charlotte-Concord-Gastonia, NC-SC",York County,1755.688355504145
39398,474,Lees Summit,city,MO,MO,"Kansas City, MO-KS",Jackson County,1697.6934109699534
39558,475,Lynn,city,MA,MA,"Boston-Cambridge-Newton, MA-NH",Essex County,2402.8444444444444
10700,476,Canton,city,MI,MI,"Detroit-Warren-Dearborn, MI",Wayne County,1857.0812742812743
13715,477,Santa Cruz,city,CA,CA,"Santa Cruz-Watsonville, CA",Santa Cruz County,3618.024637681159
53978,478,Portsmouth,city,VA,VA,"Virginia Beach-Norfolk-Newport News, VA-NC",Portsmouth City,1505.4780701754387
39220,479,Kenosha,city,WI,WI,"Chicago-Naperville-Elgin, IL-IN-WI",Kenosha County,1625.869463869464
20398,480,Scranton,city,PA,PA,"Scranton--Wilkes-Barre, PA",Lackawanna County,1381.2384259259259
33058,481,New Bedford,city,MA,MA,"Providence-Warwick, RI-MA",Bristol County,1748.9603174603174
38047,482,Covington,city,GA,GA,"Atlanta-Sandy Springs-Alpharetta, GA",Newton County,1848.0960342339652
20903,483,Upper Marlboro,city,MD,MD,"Washington-Arlington-Alexandria, DC-VA-MD-WV",Prince Georges County,2264.7491096866097
30552,484,Bowie,city,MD,MD,"Washington-Arlington-Alexandria, DC-VA-MD-WV",Prince Georges County,2343.544017763845
40737,485,San Marcos,city,CA,CA,"San Diego-Chula Vista-Carlsbad, CA",San Diego County,3140.6634628287707
6112,486,Napa,city,CA,CA,"Napa, CA",Napa County,3001.89537
41715,487,Williamsburg,city,VA,VA,"Virginia Beach-Norfolk-Newport News, VA-NC",James City County,2015.7788220551377
16773,488,Annapolis,city,MD,MD,"Baltimore-Columbia-Towson, MD",Anne Arundel County,2335.8585467843927
38992,489,Highlands Ranch,city,CO,CO,"Denver-Aurora-Lakewood, CO",Douglas County,2541.564323064323
54294,490,San Angelo,city,TX,TX,"San Angelo, TX",Tom Green County,1341.899766899767
41059,491,Sterling,city,VA,VA,"Washington-Arlington-Alexandria, DC-VA-MD-WV",Loudoun County,2470.067112225007
40355,492,Pittsburg,city,CA,CA,"San Francisco-Oakland-Berkeley, CA",Contra Costa County,2597.4781297134236
44583,493,Chino,city,CA,CA,"Riverside-San Bernardino-Ontario, CA",San Bernardino County,3122.9826936348677
52696,494,Johnson City,city,TN,TN,"Johnson City, TN",Washington County,1554.8568376068379
12773,495,Mission Viejo,city,CA,CA,"Los Angeles-Long Beach-Anaheim, CA",Orange County,2982.930247
53359,496,Missoula,city,MT,MT,"Missoula, MT",Missoula County,1446.4948717948719
53569,497,Newnan,city,GA,GA,"Atlanta-Sandy Springs-Alpharetta, GA",Coweta County,1779.7596603938066
54628,498,Sunrise,city,FL,FL,"Miami-Fort Lauderdale-Pompano Beach, FL",Broward County,2551.2405822935234
42150,499,Hawthorne,city,CA,CA,"Los Angeles-Long Beach-Anaheim, CA",Los Angeles County,2186.030753353973
26319,500,Orem,city,UT,UT,"Provo-Orem, UT",Utah County,1476.664935064935
13444,501,Rapid City,city,SD,SD,"Rapid City, SD",Pennington County,1258.1597222222224
17453,502,Spokane Valley,city,WA,WA,"Spokane-Spokane Valley, WA",Spokane County,1588.131115591398
32542,503,Livonia,city,MI,MI,"Detroit-Warren-Dearborn, MI",Wayne County,1933.3333333333333
39071,504,Humble,city,TX,TX,"Houston-The Woodlands-Sugar Land, TX",Harris County,1732.318236714976
46325,505,Loveland,city,CO,CO,"Fort Collins, CO",Larimer County,2003.3921753065777
44641,506,Cleveland,city,TN,TN,"Cleveland, TN",Bradley County,1448.497619047619
45878,507,Indio,city,CA,CA,"Riverside-San Bernardino-Ontario, CA",Riverside County,2765.762626262627
40919,508,Simpsonville,city,SC,SC,"Greenville-Anderson, SC",Greenville County,1837.1311229946525
44571,509,Cheyenne,city,WY,WY,"Cheyenne, WY",Laramie County,1333.5800865800866
54902,510,Valdosta,city,GA,GA,"Valdosta, GA",Lowndes County,1418.4701797385621
33801,511,Saint George,city,UT,UT,"St. George, UT",Washington County,1862.7152777777776
47762,512,South Gate,city,CA,CA,"Los Angeles-Long Beach-Anaheim, CA",Los Angeles County,2008.3333333333333
31892,513,Gulfport,city,MS,MS,"Gulfport-Biloxi, MS",Harrison County,1393.4755244755245
31567,514,Flagstaff,city,AZ,AZ,"Flagstaff, AZ",Coconino County,2305.177217553688
46863,515,Ogden,city,UT,UT,"Ogden-Clearfield, UT",Weber County,1373.872604588394
16785,516,Apex,city,NC,NC,"Raleigh-Cary, NC",Wake County,1984.250707070707
33450,517,Plantation,city,FL,FL,"Miami-Fort Lauderdale-Pompano Beach, FL",Broward County,2544.0078116413083
41109,518,Suffolk,city,VA,VA,"Virginia Beach-Norfolk-Newport News, VA-NC",Suffolk City,1807.3545454545454
38583,519,Fort Smith,city,AR,AR,"Fort Smith, AR-OK",Sebastian County,1072.9857397504456
20776,520,Terre Haute,city,IN,IN,"Terre Haute, IN",Vigo County,919.0639730639731
13366,522,Port Charlotte,city,FL,FL,"Punta Gorda, FL",Charlotte County,1879.3272517180565
26964,523,Santa Monica,city,CA,CA,"Los Angeles-Long Beach-Anaheim, CA",Los Angeles County,3624.742089201878
18329,524,Goodyear,city,AZ,AZ,"Phoenix-Mesa-Chandler, AZ",Maricopa County,1979.719503546099
5470,525,Lacey,city,WA,WA,"Olympia-Lacey-Tumwater, WA",Thurston County,2162.3952048768224
24307,526,Dallas,city,GA,GA,"Atlanta-Sandy Springs-Alpharetta, GA",Paulding County,2070.4589293316308
17040,527,Bismarck,city,ND,ND,"Bismarck, ND",Burleigh County,1321.8472222222224
38581,528,Fort Pierce,city,FL,FL,"Port St. Lucie, FL",Saint Lucie County,1982.9044117647056
53148,529,Manteca,city,CA,CA,"Stockton, CA",San Joaquin County,2530.3076923076924
45291,530,Florence,city,SC,SC,"Florence, SC",Florence County,1574.2407407407409
45449,531,Glen Burnie,city,MD,MD,"Baltimore-Columbia-Towson, MD",Anne Arundel County,1635.3620689655172
31525,532,Fall River,city,MA,MA,"Providence-Warwick, RI-MA",Bristol County,1805.3442684766214
32921,533,Monroe,city,LA,LA,"Monroe, LA",Ouachita Parish,1102.7380952380952
31580,534,Florissant,city,MO,MO,"St. Louis, MO-IL",Saint Louis County,1553.724528713087
26366,535,Palm Coast,city,FL,FL,"Deltona-Daytona Beach-Ormond Beach, FL",Flagler County,2045.462535398967
16701,536,Albany,city,GA,GA,"Albany, GA",Dougherty County,859.5714285714286
53100,537,Macomb,city,MI,MI,"Detroit-Warren-Dearborn, MI",Macomb County,2080.111111111111
52333,538,Greenwood,city,IN,IN,"Indianapolis-Carmel-Anderson, IN",Johnson County,1676.623015873016
38968,539,Herndon,city,VA,VA,"Washington-Arlington-Alexandria, DC-VA-MD-WV",Fairfax County,2375.4571474983754
51758,540,Duluth,city,MN,MN,"Duluth, MN-WI",Saint Louis County,1582.1845148315736
34780,541,Westminster,city,CA,CA,"Los Angeles-Long Beach-Anaheim, CA",Orange County,2661.992424242424
51534,542,Conyers,city,GA,GA,"Atlanta-Sandy Springs-Alpharetta, GA",Rockdale County,1761.7382887503618
737787,543,San Tan Valley,city,AZ,AZ,"Phoenix-Mesa-Chandler, AZ",Pinal County,2038.1065040650403
33031,544,Nashua,city,NH,NH,"Manchester-Nashua, NH",Hillsborough County,2166.619949494949
30236,545,Appleton,city,WI,WI,"Appleton, WI",Outagamie County,1170.137037037037
32471,546,Leesburg,city,VA,VA,"Washington-Arlington-Alexandria, DC-VA-MD-WV",Loudoun County,2179.515277777778
24359,547,Deltona,city,FL,FL,"Deltona-Daytona Beach-Ormond Beach, FL",Volusia County,2005.9201238390094
52417,548,Harlingen,city,TX,TX,"Brownsville-Harlingen, TX",Cameron County,1203.1944444444443
31403,549,Ellicott City,city,MD,MD,"Baltimore-Columbia-Towson, MD",Howard County,2290.898656898657
24965,550,Greer,city,SC,SC,"Greenville-Anderson, SC",Greenville County,1665.157142857143
12886,551,Muncie,city,IN,IN,"Muncie, IN",Delaware County,1044.1407407407407
41587,552,Waukegan,city,IL,IL,"Chicago-Naperville-Elgin, IL-IN-WI",Lake County,1657.8030303030303
10451,553,Bloomington,city,MN,MN,"Minneapolis-St. Paul-Bloomington, MN-WI",Hennepin County,1667.3098995695839
51757,554,Duluth,city,GA,GA,"Atlanta-Sandy Springs-Alpharetta, GA",Gwinnett County,1747.8608047690013
33865,555,Sanford,city,FL,FL,"Orlando-Kissimmee-Sanford, FL",Seminole County,1852.319894340715
53415,556,Morgantown,city,WV,WV,"Morgantown, WV",Monongalia County,1229.6042647058823
12864,557,Mount Pleasant,city,SC,SC,"Charleston-North Charleston, SC",Charleston County,2466.2246013584686
24120,558,Clifton,city,NJ,NJ,"New York-Newark-Jersey City, NY-NJ-PA",Passaic County,2617.7678571428573
54529,559,Stafford,city,VA,VA,"Washington-Arlington-Alexandria, DC-VA-MD-WV",Stafford County,2184.6916666666666
40013,560,Newton,city,MA,MA,"Boston-Cambridge-Newton, MA-NH",Middlesex County,3184.1632210607822
27768,561,Warner Robins,city,GA,GA,"Warner Robins, GA",Houston County,1457.956759
14446,562,Waldorf,city,MD,MD,"Washington-Arlington-Alexandria, DC-VA-MD-WV",Charles County,2362.4259259259256
34637,563,Walnut Creek,city,CA,CA,"San Francisco-Oakland-Berkeley, CA",Contra Costa County,2788.8550194931777
4502,564,Easton,city,PA,PA,"Allentown-Bethlehem-Easton, PA-NJ",Northampton County,1842.886689291101
6665,565,Quincy,city,MA,MA,"Boston-Cambridge-Newton, MA-NH",Norfolk County,2548.6840873015876
13653,567,Saint Cloud,city,FL,FL,"Orlando-Kissimmee-Sanford, FL",Osceola County,2315.1296971706456
18765,568,Jonesboro,city,AR,AR,"Jonesboro, AR",Craighead County,1264.7549019607843
20337,569,San Ramon,city,CA,CA,"San Francisco-Oakland-Berkeley, CA",Contra Costa County,2996.1954347826086
51414,570,Citrus Heights,city,CA,CA,"Sacramento-Roseville-Folsom, CA",Sacramento County,1921.134248665141
46604,571,Mooresville,city,NC,NC,"Charlotte-Concord-Gastonia, NC-SC",Iredell County,1753.6675978303886
33287,572,Owensboro,city,KY,KY,"Owensboro, KY",Daviess County,1226.5555555555554
10528,573,Brandon,city,FL,FL,"Tampa-St. Petersburg-Clearwater, FL",Hillsborough County,1955.5339440920836
54944,574,Victoria,city,TX,TX,"Victoria, TX",Victoria County,1156.2380952380952
17394,575,Charleston,city,WV,WV,"Charleston, WV",Kanawha County,1049.375
7476,576,Troy,city,MI,MI,"Detroit-Warren-Dearborn, MI",Oakland County,1805.1440267335004
46179,577,Lawrence,city,MA,MA,"Boston-Cambridge-Newton, MA-NH",Essex County,2403.026455026455
54428,578,Sioux City,city,IA,IA,"Sioux City, IA-NE-SD",Woodbury County,1321.2777777777776
26222,579,Norwalk,city,CT,CT,"Bridgeport-Stamford-Norwalk, CT",Fairfield County,2671.2840909090905
839845,580,Poughkeepsie,city,NY,NY,"Poughkeepsie-Newburgh-Middletown, NY",Dutchess County,1962.3949579831933
5291,581,Iowa City,city,IA,IA,"Iowa City, IA",Johnson County,1244.5021367521367
3869,582,Buckeye,city,AZ,AZ,"Phoenix-Mesa-Chandler, AZ",Maricopa County,2074.619658119658
13059,583,O Fallon,city,MO,MO,"St. Louis, MO-IL",Saint Charles County,1896.3744588744587
23742,584,Bloomington,city,IL,IL,"Bloomington, IL",McLean County,1292.78373
31166,585,Danbury,city,CT,CT,"Bridgeport-Stamford-Norwalk, CT",Fairfield County,2607.722488038278
26679,586,Rancho Cordova,city,CA,CA,"Sacramento-Roseville-Folsom, CA",Sacramento County,2337.005175983437
31732,587,Germantown,city,MD,MD,"Washington-Arlington-Alexandria, DC-VA-MD-WV",Montgomery County,1981.8929824561403
53571,588,Newport Beach,city,CA,CA,"Los Angeles-Long Beach-Anaheim, CA",Orange County,4300.550155966334
19411,589,Mission,city,TX,TX,"McAllen-Edinburg-Mission, TX",Hidalgo County,1941.0416666666667
17191,590,Brooklyn Park,city,MN,MN,"Minneapolis-St. Paul-Bloomington, MN-WI",Hennepin County,1528.6944444444443
13213,591,Pasco,city,WA,WA,"Kennewick-Richland, WA",Franklin County,1857.142857142857
16733,592,Alpharetta,city,GA,GA,"Atlanta-Sandy Springs-Alpharetta, GA",Fulton County,2123.985691288537
7883,593,Westland,city,MI,MI,"Detroit-Warren-Dearborn, MI",Wayne County,1297.5081585081587
10226,594,Avondale,city,AZ,AZ,"Phoenix-Mesa-Chandler, AZ",Maricopa County,1773.3802292453456
44504,595,Cedar Park,city,TX,TX,"Austin-Round Rock-Georgetown, TX",Williamson County,1676.2915012190876
44597,596,Cicero,city,IL,IL,"Chicago-Naperville-Elgin, IL-IN-WI",Cook County,1197.0833333333333
12214,597,Kirkland,city,WA,WA,"Seattle-Tacoma-Bellevue, WA",King County,2646.891523564971
7217,598,Springdale,city,AR,AR,"Fayetteville-Springdale-Rogers, AR",Washington County,1528.8492063492065
51835,599,Eau Claire,city,WI,WI,"Eau Claire, WI",Eau Claire County,1068.5233516483515
25066,600,Hattiesburg,city,MS,MS,"Hattiesburg, MS",Forrest County,1345.3066059757236
34248,601,Temple,city,TX,TX,"Killeen-Temple, TX",Bell County,1505.308948319701
4329,602,Deerfield Beach,city,FL,FL,"Miami-Fort Lauderdale-Pompano Beach, FL",Broward County,2379.3541666666665
50742,603,Apple Valley,city,CA,CA,"Riverside-San Bernardino-Ontario, CA",San Bernardino County,1831.7045454545453
53304,604,Middletown,city,OH,OH,"Cincinnati, OH-KY-IN",Butler County,1233.6682946682947
41460,605,Valparaiso,city,IN,IN,"Chicago-Naperville-Elgin, IL-IN-WI",Porter County,1646.8333333333333
37303,606,Battle Creek,city,MI,MI,"Battle Creek, MI",Calhoun County,1134.6527777777778
10608,607,Buena Park,city,CA,CA,"Los Angeles-Long Beach-Anaheim, CA",Orange County,2887.9861111111113
20535,608,Snellville,city,GA,GA,"Atlanta-Sandy Springs-Alpharetta, GA",Gwinnett County,2116.9700149925034
11087,609,Denham Springs,city,LA,LA,"Baton Rouge, LA",Livingston Parish,1218.2666666666667
24339,610,Decatur,city,IL,IL,"Decatur, IL",Macon County,960.8333333333334
24245,611,Covina,city,CA,CA,"Los Angeles-Long Beach-Anaheim, CA",Los Angeles County,2840.7916666666665
7784,612,Watsonville,city,CA,CA,"Santa Cruz-Watsonville, CA",Santa Cruz County,3374.722222222222
51239,613,Camarillo,city,CA,CA,"Oxnard-Thousand Oaks-Ventura, CA",Ventura County,3073.730399230399
7101,614,Slidell,city,LA,LA,"New Orleans-Metairie, LA",Saint Tammany Parish,1534.941111111111
39133,615,Jackson,city,TN,TN,"Jackson, TN",Madison County,1444.8869463869462
45243,616,Farmington Hills,city,MI,MI,"Detroit-Warren-Dearborn, MI",Oakland County,1340.4155278272926
50764,617,Arlington Heights,city,IL,IL,"Chicago-Naperville-Elgin, IL-IN-WI",Cook County,1965.4112554112553
27136,618,Smyrna,city,GA,GA,"Atlanta-Sandy Springs-Alpharetta, GA",Cobb County,1723.1928961748636
38004,619,Conway,city,AR,AR,"Little Rock-North Little Rock-Conway, AR",Faulkner County,1369.6819964349377
55006,620,Wake Forest,city,NC,NC,"Raleigh-Cary, NC",Wake County,1840.8904347826085
32999,621,Mountain View,city,CA,CA,"San Jose-Sunnyvale-Santa Clara, CA",Santa Clara County,3865.3282828282827
17761,622,Des Plaines,city,IL,IL,"Chicago-Naperville-Elgin, IL-IN-WI",Cook County,2111.9388888888884
6365,623,Oviedo,city,FL,FL,"Orlando-Kissimmee-Sanford, FL",Seminole County,2139.0565897705487
50677,624,Alhambra,city,CA,CA,"Los Angeles-Long Beach-Anaheim, CA",Los Angeles County,2571.855648926237
18025,625,Evanston,city,IL,IL,"Chicago-Naperville-Elgin, IL-IN-WI",Cook County,2334.371763
31093,626,Cranston,city,RI,RI,"Providence-Warwick, RI-MA",Providence County,1890.8333333333333
14584,627,Westerville,city,OH,OH,"Columbus, OH",Franklin County,1576.885185185185
5924,628,Miami Beach,city,FL,FL,"Miami-Fort Lauderdale-Pompano Beach, FL",Miami-Dade County,3007.014892164892
46431,629,Maryville,city,TN,TN,"Knoxville, TN",Blount County,1992.3852813852816
25193,630,Houma,city,LA,LA,"Houma-Thibodaux, LA",Terrebonne Parish,1382.013888888889
27512,631,Upland,city,CA,CA,"Riverside-San Bernardino-Ontario, CA",San Bernardino County,2363.509173259947
21203,632,Wesley Chapel,city,FL,FL,"Tampa-St. Petersburg-Clearwater, FL",Pasco County,2390.720037110281
32311,633,Kingsport,city,TN,TN,"Kingsport-Bristol, TN-VA",Sullivan County,1397.361111111111
10723,635,Carson,city,CA,CA,"Los Angeles-Long Beach-Anaheim, CA",Los Angeles County,2776
33889,636,Schaumburg,city,IL,IL,"Chicago-Naperville-Elgin, IL-IN-WI",Cook County,2012.4484126984125
5621,637,Lexington,city,NC,NC,"Winston-Salem, NC",Davidson County,1667.9166666666667
12292,638,Lakewood,city,CA,CA,"Los Angeles-Long Beach-Anaheim, CA",Los Angeles County,2875.366666666667
20323,639,Salisbury,city,NC,NC,"Charlotte-Concord-Gastonia, NC-SC",Rowan County,1321.4880341880344
41128,640,Sumter,city,SC,SC,"Sumter, SC",Sumter County,1322.8093434343434
397383,641,Johns Creek,city,GA,GA,"Atlanta-Sandy Springs-Alpharetta, GA",Fulton County,2392.345324180015
53585,642,Noblesville,city,IN,IN,"Indianapolis-Carmel-Anderson, IN",Hamilton County,1917.9509971509972
54759,643,Turlock,city,CA,CA,"Modesto, CA",Stanislaus County,1749.8935185185185
25841,644,Mechanicsburg,city,PA,PA,"Harrisburg-Carlisle, PA",Cumberland County,1991.7579365079366
47082,645,Pharr,city,TX,TX,"McAllen-Edinburg-Mission, TX",Hidalgo County,1189.861111111111
27491,646,Tustin,city,CA,CA,"Los Angeles-Long Beach-Anaheim, CA",Orange County,3140.5915671971707
53812,647,Parma,city,OH,OH,"Cleveland-Elyria, OH",Cuyahoga County,1351.9964285714286
39798,648,Milpitas,city,CA,CA,"San Jose-Sunnyvale-Santa Clara, CA",Santa Clara County,3240.9236227824463
34940,649,Yuba City,city,CA,CA,"Yuba City, CA",Sutter County,2002.7083333333337
39483,650,Lodi,city,CA,CA,"Stockton, CA",San Joaquin County,2120.332142857143
6334,651,Orange Park,city,FL,FL,"Jacksonville, FL",Clay County,1684.634288001971
37406,652,Bethesda,city,MD,MD,"Washington-Arlington-Alexandria, DC-VA-MD-WV",Montgomery County,2957.6302913485065
47837,653,State College,city,PA,PA,"State College, PA",Centre County,1714.3241518829755
22759,654,Yukon,city,OK,OK,"Oklahoma City, OK",Canadian County,1623.4047202797203
26561,655,Plymouth,city,MN,MN,"Minneapolis-St. Paul-Bloomington, MN-WI",Hennepin County,1827.1671007814066
39655,656,Marysville,city,WA,WA,"Seattle-Tacoma-Bellevue, WA",Snohomish County,2523.8809523809523
32380,657,Lake Forest,city,CA,CA,"Los Angeles-Long Beach-Anaheim, CA",Orange County,3040.8618421052633
10530,658,Brandon,city,MS,MS,"Jackson, MS",Rankin County,1757.7107843137255
40414,659,Porterville,city,CA,CA,"Visalia, CA",Tulare County,1272.9166666666667
52852,660,Lake Elsinore,city,CA,CA,"Riverside-San Bernardino-Ontario, CA",Riverside County,2668.3333333333335
13325,661,Plant City,city,FL,FL,"Tampa-St. Petersburg-Clearwater, FL",Hillsborough County,1888.9154179154182
25179,662,Hoover,city,AL,AL,"Birmingham-Hoover, AL",Jefferson County,1454.0604288499026
7403,663,The Villages,city,FL,FL,"The Villages, FL",Sumter County,2380.5
44568,664,Chesterfield,city,VA,VA,"Richmond, VA",Chesterfield County,1931.3841269841269
38130,665,Dalton,city,GA,GA,"Dalton, GA",Whitfield County,1762.5
13576,666,Rome,city,GA,GA,"Rome, GA",Floyd County,1180.388888888889
54458,667,Somerville,city,MA,MA,"Boston-Cambridge-Newton, MA-NH",Middlesex County,3475.910452773052
40868,668,Shelby Township,city,MI,MI,"Detroit-Warren-Dearborn, MI",Macomb County,1539.9619047619046
11462,669,Folsom,city,CA,CA,"Sacramento-Roseville-Folsom, CA",Sacramento County,2560.317338709677
44116,670,Bellflower,city,CA,CA,"Los Angeles-Long Beach-Anaheim, CA",Los Angeles County,2359.8611111111113
21057,671,Venice,city,FL,FL,"North Port-Sarasota-Bradenton, FL",Sarasota County,2498.910052910053
57030,672,Layton,city,UT,UT,"Ogden-Clearfield, UT",Davis County,1813.7515151515152
40738,673,San Marcos,city,TX,TX,"Austin-Round Rock-Georgetown, TX",Hays County,1446.791855
26820,674,Rogers,city,AR,AR,"Fayetteville-Springdale-Rogers, AR",Benton County,1451.8478632478634
23984,675,Castle Rock,city,CO,CO,"Denver-Aurora-Lakewood, CO",Douglas County,2401.424110384895
53718,676,Olympia,city,WA,WA,"Olympia-Lacey-Tumwater, WA",Thurston County,1920.809158912607
31023,677,Conway,city,SC,SC,"Myrtle Beach-Conway-North Myrtle Beach, SC-NC",Horry County,1759.9166666666667
34884,678,Winter Park,city,FL,FL,"Orlando-Kissimmee-Sanford, FL",Orange County,1932.9558198751747
7484,679,Tulare,city,CA,CA,"Visalia, CA",Tulare County,1715.8333333333333
40524,680,Redlands,city,CA,CA,"Riverside-San Bernardino-Ontario, CA",San Bernardino County,2523.9204545454545
44281,681,Bozeman,city,MT,MT,"Bozeman, MT",Gallatin County,2376.608095734268
34868,683,Winchester,city,VA,VA,"Winchester, VA-WV",Frederick County,1817.131313131313
36296,684,Suwanee,city,GA,GA,"Atlanta-Sandy Springs-Alpharetta, GA",Gwinnett County,2023.9886926096603
24414,685,Dothan,city,AL,AL,"Dothan, AL",Houston County,1329.1666666666667
31751,686,Glen Allen,city,VA,VA,"Richmond, VA",Henrico County,1972.2534989648032
7223,687,Springfield,city,OR,OR,"Eugene-Springfield, OR",Lane County,1653.1666666666667
41025,688,Spring Valley,city,CA,CA,"San Diego-Chula Vista-Carlsbad, CA",San Diego County,2686.1
25345,689,Jupiter,city,FL,FL,"Miami-Fort Lauderdale-Pompano Beach, FL",Palm Beach County,3178.910416666667
25704,690,Madison,city,AL,AL,"Huntsville, AL",Limestone County,1544.6828051175878
9602,691,Leander,city,TX,TX,"Austin-Round Rock-Georgetown, TX",Travis County,1915.868678839957
46089,692,La Mesa,city,CA,CA,"San Diego-Chula Vista-Carlsbad, CA",San Diego County,2710.7839371980676
54043,693,Racine,city,WI,WI,"Racine, WI",Racine County,1005.4166666666666
38842,694,Hagerstown,city,MD,MD,"Hagerstown-Martinsburg, MD-WV",Washington County,1268.6574074074076
54179,695,Rochester Hills,city,MI,MI,"Detroit-Warren-Dearborn, MI",Oakland County,1867.3095238095236
27195,696,Southfield,city,MI,MI,"Detroit-Warren-Dearborn, MI",Oakland County,1413.7166666666665
34819,697,White Plains,city,NY,NY,"New York-Newark-Jersey City, NY-NJ-PA",Westchester County,3110.2731481481483
831538,698,Binghamton,city,NY,NY,"Binghamton, NY",Broome County,1245.888888888889
40704,699,Saint Joseph,city,MO,MO,"St. Joseph, MO-KS",Buchanan County,910.8611111
47164,700,Pleasanton,city,CA,CA,"San Francisco-Oakland-Berkeley, CA",Alameda County,2928.2752380952384
37560,701,Bremerton,city,WA,WA,"Bremerton-Silverdale-Port Orchard, WA",Kitsap County,1837.780030721966
10614,702,Buford,city,GA,GA,"Atlanta-Sandy Springs-Alpharetta, GA",Gwinnett County,2238.693181818182
5972,703,Milton,city,FL,FL,"Pensacola-Ferry Pass-Brent, FL",Santa Rosa County,1890.9259259259259
26114,704,New Rochelle,city,NY,NY,"New York-Newark-Jersey City, NY-NJ-PA",Westchester County,2830.564888
17155,705,Brentwood,city,CA,CA,"San Francisco-Oakland-Berkeley, CA",Contra Costa County,3170.8333333333335
6443,706,Pawtucket,city,RI,RI,"Providence-Warwick, RI-MA",Providence County,1706.788766788767
52580,707,Hot Springs,city,AR,AR,"Hot Springs, AR",Garland County,1209.6666666666667
32416,708,Land O Lakes,city,FL,FL,"Tampa-St. Petersburg-Clearwater, FL",Pasco County,2332.7669552669554
24733,709,Flower Mound,city,TX,TX,"Dallas-Fort Worth-Arlington, TX",Denton County,2210.3611111111113
10815,710,Chino Hills,city,CA,CA,"Riverside-San Bernardino-Ontario, CA",San Bernardino County,3216.2941729323306
19573,711,New Britain,city,CT,CT,"Hartford-East Hartford-Middletown, CT",Hartford County,1594.145622895623
857850,712,Cherry Hill,city,NJ,NJ,"Philadelphia-Camden-Wilmington, PA-NJ-DE-MD",Camden County,2179.3030626780624
18029,713,Ewa Beach,city,HI,HI,"Urban Honolulu, HI",Honolulu County,3257.726190476191
30691,714,Caldwell,city,ID,ID,"Boise City, ID",Canyon County,1588.0263157894735
45401,715,Gary,city,IN,IN,"Chicago-Naperville-Elgin, IL-IN-WI",Lake County,1333.3364898989896
53788,716,Palm Beach Gardens,city,FL,FL,"Miami-Fort Lauderdale-Pompano Beach, FL",Palm Beach County,2861.587145969499
8814,717,Queen Creek,city,AZ,AZ,"Phoenix-Mesa-Chandler, AZ",Pinal County,2320.718559218559
26469,718,Petaluma,city,CA,CA,"Santa Rosa-Petaluma, CA",Sonoma County,2863.4838383838382
52308,719,Great Falls,city,MT,MT,"Great Falls, MT",Cascade County,1361.5
14703,721,Woodbury,city,MN,MN,"Minneapolis-St. Paul-Bloomington, MN-WI",Washington County,2088.0816993464055
14478,722,Warwick,city,RI,RI,"Providence-Warwick, RI-MA",Kent County,2261.6626984126983
27177,723,South Jordan,city,UT,UT,"Salt Lake City, UT",Salt Lake County,2011.2457912457912
51659,724,Davis,city,CA,CA,"Sacramento-Roseville-Folsom, CA",Yolo County,2406.242183163737
13031,725,North Port,city,FL,FL,"North Port-Sarasota-Bradenton, FL",Sarasota County,2101.3030303030305
53588,726,Norcross,city,GA,GA,"Atlanta-Sandy Springs-Alpharetta, GA",Gwinnett County,1693.9596388331531
52899,727,Lauderhill,city,FL,FL,"Miami-Fort Lauderdale-Pompano Beach, FL",Broward County,2019.3068783068784
3334,728,Aiken,city,SC,SC,"Augusta-Richmond County, GA-SC",Aiken County,1357.1518518518517
12012,729,Huntington,city,WV,WV,"Huntington-Ashland, WV-KY-OH",Cabell County,1071.3095238095239
44704,730,Columbus,city,IN,IN,"Columbus, IN",Bartholomew County,1322.0522727272726
10574,731,Broomfield,city,CO,CO,"Denver-Aurora-Lakewood, CO",Broomfield County,2075.869658119658
22730,732,Waipahu,city,HI,HI,"Urban Honolulu, HI",Honolulu County,2457.6406926406926
13167,733,Palm Harbor,city,FL,FL,"Tampa-St. Petersburg-Clearwater, FL",Pinellas County,2038.6859595959595
32991,734,Mount Vernon,city,NY,NY,"New York-Newark-Jersey City, NY-NJ-PA",Westchester County,2367.6190476190477
17158,735,Brick,city,NJ,NJ,"New York-Newark-Jersey City, NY-NJ-PA",Ocean County,2775
46061,736,Kokomo,city,IN,IN,"Kokomo, IN",Howard County,1088.6444444444444
10241,737,Baldwin Park,city,CA,CA,"Los Angeles-Long Beach-Anaheim, CA",Los Angeles County,2696.805555555555
33866,738,Sanford,city,NC,NC,"Sanford, NC",Lee County,1697.6190476190477
41271,739,Traverse City,city,MI,MI,"Traverse City, MI",Grand Traverse County,1980.5555555555557
21017,740,Utica,city,NY,NY,"Utica-Rome, NY",Oneida County,1370.4166666666667
32409,741,Lakeville,city,MN,MN,"Minneapolis-St. Paul-Bloomington, MN-WI",Dakota County,1990.9050505050507
51441,742,Clayton,city,NC,NC,"Raleigh-Cary, NC",Johnston County,1877.5305931948208
17718,743,Daytona Beach,city,FL,FL,"Deltona-Daytona Beach-Ormond Beach, FL",Volusia County,1628.629564879565
217168,744,Wilkes-Barre,city,PA,PA,"Scranton--Wilkes-Barre, PA",Luzerne County,1306.031746031746
11076,745,Deland,city,FL,FL,"Deltona-Daytona Beach-Ormond Beach, FL",Volusia County,1843.8
31829,746,Grants Pass,city,OR,OR,"Grants Pass, OR",Josephine County,1612.2619047619046
39391,747,Lebanon,city,PA,PA,"Lebanon, PA",Lebanon County,1276.7261904761906
41292,748,Troy,city,NY,NY,"Albany-Schenectady-Troy, NY",Rensselaer County,1450.4740740740742
54301,749,San Rafael,city,CA,CA,"San Francisco-Oakland-Berkeley, CA",Marin County,2851.478431372549
10676,750,Camden,city,NJ,NJ,"Philadelphia-Camden-Wilmington, PA-NJ-DE-MD",Camden County,1724.138888888889
10497,751,Bossier City,city,LA,LA,"Shreveport-Bossier City, LA",Bossier Parish,1369.886183261183
40057,752,North Little Rock,city,AR,AR,"Little Rock-North Little Rock-Conway, AR",Pulaski County,1033.5190789473684
4002,753,Casper,city,WY,WY,"Casper, WY",Natrona County,1368.3739316239316
31635,754,Framingham,city,MA,MA,"Boston-Cambridge-Newton, MA-NH",Middlesex County,2327.8684614911795
10484,755,Bolingbrook,city,IL,IL,"Chicago-Naperville-Elgin, IL-IN-WI",Will County,2566.1555555555556
12386,756,Lilburn,city,GA,GA,"Atlanta-Sandy Springs-Alpharetta, GA",Gwinnett County,2095.8333333333335
41643,757,West Lafayette,city,IN,IN,"Lafayette-West Lafayette, IN",Tippecanoe County,1863.9930555555557
31070,759,Council Bluffs,city,IA,IA,"Omaha-Council Bluffs, NE-IA",Pottawattamie County,1277.7251683501684
18480,760,Harrisonburg,city,VA,VA,"Harrisonburg, VA",Rockingham County,1718.1209150326795
32006,761,Hendersonville,city,TN,TN,"Nashville-Davidson--Murfreesboro--Franklin, TN",Sumner County,1646.9615476190475
4216,762,Corvallis,city,OR,OR,"Corvallis, OR",Benton County,2057.7675014029182
41054,763,Statesville,city,NC,NC,"Charlotte-Concord-Gastonia, NC-SC",Iredell County,1732.8796296296296
21412,764,Yorba Linda,city,CA,CA,"Los Angeles-Long Beach-Anaheim, CA",Orange County,3781.037037037037
5239,765,Huntersville,city,NC,NC,"Charlotte-Concord-Gastonia, NC-SC",Mecklenburg County,1922.9945945945947
16838,766,Auburn,city,AL,AL,"Auburn-Opelika, AL",Lee County,1673.4392310198764
46400,767,Maple Grove,city,MN,MN,"Minneapolis-St. Paul-Bloomington, MN-WI",Hennepin County,2077.1058982297372
21174,768,Waterloo,city,IA,IA,"Waterloo-Cedar Falls, IA",Black Hawk County,844.1266043897622
25108,769,Hickory,city,NC,NC,"Hickory-Lenoir-Morganton, NC",Catawba County,1376.9844276094275
27991,770,Winter Garden,city,FL,FL,"Orlando-Kissimmee-Sanford, FL",Orange County,2536.849896480331
53076,771,Lutz,city,FL,FL,"Tampa-St. Petersburg-Clearwater, FL",Hillsborough County,2137.954567901235
18453,772,Hanford,city,CA,CA,"Hanford-Corcoran, CA",Kings County,2034.2361111111113
50226,773,Lehi,city,UT,UT,"Provo-Orem, UT",Utah County,2290.3471380471383
6885,774,Saint Cloud,city,MN,MN,"Minneapolis-St. Paul-Bloomington, MN-WI",Sherburne County,1350.95873
26362,775,Palatine,city,IL,IL,"Chicago-Naperville-Elgin, IL-IN-WI",Cook County,1897.0160256410256
19870,776,Passaic,city,NJ,NJ,"New York-Newark-Jersey City, NY-NJ-PA",Passaic County,2055.555555555555
51752,778,Dubuque,city,IA,IA,"Dubuque, IA",Dubuque County,1218.0324074074074
39076,779,Huntington Park,city,CA,CA,"Los Angeles-Long Beach-Anaheim, CA",Los Angeles County,2018.3333333333333
20665,780,Stockbridge,city,GA,GA,"Atlanta-Sandy Springs-Alpharetta, GA",Henry County,1816.0944919278252
24319,781,Davenport,city,FL,FL,"Lakeland-Winter Haven, FL",Polk County,2019.0956609491777
26197,782,North Richland Hills,city,TX,TX,"Dallas-Fort Worth-Arlington, TX",Tarrant County,1625.457134253882
53985,783,Powder Springs,city,GA,GA,"Atlanta-Sandy Springs-Alpharetta, GA",Cobb County,2139.9989121989124
7367,784,Tamarac,city,FL,FL,"Miami-Fort Lauderdale-Pompano Beach, FL",Broward County,2198.644019138756
20536,785,Snohomish,city,WA,WA,"Seattle-Tacoma-Bellevue, WA",Snohomish County,2767.944444444445
52390,786,Hammond,city,IN,IN,"Chicago-Naperville-Elgin, IL-IN-WI",Lake County,1479.8508898508899
8043,787,Ypsilanti,city,MI,MI,"Ann Arbor, MI",Washtenaw County,1363.8120634920635
4032,788,Centreville,city,VA,VA,"Washington-Arlington-Alexandria, DC-VA-MD-WV",Fairfax County,2361.783625730994
41574,789,Waterford,city,MI,MI,"Detroit-Warren-Dearborn, MI",Oakland County,1514.7222222222224
30210,790,Ames,city,IA,IA,"Ames, IA",Story County,1135.138111888112
25489,791,Lakewood,city,WA,WA,"Seattle-Tacoma-Bellevue, WA",Pierce County,1744.8118055555558
10428,792,Blaine,city,MN,MN,"Minneapolis-St. Paul-Bloomington, MN-WI",Anoka County,1880.0249999999999
39604,793,Mansfield,city,TX,TX,"Dallas-Fort Worth-Arlington, TX",Tarrant County,1872.733661769376
33612,794,Redondo Beach,city,CA,CA,"Los Angeles-Long Beach-Anaheim, CA",Los Angeles County,3277.5316435517293
26374,795,Palo Alto,city,CA,CA,"San Jose-Sunnyvale-Santa Clara, CA",Santa Clara County,3743.228449328449
51806,796,East Orange,city,NJ,NJ,"New York-Newark-Jersey City, NY-NJ-PA",Essex County,1957.1666666666667
840336,797,Ithaca,city,NY,NY,"Ithaca, NY",Tompkins County,2064.718253968254
11141,798,Dover,city,DE,DE,"Dover, DE",Kent County,1634.8589743589744
45251,799,Fayetteville,city,GA,GA,"Atlanta-Sandy Springs-Alpharetta, GA",Fayette County,2324.029526029526
52683,801,Jefferson City,city,MO,MO,"Jefferson City, MO",Cole County,826.0555555555555
50783,802,Atascocita,city,TX,TX,"Houston-The Woodlands-Sugar Land, TX",Harris County,1921.0915656565658
16697,803,Alameda,city,CA,CA,"San Francisco-Oakland-Berkeley, CA",Alameda County,2825.673692480359
40036,804,Norristown,city,PA,PA,"Philadelphia-Camden-Wilmington, PA-NJ-DE-MD",Montgomery County,1748.1371428571429
17845,806,Eagan,city,MN,MN,"Minneapolis-St. Paul-Bloomington, MN-WI",Dakota County,1659.7495837495837
51536,807,Cookeville,city,TN,TN,"Cookeville, TN",Putnam County,1467.6984126984125
40415,808,Portland,city,ME,ME,"Portland-South Portland, ME",Cumberland County,2210.498015873016
41333,809,Union City,city,CA,CA,"San Francisco-Oakland-Berkeley, CA",Alameda County,2647.3215901745316
48569,810,Woodland,city,CA,CA,"Sacramento-Roseville-Folsom, CA",Yolo County,2496.2288359788363
10889,811,Cocoa,city,FL,FL,"Palm Bay-Melbourne-Titusville, FL",Brevard County,1873.8720538720538
30394,812,Bel Air,city,MD,MD,"Baltimore-Columbia-Towson, MD",Harford County,1860.3253968253966
19055,813,Littleton,city,CO,CO,"Denver-Aurora-Lakewood, CO",Jefferson County,1959.6394693537115
34683,814,Waukesha,city,WI,WI,"Milwaukee-Waukesha, WI",Waukesha County,1521.25
38272,815,Easley,city,SC,SC,"Greenville-Anderson, SC",Pickens County,1613.3416666666665
20322,816,Salisbury,city,MD,MD,"Salisbury, MD-DE",Wicomico County,1678.0317460317458
25221,817,Huntsville,city,TX,TX,"Huntsville, TX",Walker County,1331.5
27812,818,Weatherford,city,TX,TX,"Dallas-Fort Worth-Arlington, TX",Parker County,1599.1130952380954
54791,819,Union City,city,NJ,NJ,"New York-Newark-Jersey City, NY-NJ-PA",Hudson County,2335.7238095238095
32697,820,Maricopa,city,AZ,AZ,"Phoenix-Mesa-Chandler, AZ",Maricopa County,1925.681917211329
48210,821,Valrico,city,FL,FL,"Tampa-St. Petersburg-Clearwater, FL",Hillsborough County,2463.648903508772
16971,822,Bellevue,city,NE,NE,"Omaha-Council Bluffs, NE-IA",Sarpy County,1346.828431372549
10727,823,Casa Grande,city,AZ,AZ,"Phoenix-Mesa-Chandler, AZ",Pinal County,1761.8972222222221
45689,824,Haverhill,city,MA,MA,"Boston-Cambridge-Newton, MA-NH",Essex County,2256.554487179487
25784,825,Massillon,city,OH,OH,"Canton-Massillon, OH",Stark County,1172.3333333333333
25534,826,Lebanon,city,TN,TN,"Nashville-Davidson--Murfreesboro--Franklin, TN",Wilson County,1642.8402777777776
7039,828,Shawnee,city,KS,KS,"Kansas City, MO-KS",Johnson County,1608.4111111111113
44955,829,Doral,city,FL,FL,"Miami-Fort Lauderdale-Pompano Beach, FL",Miami-Dade County,2982.1277527527527
50749,830,Arcadia,city,CA,CA,"Los Angeles-Long Beach-Anaheim, CA",Los Angeles County,3523.397435897436
5395,831,Kenner,city,LA,LA,"New Orleans-Metairie, LA",Jefferson Parish,1766.6666666666667
32616,832,Lynwood,city,CA,CA,"Los Angeles-Long Beach-Anaheim, CA",Los Angeles County,2130.277777777778
21080,833,Vienna,city,VA,VA,"Washington-Arlington-Alexandria, DC-VA-MD-WV",Fairfax County,3542.722222222222
14138,834,Tigard,city,OR,OR,"Portland-Vancouver-Hillsboro, OR-WA",Washington County,1859.1518620268623
53752,835,Oshkosh,city,WI,WI,"Oshkosh-Neenah, WI",Winnebago County,1140.6845238095239
35641,836,Grove City,city,OH,OH,"Columbus, OH",Franklin County,1626.928787878788
7886,837,Weston,city,FL,FL,"Miami-Fort Lauderdale-Pompano Beach, FL",Broward County,3352.4485378393424
53133,838,Manhattan,city,KS,KS,"Manhattan, KS",Riley County,968.4159328501433
34725,839,West Bloomfield,city,MI,MI,"Detroit-Warren-Dearborn, MI",Oakland County,1960.6666666666667
11604,840,Gilroy,city,CA,CA,"San Jose-Sunnyvale-Santa Clara, CA",Santa Clara County,3214.305555555555
5937,841,Middletown,city,NY,NY,"Poughkeepsie-Newburgh-Middletown, NY",Orange County,2162.1666666666665
34597,842,Vineland,city,NJ,NJ,"Vineland-Bridgeton, NJ",Cumberland County,1930
32572,843,Lorain,city,OH,OH,"Cleveland-Elyria, OH",Lorain County,1120.3333333333333
13343,844,Pocatello,city,ID,ID,"Pocatello, ID",Bannock County,1058.0216727716727
11170,845,Dundalk,city,MD,MD,"Baltimore-Columbia-Towson, MD",Baltimore County,1540.2222222222224
17087,846,Bluffton,city,SC,SC,"Hilton Head Island-Bluffton, SC",Beaufort County,2157.1768162393164
28939,847,Malden,city,MA,MA,"Boston-Cambridge-Newton, MA-NH",Middlesex County,2649.5425925925924
42923,848,Pottstown,city,PA,PA,"Philadelphia-Camden-Wilmington, PA-NJ-DE-MD",Chester County,1727.4503968253966
7837,849,West Des Moines,city,IA,IA,"Des Moines-West Des Moines, IA",Polk County,1350.5765916418088
6809,850,Rocklin,city,CA,CA,"Sacramento-Roseville-Folsom, CA",Placer County,2584.661002178649
33256,851,Orland Park,city,IL,IL,"Chicago-Naperville-Elgin, IL-IN-WI",Cook County,2981.1
51173,852,Brunswick,city,GA,GA,"Brunswick, GA",Glynn County,1736.484977984978
33498,853,Port Orange,city,FL,FL,"Deltona-Daytona Beach-Ormond Beach, FL",Volusia County,1872.917378917379
30149,854,Albany,city,OR,OR,"Albany-Lebanon, OR",Linn County,1963.5760073260074
26938,855,Sammamish,city,WA,WA,"Seattle-Tacoma-Bellevue, WA",King County,3310.85
399216,856,Midland,city,MI,MI,"Midland, MI",Midland County,1529.8333333333333
53253,857,Medina,city,OH,OH,"Cleveland-Elyria, OH",Medina County,1815.1666666666667
39173,858,Johnstown,city,PA,PA,"Johnstown, PA",Cambria County,833.6666666666666
737790,859,Eastvale,city,CA,CA,"Riverside-San Bernardino-Ontario, CA",Riverside County,3482.7619047619046
30772,860,Carson City,city,NV,NV,"Carson City, NV",Carson City,1797.4629629629628
26620,861,Prescott,city,AZ,AZ,"Prescott Valley-Prescott, AZ",Yavapai County,1831.298611111111
6736,862,Reston,city,VA,VA,"Washington-Arlington-Alexandria, DC-VA-MD-WV",Fairfax County,2440.1149634644316
14552,863,West Hartford,city,CT,CT,"Hartford-East Hartford-Middletown, CT",Hartford County,2220.1495726495727
12665,864,Mechanicsville,city,VA,VA,"Richmond, VA",Hanover County,1762.875
32532,865,Little Elm,city,TX,TX,"Dallas-Fort Worth-Arlington, TX",Denton County,2372.3310023310023
20639,866,Statesboro,city,GA,GA,"Statesboro, GA",Bulloch County,1549.033074768369
6750,867,Richmond,city,KY,KY,"Richmond-Berea, KY",Madison County,1101.4120370370372
4317,868,Decatur,city,AL,AL,"Decatur, AL",Morgan County,1207.15873
34644,869,Waltham,city,MA,MA,"Boston-Cambridge-Newton, MA-NH",Middlesex County,2975.537723387723
396053,870,Florence-Graham,city,CA,CA,"Los Angeles-Long Beach-Anaheim, CA",Los Angeles County,2500
13929,871,South San Francisco,city,CA,CA,"San Francisco-Oakland-Berkeley, CA",San Mateo County,3463.081096681097
53145,872,Mansfield,city,OH,OH,"Mansfield, OH",Richland County,988.4722222222223
6923,873,San Luis Obispo,city,CA,CA,"San Luis Obispo-Paso Robles, CA",San Luis Obispo County,3745.5296722009366
31125,874,Crown Point,city,IN,IN,"Chicago-Naperville-Elgin, IL-IN-WI",Lake County,2125
46084,875,La Crosse,city,WI,WI,"La Crosse-Onalaska, WI-MN",La Crosse County,993.0316951566952
20831,876,Towson,city,MD,MD,"Baltimore-Columbia-Towson, MD",Baltimore County,1869.1030982905984
10634,877,Burnsville,city,MN,MN,"Minneapolis-St. Paul-Bloomington, MN-WI",Dakota County,1419.5364593301435
53026,878,Loganville,city,GA,GA,"Atlanta-Sandy Springs-Alpharetta, GA",Walton County,2348.0347196662988
30993,879,Columbia,city,TN,TN,"Nashville-Davidson--Murfreesboro--Franklin, TN",Maury County,1530.4046529366897
124464,880,Fountainbleau,city,FL,FL,"Miami-Fort Lauderdale-Pompano Beach, FL",Miami-Dade County,2567.7698412698414
14541,881,West Chester,city,OH,OH,"Cincinnati, OH-KY-IN",Butler County,1855.1472222222221
27652,882,Valley Stream,city,NY,NY,"New York-Newark-Jersey City, NY-NJ-PA",Nassau County,3218
51003,883,Biloxi,city,MS,MS,"Gulfport-Biloxi, MS",Harrison County,1515.4880952380954
25459,884,Laguna Niguel,city,CA,CA,"Los Angeles-Long Beach-Anaheim, CA",Orange County,3244.962626262626
46749,885,Niagara Falls,city,NY,NY,"Buffalo-Cheektowaga, NY",Niagara County,1146.9583333333333
51751,886,Dublin,city,CA,CA,"San Francisco-Oakland-Berkeley, CA",Alameda County,3118.611559139785
40387,887,Poinciana,city,FL,FL,"Orlando-Kissimmee-Sanford, FL",Osceola County,1916.3762452107278
30775,888,Cartersville,city,GA,GA,"Atlanta-Sandy Springs-Alpharetta, GA",Bartow County,1838.9269314563433
4515,889,Eden Prairie,city,MN,MN,"Minneapolis-St. Paul-Bloomington, MN-WI",Hennepin County,1754.856193514088
45473,890,Goldsboro,city,NC,NC,"Goldsboro, NC",Wayne County,1419.4722222222224
10940,891,Coon Rapids,city,MN,MN,"Minneapolis-St. Paul-Bloomington, MN-WI",Anoka County,1692.1867521367521
33837,892,San Gabriel,city,CA,CA,"Los Angeles-Long Beach-Anaheim, CA",Los Angeles County,2821.904761904762
7378,893,Taylor,city,MI,MI,"Detroit-Warren-Dearborn, MI",Wayne County,1434.5833333333333
26592,894,Port Orchard,city,WA,WA,"Bremerton-Silverdale-Port Orchard, WA",Kitsap County,1934.0339869281045
12597,895,Martinsburg,city,WV,WV,"Hagerstown-Martinsburg, MD-WV",Berkeley County,1602.7166666666665
38999,896,Hilliard,city,OH,OH,"Columbus, OH",Franklin County,1663.8287037037037
39894,897,Mount Juliet,city,TN,TN,"Nashville-Davidson--Murfreesboro--Franklin, TN",Wilson County,2212.839285714286
17310,898,Carmichael,city,CA,CA,"Sacramento-Roseville-Folsom, CA",Sacramento County,1779.8281718281717
17188,899,Brookline,city,MA,MA,"Boston-Cambridge-Newton, MA-NH",Norfolk County,3667.443748711606
17545,900,Commerce City,city,CO,CO,"Denver-Aurora-Lakewood, CO",Adams County,2584.938888888889
45299,901,Fond du Lac,city,WI,WI,"Fond du Lac, WI",Fond du Lac County,1043.1555555555556
25092,902,Hendersonville,city,NC,NC,"Asheville, NC",Henderson County,1858.5555555555557
40038,903,North Bergen Township,city,NJ,NJ,"New York-Newark-Jersey City, NY-NJ-PA",Hudson County,3138.2997557997564
10137,904,Ankeny,city,IA,IA,"Des Moines-West Des Moines, IA",Polk County,1626.3813852813853
16554,905,Euless,city,TX,TX,"Dallas-Fort Worth-Arlington, TX",Tarrant County,1775.200336700337
28060,906,Youngstown,city,OH,OH,"Youngstown-Warren-Boardman, OH-PA",Mahoning County,970.8333333333334
44878,907,Dearborn Heights,city,MI,MI,"Detroit-Warren-Dearborn, MI",Wayne County,1501.4501683501683
17974,908,Elyria,city,OH,OH,"Cleveland-Elyria, OH",Lorain County,948.3333333333334
33341,909,Pasadena,city,MD,MD,"Baltimore-Columbia-Towson, MD",Anne Arundel County,2383.021885521886
39416,910,Levittown,city,PA,PA,"Philadelphia-Camden-Wilmington, PA-NJ-DE-MD",Bucks County,1713.888888888889
54592,911,Stuart,city,FL,FL,"Port St. Lucie, FL",Martin County,2339.880194518126
20514,912,Skokie,city,IL,IL,"Chicago-Naperville-Elgin, IL-IN-WI",Cook County,2166.6783068783066
398123,913,Janesville,city,WI,WI,"Janesville-Beloit, WI",Rock County,1079.5694444444446
25953,914,Montebello,city,CA,CA,"Los Angeles-Long Beach-Anaheim, CA",Los Angeles County,2547.5
46978,915,Panama City,city,FL,FL,"Panama City, FL",Bay County,1829.3382816014393
52587,916,Howell,city,MI,MI,"Detroit-Warren-Dearborn, MI",Livingston County,2062.777777777778
831676,917,Monroe,city,NY,NY,"Poughkeepsie-Newburgh-Middletown, NY",Orange County,2773.8888888888887
6487,918,Phenix City,city,AL,AL,"Columbus, GA-AL",Russell County,1507.361111111111
18874,919,La Habra,city,CA,CA,"Los Angeles-Long Beach-Anaheim, CA",Orange County,2652.7999999999997
25495,920,Lancaster,city,OH,OH,"Columbus, OH",Fairfield County,1550.4166666666667
11455,921,Florence,city,AL,AL,"Florence-Muscle Shoals, AL",Lauderdale County,1280.7142857142856
53250,922,Medford,city,MA,MA,"Boston-Cambridge-Newton, MA-NH",Middlesex County,3317.719507958222
50704,923,Altamonte Springs,city,FL,FL,"Orlando-Kissimmee-Sanford, FL",Seminole County,1678.443094916779
30760,924,Carlisle,city,PA,PA,"Harrisburg-Carlisle, PA",Cumberland County,1608.7380952380954
26483,925,Pico Rivera,city,CA,CA,"Los Angeles-Long Beach-Anaheim, CA",Los Angeles County,2600.1
24420,926,Downers Grove,city,IL,IL,"Chicago-Naperville-Elgin, IL-IN-WI",DuPage County,2447.1011904761904
46339,927,Lufkin,city,TX,TX,"Lufkin, TX",Angelina County,1137.5
16989,928,Bentonville,city,AR,AR,"Fayetteville-Springdale-Rogers, AR",Benton County,1800.1051093514332
53643,929,Novato,city,CA,CA,"San Francisco-Oakland-Berkeley, CA",Marin County,3492.4277777777775
6562,930,Pontiac,city,MI,MI,"Detroit-Warren-Dearborn, MI",Oakland County,1340.1805555555557
38465,931,Fairbanks,city,AK,AK,"Fairbanks, AK",Fairbanks North Star Borough,1763.3333333333333
43088,932,Wylie,city,TX,TX,"Dallas-Fort Worth-Arlington, TX",Collin County,2032.514880952381
45164,933,Encinitas,city,CA,CA,"San Diego-Chula Vista-Carlsbad, CA",San Diego County,4413.108301800253
13693,934,San Clemente,city,CA,CA,"Los Angeles-Long Beach-Anaheim, CA",Orange County,3331.150921658986
21195,935,Wellington,city,FL,FL,"Miami-Fort Lauderdale-Pompano Beach, FL",Palm Beach County,3216.0624431448996
53273,936,Meridian,city,MS,MS,"Meridian, MS",Lauderdale County,1519.3333333333333
45565,937,Greenwich,city,CT,CT,"Bridgeport-Stamford-Norwalk, CT",Fairfield County,4561.683177933178
41675,937,Westminster,city,MD,MD,"Baltimore-Columbia-Towson, MD",Carroll County,1660.5
5043,939,Hamden,city,CT,CT,"New Haven-Milford, CT",New Haven County,2129.8137651821867
398893,941,Piscataway,city,NJ,NJ,"New York-Newark-Jersey City, NY-NJ-PA",Middlesex County,2607.714285714286
4948,942,Grand Forks,city,ND,ND,"Grand Forks, ND-MN",Grand Forks County,1230.2521367521367
28195,943,Chambersburg,city,PA,PA,"Chambersburg-Waynesboro, PA",Franklin County,1357.222222222222
45398,944,Gardena,city,CA,CA,"Los Angeles-Long Beach-Anaheim, CA",Los Angeles County,2392.4880952380954
37015,945,Azusa,city,CA,CA,"Los Angeles-Long Beach-Anaheim, CA",Los Angeles County,2540.446428571429
26225,946,Novi,city,MI,MI,"Detroit-Warren-Dearborn, MI",Oakland County,1634.0076923076922
6021,947,Monterey Park,city,CA,CA,"Los Angeles-Long Beach-Anaheim, CA",Los Angeles County,2916.7666666666664
4426,948,Dublin,city,OH,OH,"Columbus, OH",Franklin County,1836.6111642743224
19410,949,Mishawaka,city,IN,IN,"South Bend-Mishawaka, IN-MI",Saint Joseph County,1257.716931216931
17172,950,Bristol,city,CT,CT,"Hartford-East Hartford-Middletown, CT",Hartford County,1610
30829,951,Chantilly,city,VA,VA,"Washington-Arlington-Alexandria, DC-VA-MD-WV",Fairfax County,3114.269841269841
45966,952,Joplin,city,MO,MO,"Joplin, MO",Jasper County,1159.3379629629628
27378,953,Taylorsville,city,UT,UT,"Salt Lake City, UT",Salt Lake County,2101.569444444445
47526,954,Saint Peters,city,MO,MO,"St. Louis, MO-IL",Saint Charles County,1720.4846153846154
12067,955,Irvington,city,NJ,NJ,"New York-Newark-Jersey City, NY-NJ-PA",Essex County,2033.9120370370372
31506,956,Fairfield,city,CT,CT,"Bridgeport-Stamford-Norwalk, CT",Fairfield County,4029.922222222222
34721,957,West Allis,city,WI,WI,"Milwaukee-Waukesha, WI",Milwaukee County,1199.5291005291003
13265,958,Petersburg,city,VA,VA,"Richmond, VA",Dinwiddie County,1256.6967592592594
26091,959,New Castle,city,DE,DE,"Philadelphia-Camden-Wilmington, PA-NJ-DE-MD",New Castle County,1638.4920634920634
17317,960,Carrollton,city,GA,GA,"Atlanta-Sandy Springs-Alpharetta, GA",Carroll County,1528.9722222222224
32500,961,Lima,city,OH,OH,"Lima, OH",Allen County,1113.3333333333333
11738,962,Griffin,city,GA,GA,"Atlanta-Sandy Springs-Alpharetta, GA",Spalding County,1357.0470085470085
20164,963,Richland,city,WA,WA,"Kennewick-Richland, WA",Benton County,1730.065705128205
6229,964,North Miami,city,FL,FL,"Miami-Fort Lauderdale-Pompano Beach, FL",Miami-Dade County,2493.1099267399272
55748,965,Lansdale,city,PA,PA,"Philadelphia-Camden-Wilmington, PA-NJ-DE-MD",Montgomery County,2025.7377622377624
19321,966,Meriden,city,CT,CT,"New Haven-Milford, CT",New Haven County,1917.8333333333333
20883,967,Union,city,NJ,NJ,"New York-Newark-Jersey City, NY-NJ-PA",Union County,2597.825396825397
6032,968,Moore,city,OK,OK,"Oklahoma City, OK",Cleveland County,1542.5370370370372
25146,969,Hoboken,city,NJ,NJ,"New York-Newark-Jersey City, NY-NJ-PA",Hudson County,3722.009242674405
54212,970,Rosemead,city,CA,CA,"Los Angeles-Long Beach-Anaheim, CA",Los Angeles County,2798.3333333333335
20782,971,Texarkana,city,TX,TX,"Texarkana, TX-AR",Bowie County,1359.722222222222
398963,972,Manchester,city,CT,CT,"Hartford-East Hartford-Middletown, CT",Hartford County,1820.4368686868686
19078,973,Lompoc,city,CA,CA,"Santa Maria-Santa Barbara, CA",Santa Barbara County,2451.664021164021
136166,974,Coeur d'Alene,city,ID,ID,"Coeur d'Alene, ID",Kootenai County,1841.927156177156
31861,975,Greensburg,city,PA,PA,"Pittsburgh, PA",Westmoreland County,1001.111111111111
6781,976,Riverdale,city,GA,GA,"Atlanta-Sandy Springs-Alpharetta, GA",Clayton County,1749.3254281949933
52480,977,Helena,city,MT,MT,"Helena, MT",Lewis and Clark County,1491.25
24682,978,Farmington,city,NM,NM,"Farmington, NM",San Juan County,1286.111111111111
6267,979,Oak Lawn,city,IL,IL,"Chicago-Naperville-Elgin, IL-IN-WI",Cook County,1572.8333333333333
38049,979,Covington,city,LA,LA,"New Orleans-Metairie, LA",Saint Tammany Parish,1511.1664724164723
5710,981,Loveland,city,OH,OH,"Cincinnati, OH-KY-IN",Clermont County,1798.388888888889
853909,982,Saint Johns,city,FL,FL,"Jacksonville, FL",Saint Johns County,2176.893137254902
9969,983,Tinley Park,city,IL,IL,"Chicago-Naperville-Elgin, IL-IN-WI",Cook County,1987.2222222222224
15894,984,Wheaton,city,IL,IL,"Chicago-Naperville-Elgin, IL-IN-WI",DuPage County,2120.201851851852
38742,985,Goose Creek,city,SC,SC,"Charleston-North Charleston, SC",Berkeley County,1903.9468864468863
830736,986,Hempstead,city,NY,NY,"New York-Newark-Jersey City, NY-NJ-PA",Nassau County,3337
26102,987,New Iberia,city,LA,LA,"Lafayette, LA",Iberia Parish,1242.5
38809,988,Gretna,city,LA,LA,"New Orleans-Metairie, LA",Jefferson Parish,1670
27374,989,Taunton,city,MA,MA,"Providence-Warwick, RI-MA",Bristol County,2131.5833333333335
24544,990,Edmonds,city,WA,WA,"Seattle-Tacoma-Bellevue, WA",Snohomish County,2185.523122710623
31172,991,Danville,city,VA,VA,"Danville, VA",Pittsylvania County,1206.6666666666667
21472,992,Annandale,city,VA,VA,"Washington-Arlington-Alexandria, DC-VA-MD-WV",Fairfax County,2553.8222222222225
21685,993,Bayonne,city,NJ,NJ,"New York-Newark-Jersey City, NY-NJ-PA",Hudson County,2251.959139784946
41319,994,Twin Falls,city,ID,ID,"Twin Falls, ID",Twin Falls County,1676.5238095238094
46105,995,Lake Havasu City,city,AZ,AZ,"Lake Havasu City-Kingman, AZ",Mohave County,1835.7616427432215
52262,996,Goshen,city,IN,IN,"Elkhart-Goshen, IN",Elkhart County,966.9444444444443
5371,997,Kalispell,city,MT,MT,"Kalispell, MT",Flathead County,2048.888888888889
38134,998,Danville,city,CA,CA,"San Francisco-Oakland-Berkeley, CA",Contra Costa County,4309.325396825397
33258,1000,Ormond Beach,city,FL,FL,"Deltona-Daytona Beach-Ormond Beach, FL",Volusia County,2170.240740740741
6855,1001,Royal Oak,city,MI,MI,"Detroit-Warren-Dearborn, MI",Oakland County,2088.509189640769
46465,1002,McLean,city,VA,VA,"Washington-Arlington-Alexandria, DC-VA-MD-WV",Fairfax County,2739.988679245283
46954,1003,Paducah,city,KY,KY,"Paducah, KY-IL",McCracken County,1480
4281,1004,Cupertino,city,CA,CA,"San Jose-Sunnyvale-Santa Clara, CA",Santa Clara County,3965.9451348278103
15128,1005,Kernersville,city,NC,NC,"Winston-Salem, NC",Forsyth County,1925.9888888888888
54450,1006,Smyrna,city,TN,TN,"Nashville-Davidson--Murfreesboro--Franklin, TN",Rutherford County,1793.4143217893218
53487,1007,National City,city,CA,CA,"San Diego-Chula Vista-Carlsbad, CA",San Diego County,2345.5833333333335
27272,1008,Stillwater,city,OK,OK,"Stillwater, OK",Payne County,1260.858585858586
126392,1009,The Hammocks,city,FL,FL,"Miami-Fort Lauderdale-Pompano Beach, FL",Miami-Dade County,2377.130183
7797,1010,Waxahachie,city,TX,TX,"Dallas-Fort Worth-Arlington, TX",Ellis County,1819.9979296066251
39899,1011,Mount Prospect,city,IL,IL,"Chicago-Naperville-Elgin, IL-IN-WI",Cook County,1738.7
25550,1012,Lenexa,city,KS,KS,"Kansas City, MO-KS",Johnson County,1588.6032388663969
47252,1013,Punta Gorda,city,FL,FL,"Punta Gorda, FL",Charlotte County,2282.771885521886
17050,1014,Blacksburg,city,VA,VA,"Blacksburg-Christiansburg, VA",Montgomery County,1903.6117216117216
39996,1015,Newark,city,OH,OH,"Columbus, OH",Licking County,1579.8999999999999
395552,1016,Freehold,city,NJ,NJ,"New York-Newark-Jersey City, NY-NJ-PA",Monmouth County,2693.1190476190477
30233,1017,Apache Junction,city,AZ,AZ,"Phoenix-Mesa-Chandler, AZ",Maricopa County,1712.527777777778
12560,1018,Margate,city,FL,FL,"Miami-Fort Lauderdale-Pompano Beach, FL",Broward County,2082.857575757576
32180,1020,Jackson,city,NJ,NJ,"New York-Newark-Jersey City, NY-NJ-PA",Ocean County,3154.444444444445
30785,1021,Castro Valley,city,CA,CA,"San Francisco-Oakland-Berkeley, CA",Alameda County,2796.9470899470894
7433,1022,Titusville,city,FL,FL,"Palm Bay-Melbourne-Titusville, FL",Brevard County,1744.9715099715097
28595,1023,Leesburg,city,FL,FL,"Orlando-Kissimmee-Sanford, FL",Lake County,1468.902777777778
395489,1024,Princeton,city,NJ,NJ,"Trenton-Princeton, NJ",Mercer County,3442.601190476191
38718,1025,Glenview,city,IL,IL,"Chicago-Naperville-Elgin, IL-IN-WI",Cook County,2813.2015873015866
6943,1026,Santee,city,CA,CA,"San Diego-Chula Vista-Carlsbad, CA",San Diego County,2997.310606060606
44918,1027,Desoto,city,TX,TX,"Dallas-Fort Worth-Arlington, TX",Dallas County,2127.0740740740744
833819,1028,Bensalem,city,PA,PA,"Philadelphia-Camden-Wilmington, PA-NJ-DE-MD",Bucks County,1889.6222222222223
5834,1029,Mason,city,OH,OH,"Cincinnati, OH-KY-IN",Warren County,2061.435497835498
11564,1030,Gallatin,city,TN,TN,"Nashville-Davidson--Murfreesboro--Franklin, TN",Sumner County,1652.8125
46039,1031,Kingman,city,AZ,AZ,"Lake Havasu City-Kingman, AZ",Mohave County,1510.7142857142856
5411,1032,Kettering,city,OH,OH,"Dayton-Kettering, OH",Montgomery County,1254.5
12716,1033,Midwest City,city,OK,OK,"Oklahoma City, OK",Oklahoma County,1229.436507936508
37971,1034,Colton,city,CA,CA,"Riverside-San Bernardino-Ontario, CA",San Bernardino County,1857.264021164021
50985,1035,Berwyn,city,IL,IL,"Chicago-Naperville-Elgin, IL-IN-WI",Cook County,1364.9305555555554
10627,1036,Burlington,city,NC,NC,"Burlington, NC",Alamance County,1387.3888888888887
8384,1037,Fountain Valley,city,CA,CA,"Los Angeles-Long Beach-Anaheim, CA",Orange County,2868.6375661375664
9662,1038,Oregon City,city,OR,OR,"Portland-Vancouver-Hillsboro, OR-WA",Clackamas County,1908.1333333333334
30527,1039,Bonita Springs,city,FL,FL,"Cape Coral-Fort Myers, FL",Lee County,2649.0677615775653
27771,1040,Warren,city,OH,OH,"Youngstown-Warren-Boardman, OH-PA",Trumbull County,943.75
10264,1041,Bartlett,city,TN,TN,"Memphis, TN-MS-AR",Shelby County,2026.814393939394
14603,1042,Weymouth,city,MA,MA,"Boston-Cambridge-Newton, MA-NH",Norfolk County,2424.305555555555
53381,1043,Monroe,city,NC,NC,"Charlotte-Concord-Gastonia, NC-SC",Union County,2020.949494949495
4151,1044,Coconut Creek,city,FL,FL,"Miami-Fort Lauderdale-Pompano Beach, FL",Broward County,2310.0229551150605
50450,1045,Olive Branch,city,MS,MS,"Memphis, TN-MS-AR",DeSoto County,1920.0860805860805
20252,1046,Roswell,city,NM,NM,"Roswell, NM",Chaves County,1316.6666666666667
43956,1047,Asheboro,city,NC,NC,"Greensboro-High Point, NC",Randolph County,982.5555555555557
54409,1048,Shoreline,city,WA,WA,"Seattle-Tacoma-Bellevue, WA",King County,2072.9100383141763
45644,1049,Hanover,city,PA,PA,"York-Hanover, PA",York County,1391.6666666666667
52547,1050,Hollister,city,CA,CA,"San Jose-Sunnyvale-Santa Clara, CA",San Benito County,3117.1111111111113
14730,1051,Wyoming,city,MI,MI,"Grand Rapids-Kentwood, MI",Kent County,1343.611111111111
28948,1052,Owings Mills,city,MD,MD,"Baltimore-Columbia-Towson, MD",Baltimore County,1792.197860962567
56814,1053,Somerset,city,NJ,NJ,"New York-Newark-Jersey City, NY-NJ-PA",Somerset County,2631.595238095238
51208,1054,Butler,city,PA,PA,"Pittsburgh, PA",Butler County,903
39306,1055,La Puente,city,CA,CA,"Los Angeles-Long Beach-Anaheim, CA",Los Angeles County,2447.5
399297,1056,Muskegon,city,MI,MI,"Muskegon, MI",Muskegon County,1234.8333333333333
37464,1057,Blue Springs,city,MO,MO,"Kansas City, MO-KS",Jackson County,1738.4537037037037
54111,1058,Revere,city,MA,MA,"Boston-Cambridge-Newton, MA-NH",Suffolk County,2794.9947708344152
32955,1059,Morristown,city,TN,TN,"Morristown, TN",Hamblen County,1567.5
5445,1060,Klamath Falls,city,OR,OR,"Klamath Falls, OR",Klamath County,1194.1666666666667
39967,1061,New Brunswick,city,NJ,NJ,"New York-Newark-Jersey City, NY-NJ-PA",Middlesex County,2770.1635729847494
11274,1062,El Centro,city,CA,CA,"El Centro, CA",Imperial County,1950
29898,1063,Delaware,city,OH,OH,"Columbus, OH",Delaware County,1888.0849206349205
52285,1064,Grand Island,city,NE,NE,"Grand Island, NE",Hall County,1299.3333333333333
14501,1065,Wausau,city,WI,WI,"Wausau-Weston, WI",Marathon County,933.0357142857143
4854,1066,Garner,city,NC,NC,"Raleigh-Cary, NC",Wake County,1814.607843137255
39775,1067,Middleburg,city,FL,FL,"Jacksonville, FL",Clay County,1981.051282051282
48433,1068,West Monroe,city,LA,LA,"Monroe, LA",Ouachita Parish,974
28066,1069,Zanesville,city,OH,OH,"Zanesville, OH",Muskingum County,1144.7222222222224
13364,1070,Port Arthur,city,TX,TX,"Beaumont-Port Arthur, TX",Jefferson County,1098.3809523809523
29143,1071,Lincoln,city,CA,CA,"Sacramento-Roseville-Folsom, CA",Placer County,2892.6190476190477
33306,1072,Palm Desert,city,CA,CA,"Riverside-San Bernardino-Ontario, CA",Riverside County,2728.4307017543856
31119,1073,Crossville,city,TN,TN,"Crossville, TN",Cumberland County,1716.6666666666667
30872,1074,Chicopee,city,MA,MA,"Springfield, MA",Hampden County,1688.75
30219,1075,Anderson,city,IN,IN,"Indianapolis-Carmel-Anderson, IN",Madison County,976.6541606541606
3425,1076,Apple Valley,city,MN,MN,"Minneapolis-St. Paul-Bloomington, MN-WI",Dakota County,1971.638888888889
51464,1077,Coatesville,city,PA,PA,"Philadelphia-Camden-Wilmington, PA-NJ-DE-MD",Chester County,1922.2222222222224
10068,1078,Alexandria,city,LA,LA,"Alexandria, LA",Rapides Parish,1133.888888888889
27808,1079,Wayne,city,NJ,NJ,"New York-Newark-Jersey City, NY-NJ-PA",Passaic County,2724.1666666666665
52082,1081,Fort Walton Beach,city,FL,FL,"Crestview-Fort Walton Beach-Destin, FL",Okaloosa County,1827.1634793505502
23533,1082,Athens,city,AL,AL,"Huntsville, AL",Limestone County,1475.0416666666667
23635,1083,Beaumont,city,CA,CA,"Riverside-San Bernardino-Ontario, CA",Riverside County,2791.1111111111113
23302,1084,Brookhaven,city,GA,GA,"Atlanta-Sandy Springs-Alpharetta, GA",Dekalb County,1872.0965850596358
33151,1085,North Fort Myers,city,FL,FL,"Cape Coral-Fort Myers, FL",Lee County,1913.5333333333335
29592,1086,Spanaway,city,WA,WA,"Seattle-Tacoma-Bellevue, WA",Pierce County,2735.023809523809
24265,1087,Crestview,city,FL,FL,"Crestview-Fort Walton Beach-Destin, FL",Okaloosa County,1848.2142857142856
47071,1089,Perth Amboy,city,NJ,NJ,"New York-Newark-Jersey City, NY-NJ-PA",Middlesex County,2675
55296,1090,Zephyrhills,city,FL,FL,"Tampa-St. Petersburg-Clearwater, FL",Pasco County,1939.2574074074075
831683,1091,Newburgh,city,NY,NY,"Poughkeepsie-Newburgh-Middletown, NY",Orange County,1967.5595238095239
25383,1092,Kentwood,city,MI,MI,"Grand Rapids-Kentwood, MI",Kent County,1908.3333333333333
25646,1093,Longwood,city,FL,FL,"Orlando-Kissimmee-Sanford, FL",Seminole County,2021.004357298475
51487,1094,Collierville,city,TN,TN,"Memphis, TN-MS-AR",Shelby County,1795.1861111111111
25733,1095,Mankato,city,MN,MN,"Mankato, MN",Blue Earth County,1444.9761904761906
27957,1096,Williamsville,city,NY,NY,"Buffalo-Cheektowaga, NY",Erie County,1991.388888888889
33022,1097,Nacogdoches,city,TX,TX,"Nacogdoches, TX",Nacogdoches County,1159.5
12765,1098,Minot,city,ND,ND,"Minot, ND",Ward County,909.0750915750915
20220,1099,Rocky Mount,city,NC,NC,"Rocky Mount, NC",Nash County,1363.5582010582011
23770,1100,Bonney Lake,city,WA,WA,"Seattle-Tacoma-Bellevue, WA",Pierce County,2521.803571428571
11626,1101,Glendora,city,CA,CA,"Los Angeles-Long Beach-Anaheim, CA",Los Angeles County,2963.3825396825396
26088,1102,New Bern,city,NC,NC,"New Bern, NC",Craven County,1589.3703703703702
33758,1104,Rowlett,city,TX,TX,"Dallas-Fort Worth-Arlington, TX",Dallas County,1815.220573
6268,1105,Oak Park,city,IL,IL,"Chicago-Naperville-Elgin, IL-IN-WI",Cook County,1942.2998102466793
6919,1106,San Jacinto,city,CA,CA,"Riverside-San Bernardino-Ontario, CA",Riverside County,2531.1666666666665
398881,1108,Grand Blanc,city,MI,MI,"Flint, MI",Genesee County,1818.75
19375,1109,Mililani,city,HI,HI,"Urban Honolulu, HI",Honolulu County,2709.002525252525
45602,1110,Hacienda Heights,city,CA,CA,"Los Angeles-Long Beach-Anaheim, CA",Los Angeles County,3004.9555555555557
38520,1111,Findlay,city,OH,OH,"Findlay, OH",Hancock County,1316.7777777777776
240237,1112,Millcreek,city,UT,UT,"Salt Lake City, UT",Salt Lake County,1528.7380952380954
39864,1113,Morganton,city,NC,NC,"Hickory-Lenoir-Morganton, NC",Burke County,1350
13772,1114,Seminole,city,FL,FL,"Tampa-St. Petersburg-Clearwater, FL",Pinellas County,2429.6080586080584
52840,1115,Lagrange,city,GA,GA,"LaGrange, GA-AL",Troup County,1266.4461538461537
41665,1116,West Sacramento,city,CA,CA,"Sacramento-Roseville-Folsom, CA",Yolo County,2247.7893612235716
832068,1117,Webster,city,NY,NY,"Rochester, NY",Monroe County,1839.7132034632034
26431,1118,Peabody,city,MA,MA,"Boston-Cambridge-Newton, MA-NH",Essex County,2799.7666666666664
21417,1119,Yucaipa,city,CA,CA,"Riverside-San Bernardino-Ontario, CA",San Bernardino County,2329.5944444444444
44836,1120,Dacula,city,GA,GA,"Atlanta-Sandy Springs-Alpharetta, GA",Gwinnett County,2510.723905723906
39834,1121,Monroe,city,MI,MI,"Monroe, MI",Monroe County,1125
27016,1122,Sebring,city,FL,FL,"Sebring-Avon Park, FL",Highlands County,1591.7182539682537
29513,1123,Rosenberg,city,TX,TX,"Houston-The Woodlands-Sugar Land, TX",Fort Bend County,1791.4729344729346
27864,1124,West Haven,city,CT,CT,"New Haven-Milford, CT",New Haven County,1898.4166666666667
6507,1125,Pine Hills,city,FL,FL,"Orlando-Kissimmee-Sanford, FL",Orange County,1894.625
16520,1125,Donna,city,TX,TX,"McAllen-Edinburg-Mission, TX",Hidalgo County,802
44490,1127,Catonsville,city,MD,MD,"Baltimore-Columbia-Towson, MD",Baltimore County,1759.7666666666667
45983,1128,Kapolei,city,HI,HI,"Urban Honolulu, HI",Honolulu County,3157.6076923076926
6395,1129,Paramount,city,CA,CA,"Los Angeles-Long Beach-Anaheim, CA",Los Angeles County,2260.633333333333
4622,1130,Evans,city,GA,GA,"Augusta-Richmond County, GA-SC",Columbia County,1949.8737373737374
6884,1131,Saint Clair Shores,city,MI,MI,"Detroit-Warren-Dearborn, MI",Macomb County,1599.4444444444443
4520,1132,Edina,city,MN,MN,"Minneapolis-St. Paul-Bloomington, MN-WI",Hennepin County,1844.070709382151
4271,1133,Crystal Lake,city,IL,IL,"Chicago-Naperville-Elgin, IL-IN-WI",McHenry County,1984.8333333333333
12426,1134,Lombard,city,IL,IL,"Chicago-Naperville-Elgin, IL-IN-WI",DuPage County,2048.933002796847
12579,1135,Marrero,city,LA,LA,"New Orleans-Metairie, LA",Jefferson Parish,1665.2777777777776
17948,1136,Elizabethtown,city,KY,KY,"Elizabethtown-Fort Knox, KY",Hardin County,1511.6666666666667
396491,1137,Kailua,city,HI,HI,"Urban Honolulu, HI",Honolulu County,3402.394781144781
18124,1138,Florence,city,KY,KY,"Cincinnati, OH-KY-IN",Boone County,1630.5661375661377
12936,1139,New Castle,city,PA,PA,"New Castle, PA",Lawrence County,988.8888889
15796,1140,Methuen,city,MA,MA,"Boston-Cambridge-Newton, MA-NH",Essex County,2636.0833333333335
36529,1141,West New York,city,NJ,NJ,"New York-Newark-Jersey City, NY-NJ-PA",Hudson County,2967.351659
3699,1143,Bloomfield,city,NJ,NJ,"New York-Newark-Jersey City, NY-NJ-PA",Essex County,2298.3295454545455
13127,1144,Oroville,city,CA,CA,"Chico, CA",Butte County,1385.4166666666667
11022,1145,Cuyahoga Falls,city,OH,OH,"Akron, OH",Summit County,1442.6000000000001
26531,1146,Placentia,city,CA,CA,"Los Angeles-Long Beach-Anaheim, CA",Orange County,2764.8944444444446
46503,1147,Mentor,city,OH,OH,"Cleveland-Elyria, OH",Lake County,1888.888888888889
11400,1148,Fallbrook,city,CA,CA,"San Diego-Chula Vista-Carlsbad, CA",San Diego County,2996.3888888888887
398097,1149,Sheboygan,city,WI,WI,"Sheboygan, WI",Sheboygan County,1057.888888888889
4841,1150,Galveston,city,TX,TX,"Houston-The Woodlands-Sugar Land, TX",Galveston County,1424.4182647733371
28485,1151,Highland,city,CA,CA,"Riverside-San Bernardino-Ontario, CA",San Bernardino County,2577.25
38289,1152,East Lansing,city,MI,MI,"Lansing-East Lansing, MI",Ingham County,1785
181663,1153,Fuquay Varina,city,NC,NC,"Fayetteville, NC",Harnett County,2090.849747474748
42464,1154,Draper,city,UT,UT,"Salt Lake City, UT",Salt Lake County,1700.0378510378512
16117,1155,Sicklerville,city,NJ,NJ,"Philadelphia-Camden-Wilmington, PA-NJ-DE-MD",Camden County,2135.416666666667
53590,1156,Normal,city,IL,IL,"Bloomington, IL",McLean County,1544.888888888889
398673,1158,Plymouth,city,MA,MA,"Boston-Cambridge-Newton, MA-NH",Plymouth County,2711.3063973063972
44081,1159,Beaufort,city,SC,SC,"Hilton Head Island-Bluffton, SC",Beaufort County,1957.6074074074074
30338,1160,Ballwin,city,MO,MO,"St. Louis, MO-IL",Saint Louis County,2100.722222222222
39329,1161,Lake Stevens,city,WA,WA,"Seattle-Tacoma-Bellevue, WA",Snohomish County,2860.7453703703704
32262,1162,Kannapolis,city,NC,NC,"Charlotte-Concord-Gastonia, NC-SC",Cabarrus County,1545.8208333333332
12608,1163,Massapequa,city,NY,NY,"New York-Newark-Jersey City, NY-NJ-PA",Nassau County,3815
54002,1164,Prescott Valley,city,AZ,AZ,"Prescott Valley-Prescott, AZ",Yavapai County,1838.3690476190477
52847,1165,Lake City,city,FL,FL,"Lake City, FL",Columbia County,1515.5555555555557
6043,1166,Morgan Hill,city,CA,CA,"San Jose-Sunnyvale-Santa Clara, CA",Santa Clara County,3585.180555555555
13587,1167,Roseburg,city,OR,OR,"Roseburg, OR",Douglas County,1367.7222222222224
11664,1168,Granbury,city,TX,TX,"Granbury, TX",Hood County,1692.9444444444443
46076,1169,Kyle,city,TX,TX,"Austin-Round Rock-Georgetown, TX",Hays County,1723.0855763455766
11481,1170,Forney,city,TX,TX,"Dallas-Fort Worth-Arlington, TX",Kaufman County,2025.100768049155
8154,1171,Boerne,city,TX,TX,"San Antonio-New Braunfels, TX",Kendall County,1436.9238095238095
11520,1172,Frankfort,city,KY,KY,"Frankfort, KY",Franklin County,990.4583333333334
11328,1173,Enid,city,OK,OK,"Enid, OK",Garfield County,1150.0396825396826
827066,1174,Lockport,city,NY,NY,"Buffalo-Cheektowaga, NY",Niagara County,1016
44833,1175,Cypress,city,CA,CA,"Los Angeles-Long Beach-Anaheim, CA",Orange County,3024.694444444445
14016,1176,Stratford,city,CT,CT,"Bridgeport-Stamford-Norwalk, CT",Fairfield County,2233.1190476190477
45324,1177,Fort Washington,city,MD,MD,"Washington-Arlington-Alexandria, DC-VA-MD-WV",Prince Georges County,1653.2852813852815
24384,1178,Diamond Bar,city,CA,CA,"Los Angeles-Long Beach-Anaheim, CA",Los Angeles County,3401.6885521885524
52334,1179,Greenwood,city,SC,SC,"Greenwood, SC",Greenwood County,853.3333333333334
27079,1180,Sherman,city,TX,TX,"Sherman-Denison, TX",Grayson County,1566.5067155067154
26512,1181,Pinellas Park,city,FL,FL,"Tampa-St. Petersburg-Clearwater, FL",Pinellas County,2063.194444444445
37086,1182,Aliso Viejo,city,CA,CA,"Los Angeles-Long Beach-Anaheim, CA",Orange County,3336.234424995295
17871,1183,East Hartford,city,CT,CT,"Hartford-East Hartford-Middletown, CT",Hartford County,1408.8333333333335
5302,1184,Issaquah,city,WA,WA,"Seattle-Tacoma-Bellevue, WA",King County,2800.840897927105
39503,1185,Longview,city,WA,WA,"Longview, WA",Cowlitz County,1413.5523809523809
38766,1186,Grapevine,city,TX,TX,"Dallas-Fort Worth-Arlington, TX",Tarrant County,1748.5615338164253
3615,1187,Belleville,city,IL,IL,"St. Louis, MO-IL",Saint Clair County,1001.2626262626263
12751,1188,Milwaukie,city,OR,OR,"Portland-Vancouver-Hillsboro, OR-WA",Clackamas County,1819.6605339105338
20414,1189,Seguin,city,TX,TX,"San Antonio-New Braunfels, TX",Guadalupe County,1532.625
34718,1190,Wentzville,city,MO,MO,"St. Louis, MO-IL",Saint Charles County,1724.6650793650795
17150,1192,Brea,city,CA,CA,"Los Angeles-Long Beach-Anaheim, CA",Orange County,2697.637566137566
52391,1193,Hammond,city,LA,LA,"Hammond, LA",Tangipahoa Parish,1236.1574074074074
13419,1194,Quincy,city,IL,IL,"Quincy, IL-MO",Adams County,980.8333333333334
34870,1195,Windermere,city,FL,FL,"Orlando-Kissimmee-Sanford, FL",Orange County,2438.206765314822
6137,1196,New Albany,city,IN,IN,"Louisville/Jefferson County, KY-IN",Floyd County,1163.6000000000001
49352,1197,Dunwoody,city,GA,GA,"Atlanta-Sandy Springs-Alpharetta, GA",Dekalb County,1672.5903993855607
52905,1198,Lawrence,city,IN,IN,"Indianapolis-Carmel-Anderson, IN",Marion County,1676.892857142857
20044,1199,Poway,city,CA,CA,"San Diego-Chula Vista-Carlsbad, CA",San Diego County,3597.34127
40420,1200,Post Falls,city,ID,ID,"Coeur d'Alene, ID",Kootenai County,1804.361111111111
192040,1201,Sierra Vista,city,AZ,AZ,"Sierra Vista-Douglas, AZ",Cochise County,1446.2896825396826
12762,1202,Minnetonka,city,MN,MN,"Minneapolis-St. Paul-Bloomington, MN-WI",Hennepin County,1854.9308901884342
17229,1203,Burien,city,WA,WA,"Seattle-Tacoma-Bellevue, WA",King County,1818.6731837606837
30788,1204,Cathedral City,city,CA,CA,"Riverside-San Bernardino-Ontario, CA",Riverside County,2916.746031746032
46588,1205,Montgomery,city,TX,TX,"Houston-The Woodlands-Sugar Land, TX",Montgomery County,1948.137254901961
13678,1206,Salina,city,KS,KS,"Salina, KS",Saline County,1063.888888888889
6892,1207,Saint Louis Park,city,MN,MN,"Minneapolis-St. Paul-Bloomington, MN-WI",Hennepin County,1796.5610638549235
50967,1208,Benton,city,AR,AR,"Little Rock-North Little Rock-Conway, AR",Saline County,1473.7539682539682
31724,1209,Georgetown,city,KY,KY,"Lexington-Fayette, KY",Scott County,1504.4642857142856
49000,1210,East Stroudsburg,city,PA,PA,"East Stroudsburg, PA",Monroe County,1978.5555555555557
32992,1212,Mount Vernon,city,WA,WA,"Mount Vernon-Anacortes, WA",Skagit County,1799.1666666666667
4180,1213,Columbus,city,MS,MS,"Columbus, MS",Lowndes County,1362.6666666666667
10774,1214,Cerritos,city,CA,CA,"Los Angeles-Long Beach-Anaheim, CA",Los Angeles County,3481.352380952381
31299,1215,Eagle Pass,city,TX,TX,"Eagle Pass, TX",Maverick County,1621.2666666666667
39087,1216,Hutchinson,city,KS,KS,"Hutchinson, KS",Reno County,745.9629629629629
20022,1217,Port Richey,city,FL,FL,"Tampa-St. Petersburg-Clearwater, FL",Pasco County,1790.965886939571
10834,1218,Claremore,city,OK,OK,"Tulsa, OK",Rogers County,1538.8888888888887
54492,1219,Southaven,city,MS,MS,"Memphis, TN-MS-AR",DeSoto County,1601.7348927875244
47830,1220,Starkville,city,MS,MS,"Starkville, MS",Oktibbeha County,1468.409401709402
33953,1221,Shakopee,city,MN,MN,"Minneapolis-St. Paul-Bloomington, MN-WI",Scott County,1790.3154623154624
26713,1222,Redford,city,MI,MI,"Detroit-Warren-Dearborn, MI",Wayne County,1528.4074074074076
45429,1223,Gig Harbor,city,WA,WA,"Seattle-Tacoma-Bellevue, WA",Pierce County,2640.4880952380954
13370,1224,Portage,city,MI,MI,"Kalamazoo-Portage, MI",Kalamazoo County,1857.5277777777776
15471,1225,East Brunswick,city,NJ,NJ,"New York-Newark-Jersey City, NY-NJ-PA",Middlesex County,2630.9253968253975
12157,1226,Kaneohe,city,HI,HI,"Urban Honolulu, HI",Honolulu County,3466.4583333333335
12413,1227,Liverpool,city,NY,NY,"Syracuse, NY",Onondaga County,2334
37799,1228,Cedar Hill,city,TX,TX,"Dallas-Fort Worth-Arlington, TX",Dallas County,1842.2214285714283
5465,1229,La Mirada,city,CA,CA,"Los Angeles-Long Beach-Anaheim, CA",Los Angeles County,2584.3888888888887
41130,1230,Sun City,city,AZ,AZ,"Phoenix-Mesa-Chandler, AZ",Maricopa County,1787.563492063492
24215,1231,Coral Gables,city,FL,FL,"Miami-Fort Lauderdale-Pompano Beach, FL",Miami-Dade County,3486.805555555555
16946,1232,Bedford,city,TX,TX,"Dallas-Fort Worth-Arlington, TX",Tarrant County,1556.5981481481479
6102,1234,Murray,city,UT,UT,"Salt Lake City, UT",Salt Lake County,1438.225396825397
46291,1235,Logan,city,UT,UT,"Logan, UT-ID",Cache County,1373.5714285714287
16216,1236,West Orange,city,NJ,NJ,"New York-Newark-Jersey City, NY-NJ-PA",Essex County,2681.027777777778
44633,1237,Cleburne,city,TX,TX,"Dallas-Fort Worth-Arlington, TX",Johnson County,1404.6309523809523
54001,1238,Prattville,city,AL,AL,"Montgomery, AL",Autauga County,1921.6537037037035
398406,1239,Monroe Township,city,NJ,NJ,"New York-Newark-Jersey City, NY-NJ-PA",Middlesex County,3007.8333333333335
37279,1240,Barnstable,city,MA,MA,"Barnstable Town, MA",Barnstable County,2849.5
51701,1241,Desert Hot Springs,city,CA,CA,"Riverside-San Bernardino-Ontario, CA",Riverside County,2151.857142857143
4625,1242,Everett,city,MA,MA,"Boston-Cambridge-Newton, MA-NH",Middlesex County,2840.193121693121
3701,1243,Bloomfield Hills,city,MI,MI,"Detroit-Warren-Dearborn, MI",Oakland County,3090.277777777778
51743,1244,Downingtown,city,PA,PA,"Philadelphia-Camden-Wilmington, PA-NJ-DE-MD",Chester County,2276.4880952380954
28533,1245,Hoffman Estates,city,IL,IL,"Chicago-Naperville-Elgin, IL-IN-WI",Cook County,1813.611111111111
7794,1247,Wauwatosa,city,WI,WI,"Milwaukee-Waukesha, WI",Milwaukee County,1655.9272727272728
12592,1248,Martinez,city,CA,CA,"San Francisco-Oakland-Berkeley, CA",Contra Costa County,2550.8299663299663
11685,1249,Grass Valley,city,CA,CA,"Truckee-Grass Valley, CA",Nevada County,2108.3333333333335
48346,1250,Wasilla,city,AK,AK,"Anchorage, AK",Matanuska Susitna Borough,1784.7420634920634
24061,1251,Chester,city,VA,VA,"Richmond, VA",Chesterfield County,1686.628205128205
48343,1252,Washington,city,PA,PA,"Pittsburgh, PA",Washington County,955.8333333333334
12725,1253,Milford,city,CT,CT,"New Haven-Milford, CT",New Haven County,2581.652777777778
33308,1254,Palmetto,city,FL,FL,"North Port-Sarasota-Bradenton, FL",Manatee County,2629.089947089947
49611,1255,Newark,city,CA,CA,"San Francisco-Oakland-Berkeley, CA",Alameda County,3247.555555555556
33639,1256,Rexburg,city,ID,ID,"Rexburg, ID",Madison County,1033.0833333333333
45612,1257,Haines City,city,FL,FL,"Lakeland-Winter Haven, FL",Polk County,2061.2063492063494
7208,1258,Spring Hill,city,TN,TN,"Nashville-Davidson--Murfreesboro--Franklin, TN",Maury County,2313.551587301587
14527,1259,Weslaco,city,TX,TX,"McAllen-Edinburg-Mission, TX",Hidalgo County,1003.8492063492064
20245,1260,Roseville,city,MI,MI,"Detroit-Warren-Dearborn, MI",Macomb County,1315.2063492063492
395625,1261,Clarkston,city,MI,MI,"Detroit-Warren-Dearborn, MI",Oakland County,1932.888888888889
833822,1262,Doylestown,city,PA,PA,"Philadelphia-Camden-Wilmington, PA-NJ-DE-MD",Bucks County,2581.3611111111113
47966,1263,Texas City,city,TX,TX,"Houston-The Woodlands-Sugar Land, TX",Galveston County,1490.0396825396826
4568,1264,Elmhurst,city,IL,IL,"Chicago-Naperville-Elgin, IL-IN-WI",DuPage County,2417.952136752137
46523,1265,Middletown,city,CT,CT,"Hartford-East Hartford-Middletown, CT",Middlesex County,1910.6765873015872
852234,1266,Antelope,city,CA,CA,"Sacramento-Roseville-Folsom, CA",Sacramento County,2467.230769230769
40256,1267,Parkersburg,city,WV,WV,"Parkersburg-Vienna, WV",Wood County,1036.25
10315,1268,Beavercreek,city,OH,OH,"Dayton-Kettering, OH",Greene County,1742.5833333333333
21995,1269,Lakewood,city,OH,OH,"Cleveland-Elyria, OH",Cuyahoga County,1386.2986631016045
46389,1270,Mandeville,city,LA,LA,"New Orleans-Metairie, LA",Saint Tammany Parish,1596.1824074074075
34885,1271,Winter Springs,city,FL,FL,"Orlando-Kissimmee-Sanford, FL",Seminole County,1911.088319088319
52991,1272,Lititz,city,PA,PA,"Lancaster, PA",Lancaster County,1466.111111111111
37918,1273,Cleveland,city,TX,TX,"Houston-The Woodlands-Sugar Land, TX",Liberty County,1651.4166666666667
38170,1274,Del Rio,city,TX,TX,"Del Rio, TX",Val Verde County,1800
13386,1276,Prairieville,city,LA,LA,"Baton Rouge, LA",Ascension Parish,2056.4444444444443
7645,1277,Urbana,city,IL,IL,"Champaign-Urbana, IL",Champaign County,1227.5833333333333
33716,1278,Rockwall,city,TX,TX,"Dallas-Fort Worth-Arlington, TX",Rockwall County,2050.016754850088
5504,1279,Lake Oswego,city,OR,OR,"Portland-Vancouver-Hillsboro, OR-WA",Clackamas County,2140.5444444444443
6251,1280,Northville,city,MI,MI,"Detroit-Warren-Dearborn, MI",Wayne County,1596.4425925925927
45191,1281,Eureka,city,CA,CA,"Eureka-Arcata, CA",Humboldt County,1396.388888888889
23553,1282,Austell,city,GA,GA,"Atlanta-Sandy Springs-Alpharetta, GA",Cobb County,1944.2016339869278
13149,1283,Oxford,city,MS,MS,"Oxford, MS",Lafayette County,2209.993055555555
41533,1283,Wahiawa,city,HI,HI,"Urban Honolulu, HI",Honolulu County,2196.111111111111
4488,1285,East Providence,city,RI,RI,"Providence-Warwick, RI-MA",Providence County,1847.0952380952378
272603,1288,La Porte,city,IN,IN,"Michigan City-La Porte, IN",La Porte County,1087
47210,1289,Potomac,city,MD,MD,"Washington-Arlington-Alexandria, DC-VA-MD-WV",Montgomery County,3889.9166666666665
39176,1290,Jonesboro,city,GA,GA,"Atlanta-Sandy Springs-Alpharetta, GA",Clayton County,1749.594373219373
16750,1291,Alvin,city,TX,TX,"Houston-The Woodlands-Sugar Land, TX",Brazoria County,1721.6666666666667
51952,1292,Evesham Township,city,NJ,NJ,"Philadelphia-Camden-Wilmington, PA-NJ-DE-MD",Burlington County,2298.816919191919
46965,1293,Palm Springs,city,CA,CA,"Riverside-San Bernardino-Ontario, CA",Riverside County,2475.375707384403
34266,1294,Thibodaux,city,LA,LA,"Houma-Thibodaux, LA",Lafourche Parish,1384.2031746031746
46316,1295,Los Banos,city,CA,CA,"Merced, CA",Merced County,2375.555555555556
829287,1296,Watertown,city,NY,NY,"Watertown-Fort Drum, NY",Jefferson County,1259.0833333333333
34849,1297,Williamsport,city,PA,PA,"Williamsport, PA",Lycoming County,1046.5873015873015
50800,1299,Auburn,city,CA,CA,"Sacramento-Roseville-Folsom, CA",Placer County,2171.2380952380954
30583,1300,Brentwood,city,TN,TN,"Nashville-Davidson--Murfreesboro--Franklin, TN",Williamson County,2887.25
13560,1301,Rockledge,city,FL,FL,"Palm Bay-Melbourne-Titusville, FL",Brevard County,2061.871794871795
5335,1302,Jeffersonville,city,IN,IN,"Louisville/Jefferson County, KY-IN",Clark County,1413.138888888889
32048,1303,Hinesville,city,GA,GA,"Hinesville, GA",Liberty County,1603.4594859163826
4557,1304,Elkton,city,MD,MD,"Philadelphia-Camden-Wilmington, PA-NJ-DE-MD",Cecil County,1901.5555555555557
53420,1305,Morristown,city,NJ,NJ,"New York-Newark-Jersey City, NY-NJ-PA",Morris County,2982.319047619048
55287,1306,Yorktown,city,VA,VA,"Virginia Beach-Norfolk-Newport News, VA-NC",York County,2230.527777777778
43936,1307,Arlington,city,MA,MA,"Boston-Cambridge-Newton, MA-NH",Middlesex County,2701.6495726495727
51386,1308,Chesterfield,city,MO,MO,"St. Louis, MO-IL",Saint Louis County,1673.7336182336182
38835,1309,Hackensack,city,NJ,NJ,"New York-Newark-Jersey City, NY-NJ-PA",Bergen County,2603.5654411764704
23542,1310,Attleboro,city,MA,MA,"Providence-Warwick, RI-MA",Bristol County,2042.5833333333333
33117,1311,Nicholasville,city,KY,KY,"Lexington-Fayette, KY",Jessamine County,1374.2380952380952
13181,1312,Papillion,city,NE,NE,"Omaha-Council Bluffs, NE-IA",Sarpy County,1552.4285714285716
41098,1313,Strongsville,city,OH,OH,"Cleveland-Elyria, OH",Cuyahoga County,1685
41535,1314,Waianae,city,HI,HI,"Urban Honolulu, HI",Honolulu County,2283.3333333333335
21991,1316,Lakeside,city,CA,CA,"San Diego-Chula Vista-Carlsbad, CA",San Diego County,2850.527777777778
20165,1317,Richmond,city,IN,IN,"Richmond, IN",Wayne County,775.8333333333334
56619,1318,Winder,city,GA,GA,"Atlanta-Sandy Springs-Alpharetta, GA",Barrow County,2018.3657407407409
32390,1319,Lake Mary,city,FL,FL,"Orlando-Kissimmee-Sanford, FL",Seminole County,2034.3930626296924
45221,1320,Fairfield,city,OH,OH,"Cincinnati, OH-KY-IN",Butler County,1305.6111111111113
19458,1321,Moorhead,city,MN,MN,"Fargo, ND-MN",Clay County,1557.2857142857144
10772,1322,Ceres,city,CA,CA,"Modesto, CA",Stanislaus County,2125
26052,1323,Muskogee,city,OK,OK,"Muskogee, OK",Muskogee County,988.8888888888888
44738,1324,Converse,city,TX,TX,"San Antonio-New Braunfels, TX",Bexar County,1713.490970784449
24117,1325,Cleveland Heights,city,OH,OH,"Cleveland-Elyria, OH",Cuyahoga County,1569.1779185520363
5138,1326,Herriman,city,UT,UT,"Salt Lake City, UT",Salt Lake County,1896.9049019607844
42728,1327,Peachtree Corners,city,GA,GA,"Atlanta-Sandy Springs-Alpharetta, GA",Gwinnett County,1534.0417884990254
18942,1328,Lancaster,city,TX,TX,"Dallas-Fort Worth-Arlington, TX",Dallas County,2020.8037037037038
19655,1329,North Augusta,city,SC,SC,"Augusta-Richmond County, GA-SC",Edgefield County,1467.876984126984
37662,1330,Burlington,city,VT,VT,"Burlington-South Burlington, VT",Chittenden County,2037.9349909349912
24624,1332,Euclid,city,OH,OH,"Cleveland-Elyria, OH",Cuyahoga County,1295.4629629629628
37370,1333,Belton,city,TX,TX,"Killeen-Temple, TX",Bell County,1738.0952380952378
24063,1334,Chesterfield,city,MI,MI,"Detroit-Warren-Dearborn, MI",Macomb County,1404.1666666666665
17931,1335,El Dorado Hills,city,CA,CA,"Sacramento-Roseville-Folsom, CA",El Dorado County,2872.830036630037
39512,1336,Los Lunas,city,NM,NM,"Albuquerque, NM",Valencia County,1906.1666666666667
50327,1337,Brunswick,city,OH,OH,"Cleveland-Elyria, OH",Medina County,1829.75
37174,1338,Arlington,city,WA,WA,"Seattle-Tacoma-Bellevue, WA",Snohomish County,2216.1759259259256
6391,1339,Panama City Beach,city,FL,FL,"Panama City, FL",Bay County,1631.1885077249426
19944,1340,Pine Bluff,city,AR,AR,"Pine Bluff, AR",Jefferson County,1199
19355,1341,Middletown,city,DE,DE,"Philadelphia-Camden-Wilmington, PA-NJ-DE-MD",New Castle County,2598.8888888888887
10552,1342,Bridgewater Township,city,NJ,NJ,"New York-Newark-Jersey City, NY-NJ-PA",Somerset County,2725
23785,1344,Bountiful,city,UT,UT,"Ogden-Clearfield, UT",Davis County,1862.361111111111
13277,1345,Phoenixville,city,PA,PA,"Philadelphia-Camden-Wilmington, PA-NJ-DE-MD",Chester County,2013.4848484848487
43490,1348,Lindenhurst,city,NY,NY,"New York-Newark-Jersey City, NY-NJ-PA",Suffolk County,2450
52382,1349,Haltom City,city,TX,TX,"Dallas-Fort Worth-Arlington, TX",Tarrant County,1475.2777777777776
4232,1350,Covington,city,KY,KY,"Cincinnati, OH-KY-IN",Kenton County,1501.751984126984
55433,1351,Dekalb,city,IL,IL,"Chicago-Naperville-Elgin, IL-IN-WI",DeKalb County,1129.4949494949497
20789,1352,Thomasville,city,NC,NC,"Winston-Salem, NC",Davidson County,1488.222222222222
15554,1353,Rancho Santa Margarita,city,CA,CA,"Los Angeles-Long Beach-Anaheim, CA",Orange County,2857.4027777777774
13218,1354,Patchogue,city,NY,NY,"New York-Newark-Jersey City, NY-NJ-PA",Suffolk County,2887.633333333333
39760,1355,Merritt Island,city,FL,FL,"Palm Bay-Melbourne-Titusville, FL",Brevard County,1967.420634920635
22827,1356,Rowland Heights,city,CA,CA,"Los Angeles-Long Beach-Anaheim, CA",Los Angeles County,3022.0508658008657
21446,1357,Coraopolis,city,PA,PA,"Pittsburgh, PA",Allegheny County,1465.398148148148
32912,1358,Moline,city,IL,IL,"Davenport-Moline-Rock Island, IA-IL",Rock Island County,1169.2063492063492
19725,1359,Oakland Park,city,FL,FL,"Miami-Fort Lauderdale-Pompano Beach, FL",Broward County,2149.6460317460314
41001,1360,Spanish Fork,city,UT,UT,"Provo-Orem, UT",Utah County,1942.6666666666667
27836,1361,Wenatchee,city,WA,WA,"Wenatchee, WA",Chelan County,1778.1666666666667
26215,1362,Northport,city,AL,AL,"Tuscaloosa, AL",Tuscaloosa County,1264.1666666666667
26779,1363,Riverton,city,UT,UT,"Salt Lake City, UT",Salt Lake County,2229.2678571428573
397859,1364,Mt Laurel Township,city,NJ,NJ,"Philadelphia-Camden-Wilmington, PA-NJ-DE-MD",Burlington County,2140.4166666666665
46642,1365,Mount Pleasant,city,MI,MI,"Mount Pleasant, MI",Isabella County,1082.7777777777778
39885,1366,Moses Lake,city,WA,WA,"Moses Lake, WA",Grant County,1606.4896019013668
41669,1367,Westbury,city,NY,NY,"New York-Newark-Jersey City, NY-NJ-PA",Nassau County,3303.4166666666665
40207,1368,Owasso,city,OK,OK,"Tulsa, OK",Tulsa County,1523.9746031746033
22517,1370,Ocoee,city,FL,FL,"Orlando-Kissimmee-Sanford, FL",Orange County,2264.7317460317463
31501,1371,Fairburn,city,GA,GA,"Atlanta-Sandy Springs-Alpharetta, GA",Fulton County,2224.4491452991456
838866,1372,Hamburg,city,NY,NY,"Buffalo-Cheektowaga, NY",Erie County,1399.1666666666667
27747,1373,Wallingford,city,CT,CT,"New Haven-Milford, CT",New Haven County,1852.2222222222224
17231,1374,Burke,city,VA,VA,"Washington-Arlington-Alexandria, DC-VA-MD-WV",Fairfax County,2942.944444444445
31546,1375,Fenton,city,MO,MO,"St. Louis, MO-IL",Saint Louis County,1727.7777777777776
36029,1376,Ringgold,city,GA,GA,"Chattanooga, TN-GA",Catoosa County,1918.3333333333333
30953,1378,Clovis,city,NM,NM,"Clovis, NM",Curry County,1150.638888888889
4650,1379,Fair Oaks,city,CA,CA,"Sacramento-Roseville-Folsom, CA",Sacramento County,2109.8055555555557
19967,1380,Pittsfield,city,MA,MA,"Pittsfield, MA",Berkshire County,1578.3333333333333
10625,1381,Burleson,city,TX,TX,"Dallas-Fort Worth-Arlington, TX",Johnson County,1947.7962962962963
36428,1382,Tolleson,city,AZ,AZ,"Phoenix-Mesa-Chandler, AZ",Maricopa County,2115.6480186480185
46907,1383,Orangeburg,city,SC,SC,"Orangeburg, SC",Orangeburg County,1022.5
42608,1384,Raeford,city,NC,NC,"Fayetteville, NC",Hoke County,1669.7261904761906
48310,1385,Walla Walla,city,WA,WA,"Walla Walla, WA",Walla Walla County,1707.5
22021,1386,Fairport,city,NY,NY,"Rochester, NY",Monroe County,1525.0833333333333
37995,1387,Concord,city,NH,NH,"Concord, NH",Merrimack County,1960
48531,1388,Windsor Mill,city,MD,MD,"Baltimore-Columbia-Towson, MD",Baltimore County,1518.4599616858238
26336,1389,Oswego,city,IL,IL,"Chicago-Naperville-Elgin, IL-IN-WI",Kendall County,2244.3777777777777
25096,1390,Hephzibah,city,GA,GA,"Augusta-Richmond County, GA-SC",Richmond County,1463.0555555555557
53694,1391,Okeechobee,city,FL,FL,"Okeechobee, FL",Okeechobee County,1700
5751,1393,Madison,city,MS,MS,"Jackson, MS",Madison County,2432.0833333333335
16087,1393,Xenia,city,OH,OH,"Dayton-Kettering, OH",Greene County,1262.7777777777776
47021,1395,Paso Robles,city,CA,CA,"San Luis Obispo-Paso Robles, CA",San Luis Obispo County,2909.1666666666665
36718,1396,Linden,city,NJ,NJ,"New York-Newark-Jersey City, NY-NJ-PA",Union County,2433.035714285714
13650,1397,Saint Charles,city,IL,IL,"Chicago-Naperville-Elgin, IL-IN-WI",Kane County,1994.32684
17654,1398,Cumberland,city,MD,MD,"Cumberland, MD-WV",Allegany County,1032.5
21386,1400,Wooster,city,OH,OH,"Wooster, OH",Wayne County,1365.8333333333333
37601,1401,Brookfield,city,WI,WI,"Milwaukee-Waukesha, WI",Waukesha County,2616.666666666667
26188,1403,North Lauderdale,city,FL,FL,"Miami-Fort Lauderdale-Pompano Beach, FL",Broward County,2305.3310023310023
26329,1404,Oro Valley,city,AZ,AZ,"Tucson, AZ",Pima County,1826.0491452991455
9255,1406,San Pablo,city,CA,CA,"San Francisco-Oakland-Berkeley, CA",Contra Costa County,2470.1190476190477
23848,1407,Brooksville,city,FL,FL,"Tampa-St. Petersburg-Clearwater, FL",Hernando County,1785.8095238095239
397310,1409,Cutler Bay,city,FL,FL,"Miami-Fort Lauderdale-Pompano Beach, FL",Miami-Dade County,2604.5925925925926
43575,1410,Woonsocket,city,RI,RI,"Providence-Warwick, RI-MA",Providence County,1543.5119047619046
25206,1411,Hudson,city,FL,FL,"Tampa-St. Petersburg-Clearwater, FL",Pasco County,2065.9920634920636
23942,1412,Cape Girardeau,city,MO,MO,"Cape Girardeau, MO-IL",Cape Girardeau County,1036.8383838383838
39405,1414,Leominster,city,MA,MA,"Worcester, MA-CT",Worcester County,1758.888888888889
5398,1415,Kent,city,OH,OH,"Akron, OH",Portage County,1603.7619047619046
18320,1416,Gonzales,city,LA,LA,"Baton Rouge, LA",Ascension Parish,1530.0454545454545
8201,1417,Avon,city,IN,IN,"Indianapolis-Carmel-Anderson, IN",Hendricks County,1878.4126984126985
10301,1419,Bear,city,DE,DE,"Philadelphia-Camden-Wilmington, PA-NJ-DE-MD",New Castle County,2039.8214285714287
33949,1419,Sewell,city,NJ,NJ,"Philadelphia-Camden-Wilmington, PA-NJ-DE-MD",Gloucester County,2300
28510,1421,Hillsborough Township,city,NJ,NJ,"New York-Newark-Jersey City, NY-NJ-PA",Somerset County,2616.25
32923,1422,Monrovia,city,CA,CA,"Los Angeles-Long Beach-Anaheim, CA",Los Angeles County,3028.3425925925926
46780,1423,North Brunswick,city,NJ,NJ,"New York-Newark-Jersey City, NY-NJ-PA",Middlesex County,2780
12798,1424,Monroe,city,GA,GA,"Atlanta-Sandy Springs-Alpharetta, GA",Walton County,1997.3944444444444
27398,1425,The Colony,city,TX,TX,"Dallas-Fort Worth-Arlington, TX",Denton County,1922.2264660493827
44750,1426,Coppell,city,TX,TX,"Dallas-Fort Worth-Arlington, TX",Dallas County,1987.5076754385966
16567,1427,Fitchburg,city,MA,MA,"Worcester, MA-CT",Worcester County,1851.9444444444443
46904,1428,Opelika,city,AL,AL,"Auburn-Opelika, AL",Lee County,1390.4444444444443
13631,1429,Russellville,city,AR,AR,"Russellville, AR",Pope County,991.6666666666666
17272,1430,Campbell,city,CA,CA,"San Jose-Sunnyvale-Santa Clara, CA",Santa Clara County,3111.6763587289897
32703,1431,Marion,city,IA,IA,"Cedar Rapids, IA",Linn County,949.7420634920635
19100,1432,Los Gatos,city,CA,CA,"San Jose-Sunnyvale-Santa Clara, CA",Santa Clara County,4156.5026455026455
4976,1433,Greeneville,city,TN,TN,"Greeneville, TN",Greene County,1200
13691,1434,San Bruno,city,CA,CA,"San Francisco-Oakland-Berkeley, CA",San Mateo County,2885.054487179487
53780,1435,Pahrump,city,NV,NV,"Pahrump, NV",Nye County,1352.7777777777776
395772,1436,Milton,city,GA,GA,"Atlanta-Sandy Springs-Alpharetta, GA",Fulton County,1918.7182186234816
33178,1437,Northbrook,city,IL,IL,"Chicago-Naperville-Elgin, IL-IN-WI",Cook County,2923.2896825396824
11325,1438,Enfield,city,CT,CT,"Hartford-East Hartford-Middletown, CT",Hartford County,1811.25
33821,1439,Salem,city,MA,MA,"Boston-Cambridge-Newton, MA-NH",Essex County,2661.912962962963
52353,1440,Grovetown,city,GA,GA,"Augusta-Richmond County, GA-SC",Columbia County,1764.8683760683762
838865,1441,Tonawanda,city,NY,NY,"Buffalo-Cheektowaga, NY",Erie County,1243.2083333333333
39748,1442,Menlo Park,city,CA,CA,"San Francisco-Oakland-Berkeley, CA",San Mateo County,3938.5
399250,1444,Beloit,city,WI,WI,"Janesville-Beloit, WI",Rock County,1102.2222222222224
829820,1445,Elmira,city,NY,NY,"Elmira, NY",Chemung County,1097.5
11340,1446,Essex,city,MD,MD,"Baltimore-Columbia-Towson, MD",Baltimore County,1858.4583333333333
37757,1447,Carol Stream,city,IL,IL,"Chicago-Naperville-Elgin, IL-IN-WI",DuPage County,1841.4404761904761
19911,1450,Perrysburg,city,OH,OH,"Toledo, OH",Wood County,1562.2282051282052
24315,1450,Danville,city,IL,IL,"Danville, IL",Vermilion County,806.9563492063493
40059,1452,North Miami Beach,city,FL,FL,"Miami-Fort Lauderdale-Pompano Beach, FL",Miami-Dade County,2504.9752886002884
44170,1453,Billerica,city,MA,MA,"Boston-Cambridge-Newton, MA-NH",Middlesex County,2766.222222222222
24162,1454,Collegeville,city,PA,PA,"Philadelphia-Camden-Wilmington, PA-NJ-DE-MD",Montgomery County,2506.01746
30651,1455,Bullhead City,city,AZ,AZ,"Lake Havasu City-Kingman, AZ",Mohave County,1480.261111111111
4375,1457,District Heights,city,MD,MD,"Washington-Arlington-Alexandria, DC-VA-MD-WV",Prince Georges County,1580.0046296296296
16899,1459,Bartlesville,city,OK,OK,"Tulsa, OK",Osage County,1225.313492063492
5958,1460,Milledgeville,city,GA,GA,"Milledgeville, GA",Baldwin County,1283.3333333333333
19728,1461,Oakley,city,CA,CA,"San Francisco-Oakland-Berkeley, CA",Contra Costa County,3274.722222222222
11561,1462,Gaffney,city,SC,SC,"Gaffney, SC",Cherokee County,1053.0555555555554
18375,1463,Great Neck,city,NY,NY,"New York-Newark-Jersey City, NY-NJ-PA",Nassau County,4406.666666666667
52321,1464,Greenacres,city,FL,FL,"Miami-Fort Lauderdale-Pompano Beach, FL",Palm Beach County,2133.6793650793647
398269,1465,Fenton,city,MI,MI,"Detroit-Warren-Dearborn, MI",Livingston County,1490
6008,1466,Moncks Corner,city,SC,SC,"Charleston-North Charleston, SC",Berkeley County,2313.461279
23858,1468,Brownsburg,city,IN,IN,"Indianapolis-Carmel-Anderson, IN",Hendricks County,1929.9111111111113
51410,1469,Cibolo,city,TX,TX,"San Antonio-New Braunfels, TX",Guadalupe County,1995.8333333333333
39210,1469,Keller,city,TX,TX,"Dallas-Fort Worth-Arlington, TX",Tarrant County,1932.030303030303
5382,1471,Kearny,city,NJ,NJ,"New York-Newark-Jersey City, NY-NJ-PA",Hudson County,2164.4444444444443
19212,1472,Marlborough,city,MA,MA,"Boston-Cambridge-Newton, MA-NH",Middlesex County,2473.734722222222
28017,1473,Woodinville,city,WA,WA,"Seattle-Tacoma-Bellevue, WA",King County,2631.4727272727273
26716,1475,Redmond,city,OR,OR,"Bend, OR",Deschutes County,2103.0820105820108
21014,1477,Urbandale,city,IA,IA,"Des Moines-West Des Moines, IA",Polk County,1064.7027777777778
53154,1478,Maplewood,city,MN,MN,"Minneapolis-St. Paul-Bloomington, MN-WI",Ramsey County,1528.6555555555558
44042,1479,Bartlett,city,IL,IL,"Chicago-Naperville-Elgin, IL-IN-WI",DuPage County,2165.833333333333
51302,1480,Casselberry,city,FL,FL,"Orlando-Kissimmee-Sanford, FL",Seminole County,2007.8166666666668
52133,1481,Friendswood,city,TX,TX,"Houston-The Woodlands-Sugar Land, TX",Galveston County,1973.8333333333333
47956,1482,Teaneck,city,NJ,NJ,"New York-Newark-Jersey City, NY-NJ-PA",Bergen County,3025
7045,1483,Shelton,city,CT,CT,"Bridgeport-Stamford-Norwalk, CT",Fairfield County,2589.2000000000003
5586,1484,Lebanon,city,OH,OH,"Cincinnati, OH-KY-IN",Warren County,1900.2222222222224
32081,1485,Hopkinsville,city,KY,KY,"Clarksville, TN-KY",Christian County,988.375
27376,1486,Taylors,city,SC,SC,"Greenville-Anderson, SC",Greenville County,1323.2848484848485
57317,1488,Winchester,city,CA,CA,"Riverside-San Bernardino-Ontario, CA",Riverside County,3259.7666666666664
39839,1489,Montclair,city,NJ,NJ,"New York-Newark-Jersey City, NY-NJ-PA",Essex County,2903.459595959596
5033,1491,Hallandale,city,FL,FL,"Miami-Fort Lauderdale-Pompano Beach, FL",Broward County,2467.6432539682537
25879,1492,Middle River,city,MD,MD,"Baltimore-Columbia-Towson, MD",Baltimore County,1722.5524966261808
56207,1493,Marana,city,AZ,AZ,"Tucson, AZ",Pima County,2183.4984126984127
55142,1494,Westfield,city,MA,MA,"Springfield, MA",Hampden County,1687.5
20860,1495,Tupelo,city,MS,MS,"Tupelo, MS",Lee County,1401.3472222222224
38695,1496,Gillette,city,WY,WY,"Gillette, WY",Campbell County,1199.8999999999999
56162,1497,Painesville,city,OH,OH,"Cleveland-Elyria, OH",Lake County,1655.1222222222223
37063,1498,Aiea,city,HI,HI,"Urban Honolulu, HI",Honolulu County,2435.8333333333335
836931,1499,Upper Darby,city,PA,PA,"Philadelphia-Camden-Wilmington, PA-NJ-DE-MD",Delaware County,1455.2380952380954
39089,1500,Hyattsville,city,MD,MD,"Washington-Arlington-Alexandria, DC-VA-MD-WV",Prince Georges County,2132.1787163561075
839005,1501,Clifton Park,city,NY,NY,"Albany-Schenectady-Troy, NY",Saratoga County,1580.6545454545455
21355,1502,Woburn,city,MA,MA,"Boston-Cambridge-Newton, MA-NH",Middlesex County,2847.5722222222225
17163,1503,Brighton,city,CO,CO,"Denver-Aurora-Lakewood, CO",Adams County,2053.983116883117
396136,1506,Lutherville Timonium,city,MD,MD,"Baltimore-Columbia-Towson, MD",Baltimore County,2199.5833333333335
51617,1507,Culver City,city,CA,CA,"Los Angeles-Long Beach-Anaheim, CA",Los Angeles County,3812.363507625272
12186,1508,Kerrville,city,TX,TX,"Kerrville, TX",Kerr County,1752.888888888889
23912,1509,Calhoun,city,GA,GA,"Calhoun, GA",Gordon County,1526.3333333333333
25347,1511,Kailua Kona,city,HI,HI,"Hilo, HI",Hawaii County,3277.777777777778
47876,1512,Streamwood,city,IL,IL,"Chicago-Naperville-Elgin, IL-IN-WI",Cook County,2345.8333333333335
15592,1513,Manalapan Township,city,NJ,NJ,"New York-Newark-Jersey City, NY-NJ-PA",Monmouth County,2573.8888888888887
31298,1514,Eagle Mountain,city,UT,UT,"Provo-Orem, UT",Utah County,2198.0238095238096
47502,1516,Sahuarita,city,AZ,AZ,"Tucson, AZ",Pima County,1986.431818181818
856948,1517,Old Bridge,city,NJ,NJ,"New York-Newark-Jersey City, NY-NJ-PA",Middlesex County,2953.888888888889
53642,1518,Nottingham,city,MD,MD,"Baltimore-Columbia-Towson, MD",Baltimore County,1789.8910256410256
25142,1519,Hixson,city,TN,TN,"Chattanooga, TN-GA",Hamilton County,1480.0361305361305
11594,1520,Germantown,city,TN,TN,"Memphis, TN-MS-AR",Shelby County,2439.85
11177,1522,Dunnellon,city,FL,FL,"Ocala, FL",Marion County,1773.3962962962962
25165,1524,Holly Springs,city,NC,NC,"Raleigh-Cary, NC",Wake County,2133.3333333333335
31277,1525,Duncanville,city,TX,TX,"Dallas-Fort Worth-Arlington, TX",Dallas County,1762.5666666666666
39084,1526,Hurst,city,TX,TX,"Dallas-Fort Worth-Arlington, TX",Tarrant County,1537.9395604395606
19223,1527,Martinez,city,GA,GA,"Augusta-Richmond County, GA-SC",Columbia County,1784.104377104377
33189,1528,Norwich,city,CT,CT,"Norwich-New London, CT",New London County,1610.4166666666667
55315,1529,Copperas Cove,city,TX,TX,"Killeen-Temple, TX",Coryell County,1216.8397759103643
45470,1530,Golden,city,CO,CO,"Denver-Aurora-Lakewood, CO",Jefferson County,2282.364087301587
33330,1532,Park Ridge,city,IL,IL,"Chicago-Naperville-Elgin, IL-IN-WI",Cook County,2368.4814814814818
16997,1533,Bessemer,city,AL,AL,"Birmingham-Hoover, AL",Jefferson County,1385.5833333333333
43646,1534,Indian Trail,city,NC,NC,"Charlotte-Concord-Gastonia, NC-SC",Union County,1978.2614379084969
12087,1534,Jacksonville,city,AR,AR,"Little Rock-North Little Rock-Conway, AR",Pulaski County,1005.2447089947091
835398,1537,Howell,city,NJ,NJ,"New York-Newark-Jersey City, NY-NJ-PA",Monmouth County,3073.6666666666665
51370,1538,Chelsea,city,MA,MA,"Boston-Cambridge-Newton, MA-NH",Suffolk County,2598.0336417967997
11828,1539,Harvey,city,LA,LA,"New Orleans-Metairie, LA",Jefferson Parish,1453.4166666666667
40554,1540,Reynoldsburg,city,OH,OH,"Columbus, OH",Franklin County,1914.6499999999999
15805,1542,Lincoln Park,city,MI,MI,"Detroit-Warren-Dearborn, MI",Wayne County,1285.8333333333333
43999,1544,Aventura,city,FL,FL,"Miami-Fort Lauderdale-Pompano Beach, FL",Miami-Dade County,3110.1483836777957
14606,1545,Wheeling,city,WV,WV,"Wheeling, WV-OH",Ohio County,892.3333333333334
17305,1546,Carlsbad,city,NM,NM,"Carlsbad-Artesia, NM",Eddy County,1900
6819,1547,Rohnert Park,city,CA,CA,"Santa Rosa-Petaluma, CA",Sonoma County,2600.3222222222225
5317,1548,Jamestown,city,NY,NY,"Jamestown-Dunkirk-Fredonia, NY",Chautauqua County,912.5
11491,1549,Fort Lee,city,NJ,NJ,"New York-Newark-Jersey City, NY-NJ-PA",Bergen County,3390.253968253968
4592,1550,Englewood,city,CO,CO,"Denver-Aurora-Lakewood, CO",Arapahoe County,1890.6123839009288
4140,1551,Clover,city,SC,SC,"Charlotte-Concord-Gastonia, NC-SC",York County,1909.3333333333333
5785,1552,Manor,city,TX,TX,"Austin-Round Rock-Georgetown, TX",Travis County,1970.5128205128203
13613,1553,Roy,city,UT,UT,"Ogden-Clearfield, UT",Weber County,2073.75
50721,1554,Amherst,city,MA,MA,"Springfield, MA",Hampshire County,3026.8518518518517
54606,1554,Sulphur,city,LA,LA,"Lake Charles, LA",Calcasieu Parish,1008.0555555555557
38350,1556,Elizabeth City,city,NC,NC,"Elizabeth City, NC",Pasquotank County,1497.6666666666667
35356,1558,Hazleton,city,PA,PA,"Scranton--Wilkes-Barre, PA",Luzerne County,2150
5051,1559,Hampton,city,GA,GA,"Atlanta-Sandy Springs-Alpharetta, GA",Henry County,2184.9888888888886
54053,1560,Rancho Palos Verdes,city,CA,CA,"Los Angeles-Long Beach-Anaheim, CA",Los Angeles County,5416.095238095238
19328,1561,Merrillville,city,IN,IN,"Chicago-Naperville-Elgin, IL-IN-WI",Lake County,1514.3670033670032
32105,1562,Hudsonville,city,MI,MI,"Grand Rapids-Kentwood, MI",Ottawa County,2450
42802,1563,Pickerington,city,OH,OH,"Columbus, OH",Fairfield County,2239.3166666666666
50797,1564,Atwater,city,CA,CA,"Merced, CA",Merced County,1765.8333333333333
24658,1565,Fairborn,city,OH,OH,"Dayton-Kettering, OH",Greene County,1440.972222222222
43755,1566,Villa Rica,city,GA,GA,"Atlanta-Sandy Springs-Alpharetta, GA",Carroll County,1963.8624338624338
51882,1567,Ellenwood,city,GA,GA,"Atlanta-Sandy Springs-Alpharetta, GA",Dekalb County,2075.4424242424243
39916,1567,Mundelein,city,IL,IL,"Chicago-Naperville-Elgin, IL-IN-WI",Lake County,2325.3333333333335
54320,1570,Saratoga Springs,city,NY,NY,"Albany-Schenectady-Troy, NY",Saratoga County,2074.3125
41298,1571,Tucker,city,GA,GA,"Atlanta-Sandy Springs-Alpharetta, GA",Dekalb County,1995.4357142857143
29211,1573,Odenton,city,MD,MD,"Baltimore-Columbia-Towson, MD",Anne Arundel County,2581.7703703703705
28079,1574,Bettendorf,city,IA,IA,"Davenport-Moline-Rock Island, IA-IL",Scott County,1208.8095238095239
20656,1575,Stevens Point,city,WI,WI,"Stevens Point, WI",Portage County,1137.7777777777776
46091,1576,La Vergne,city,TN,TN,"Nashville-Davidson--Murfreesboro--Franklin, TN",Rutherford County,2130.5178571428573
3319,1577,Addison,city,IL,IL,"Chicago-Naperville-Elgin, IL-IN-WI",DuPage County,1932.7777777777776
51117,1578,Braintree,city,MA,MA,"Boston-Cambridge-Newton, MA-NH",Norfolk County,2956.4555555555557
397380,1579,Groton,city,CT,CT,"Norwich-New London, CT",New London County,2209.3333333333335
47443,1580,Romeoville,city,IL,IL,"Chicago-Naperville-Elgin, IL-IN-WI",Will County,1900.9047619047622
15007,1582,Buffalo Grove,city,IL,IL,"Chicago-Naperville-Elgin, IL-IN-WI",Lake County,2121.3703703703704
18225,1583,Gadsden,city,AL,AL,"Gadsden, AL",Etowah County,750
23789,1584,Bowling Green,city,OH,OH,"Toledo, OH",Wood County,1305
11959,1585,Holyoke,city,MA,MA,"Springfield, MA",Hampden County,1535
396716,1586,Plymouth,city,MI,MI,"Detroit-Warren-Dearborn, MI",Wayne County,1697.4166666666667
54414,1587,Shrewsbury,city,MA,MA,"Worcester, MA-CT",Worcester County,2382.741666666667
36557,1588,Westfield,city,IN,IN,"Indianapolis-Carmel-Anderson, IN",Hamilton County,1809.9350834350835
40718,1590,Salem,city,VA,VA,"Roanoke, VA",Roanoke County,1443
832814,1592,Scarsdale,city,NY,NY,"New York-Newark-Jersey City, NY-NJ-PA",Westchester County,8675
13579,1593,Ronkonkoma,city,NY,NY,"New York-Newark-Jersey City, NY-NJ-PA",Suffolk County,2707.944444444445
25974,1594,Moorpark,city,CA,CA,"Oxnard-Thousand Oaks-Ventura, CA",Ventura County,3291.6666666666665
24505,1595,East Point,city,GA,GA,"Atlanta-Sandy Springs-Alpharetta, GA",Fulton County,1717.9488844488844
24872,1598,Glen Ellyn,city,IL,IL,"Chicago-Naperville-Elgin, IL-IN-WI",DuPage County,1791.388888888889
21469,1599,Cottage Grove,city,MN,MN,"Minneapolis-St. Paul-Bloomington, MN-WI",Washington County,1768.3999999999999
32789,1600,McMinnville,city,OR,OR,"Portland-Vancouver-Hillsboro, OR-WA",Yamhill County,2268.3333333333335
30733,1602,Canonsburg,city,PA,PA,"Pittsburgh, PA",Washington County,1544.589947089947
53251,1603,Media,city,PA,PA,"Philadelphia-Camden-Wilmington, PA-NJ-DE-MD",Delaware County,2075.361111111111
45991,1604,Kearney,city,NE,NE,"Kearney, NE",Buffalo County,1621.875
30450,1605,Beverly,city,MA,MA,"Boston-Cambridge-Newton, MA-NH",Essex County,2635.8333333333335
3340,1606,Alamogordo,city,NM,NM,"Alamogordo, NM",Otero County,1472.6944444444443
39769,1607,Miamisburg,city,OH,OH,"Dayton-Kettering, OH",Montgomery County,1275.4116161616164
24961,1608,Greenville,city,TX,TX,"Dallas-Fort Worth-Arlington, TX",Hunt County,1555.7873376623377
25732,1609,Manitowoc,city,WI,WI,"Manitowoc, WI",Manitowoc County,1172
33492,1610,Port Huron,city,MI,MI,"Detroit-Warren-Dearborn, MI",Saint Clair County,1120.5333333333333
39088,1611,Hutto,city,TX,TX,"Austin-Round Rock-Georgetown, TX",Williamson County,1988.9047619047622
36121,1612,Midlothian,city,TX,TX,"Dallas-Fort Worth-Arlington, TX",Ellis County,2233.5809523809526
19956,1614,Pineville,city,LA,LA,"Alexandria, LA",Rapides Parish,1287.5
55107,1616,West Fargo,city,ND,ND,"Fargo, ND-MN",Cass County,1881.722222222222
18883,1617,La Quinta,city,CA,CA,"Riverside-San Bernardino-Ontario, CA",Riverside County,3553.113636363636
4621,1618,Eustis,city,FL,FL,"Orlando-Kissimmee-Sanford, FL",Lake County,1606.3333333333333
44014,1619,Baldwinsville,city,NY,NY,"Syracuse, NY",Onondaga County,1849.7222222222224
53969,1620,Portage,city,IN,IN,"Chicago-Naperville-Elgin, IL-IN-WI",Porter County,1610.8333333333333
19811,1621,Pacifica,city,CA,CA,"San Francisco-Oakland-Berkeley, CA",San Mateo County,3216.211111111111
43354,1623,Ramona,city,CA,CA,"San Diego-Chula Vista-Carlsbad, CA",San Diego County,2585.6444444444446
19230,1624,Marysville,city,CA,CA,"Yuba City, CA",Yuba County,1604.8333333333333
32619,1625,Mableton,city,GA,GA,"Atlanta-Sandy Springs-Alpharetta, GA",Cobb County,1899.060606060606
32459,1626,Leavenworth,city,KS,KS,"Kansas City, MO-KS",Leavenworth County,1094.8396825396826
37362,1627,Belleville,city,NJ,NJ,"New York-Newark-Jersey City, NY-NJ-PA",Essex County,2186.685185185185
12446,1628,Lorton,city,VA,VA,"Washington-Arlington-Alexandria, DC-VA-MD-WV",Fairfax County,2531.432400932401
23050,1629,Trumbull,city,CT,CT,"Bridgeport-Stamford-Norwalk, CT",Fairfield County,2913.833333333333
33960,1630,Shawnee,city,OK,OK,"Shawnee, OK",Pottawatomie County,1112.7407407407406
30908,1631,Claremont,city,CA,CA,"Los Angeles-Long Beach-Anaheim, CA",Los Angeles County,3234.476190476191
27181,1632,South Lyon,city,MI,MI,"Detroit-Warren-Dearborn, MI",Oakland County,1451.5
52785,1633,Kinston,city,NC,NC,"Kinston, NC",Lenoir County,975
32927,1634,Montclair,city,CA,CA,"Riverside-San Bernardino-Ontario, CA",San Bernardino County,2676.089947089947
54185,1635,Rock Island,city,IL,IL,"Davenport-Moline-Rock Island, IA-IL",Rock Island County,1089.0277777777776
42925,1637,Powell,city,OH,OH,"Columbus, OH",Delaware County,2105.1111111111113
33840,1638,San Juan Capistrano,city,CA,CA,"Los Angeles-Long Beach-Anaheim, CA",Orange County,3848.722222222222
35469,1640,Elkridge,city,MD,MD,"Baltimore-Columbia-Towson, MD",Howard County,2255.3517156862745
6791,1641,Riviera Beach,city,FL,FL,"Miami-Fort Lauderdale-Pompano Beach, FL",Palm Beach County,2569.245564892624
47144,1642,Placerville,city,CA,CA,"Sacramento-Roseville-Folsom, CA",El Dorado County,2023.0555555555554
6746,1643,Richfield,city,MN,MN,"Minneapolis-St. Paul-Bloomington, MN-WI",Hennepin County,1358.7950757575757
41014,1644,Spotsylvania,city,VA,VA,"Washington-Arlington-Alexandria, DC-VA-MD-WV",Spotsylvania County,1746.111111111111
10201,1645,Atlantic City,city,NJ,NJ,"Atlantic City-Hammonton, NJ",Atlantic County,1742.6111111111113
18227,1646,Gainesville,city,VA,VA,"Washington-Arlington-Alexandria, DC-VA-MD-WV",Prince William County,2645.305555555555
44411,1647,Camas,city,WA,WA,"Portland-Vancouver-Hillsboro, OR-WA",Clark County,2199.64899
26240,1648,Oak Harbor,city,WA,WA,"Oak Harbor, WA",Island County,1727.200336700337
18647,1649,Huber Heights,city,OH,OH,"Dayton-Kettering, OH",Montgomery County,1342.6851851851852
47334,1650,Reisterstown,city,MD,MD,"Baltimore-Columbia-Towson, MD",Baltimore County,1440.873015873016
26213,1650,Northglenn,city,CO,CO,"Denver-Aurora-Lakewood, CO",Adams County,1686.5541310541312
6856,1652,Royal Palm Beach,city,FL,FL,"Miami-Fort Lauderdale-Pompano Beach, FL",Palm Beach County,3091.428571428571
25261,1653,Irmo,city,SC,SC,"Columbia, SC",Richland County,1762.8988095238094
21272,1655,Wheeling,city,IL,IL,"Chicago-Naperville-Elgin, IL-IN-WI",Cook County,2172.4586894586896
16908,1656,Batavia,city,OH,OH,"Cincinnati, OH-KY-IN",Clermont County,1773.6333333333332
26434,1658,Peachtree City,city,GA,GA,"Atlanta-Sandy Springs-Alpharetta, GA",Fayette County,2299.5363247863247
45645,1659,Hanover Park,city,IL,IL,"Chicago-Naperville-Elgin, IL-IN-WI",DuPage County,2350
55064,1660,Waycross,city,GA,GA,"Waycross, GA",Ware County,850
4167,1661,College Park,city,MD,MD,"Washington-Arlington-Alexandria, DC-VA-MD-WV",Prince Georges County,2087.5201058201055
27253,1662,Staunton,city,VA,VA,"Staunton, VA",Augusta County,1279.1666666666667
26965,1663,Santa Paula,city,CA,CA,"Oxnard-Thousand Oaks-Ventura, CA",Ventura County,2283.333333333333
8713,1664,Flowery Branch,city,GA,GA,"Gainesville, GA",Hall County,1921.5787545787546
9826,1666,Cabot,city,AR,AR,"Little Rock-North Little Rock-Conway, AR",Lonoke County,1409.7777777777776
18928,1667,Lake Wales,city,FL,FL,"Lakeland-Winter Haven, FL",Polk County,1617.6666666666667
839960,1667,Kingston,city,NY,NY,"Kingston, NY",Ulster County,1853.3333333333333
50889,1669,Battle Ground,city,WA,WA,"Portland-Vancouver-Hillsboro, OR-WA",Clark County,2467.222222222222
4208,1671,Cordova,city,TN,TN,"Memphis, TN-MS-AR",Shelby County,2000.7279411764705
6120,1672,Natick,city,MA,MA,"Boston-Cambridge-Newton, MA-NH",Middlesex County,2580.4583333333335
44192,1673,Blackwood,city,NJ,NJ,"Philadelphia-Camden-Wilmington, PA-NJ-DE-MD",Camden County,1918.75
7759,1674,Wappingers Falls,city,NY,NY,"Poughkeepsie-Newburgh-Middletown, NY",Dutchess County,2297.5
42335,1676,Ladson,city,SC,SC,"Charleston-North Charleston, SC",Charleston County,1657.7568058076224
397699,1678,Andover,city,MA,MA,"Boston-Cambridge-Newton, MA-NH",Essex County,2628.6137566137563
37716,1680,Camp Hill,city,PA,PA,"Harrisburg-Carlisle, PA",Cumberland County,1488.5285714285712
37844,1681,Chelmsford,city,MA,MA,"Boston-Cambridge-Newton, MA-NH",Middlesex County,2606.7738095238096
16684,1682,Adelanto,city,CA,CA,"Riverside-San Bernardino-Ontario, CA",San Bernardino County,2061.111111111111
15924,1684,Wildwood,city,MO,MO,"St. Louis, MO-IL",Saint Louis County,2750
22337,1685,Marysville,city,OH,OH,"Columbus, OH",Union County,1597.1666666666667
17546,1686,Commerce Township,city,MI,MI,"Detroit-Warren-Dearborn, MI",Oakland County,2043.7
16373,1687,Buda,city,TX,TX,"Austin-Round Rock-Georgetown, TX",Hays County,1716.772208298524
18096,1688,Fernandina Beach,city,FL,FL,"Jacksonville, FL",Nassau County,2426.9378787878786
32431,1689,Laramie,city,WY,WY,"Laramie, WY",Albany County,1300.0835164835164
54032,1691,Quakertown,city,PA,PA,"Philadelphia-Camden-Wilmington, PA-NJ-DE-MD",Bucks County,1800
48523,1692,Winchester,city,KY,KY,"Lexington-Fayette, KY",Clark County,1222.7777777777776
40645,1694,Roseville,city,MN,MN,"Minneapolis-St. Paul-Bloomington, MN-WI",Ramsey County,1617.6825396825398
38406,1695,Enterprise,city,AL,AL,"Enterprise, AL",Coffee County,1389.6666666666667
6050,1696,Morrisville,city,NC,NC,"Raleigh-Cary, NC",Wake County,1630.5730718954248
29105,1697,Mebane,city,NC,NC,"Burlington, NC",Alamance County,1647.0952380952378
14192,1698,Troy,city,OH,OH,"Dayton-Kettering, OH",Miami County,1431.4888888888888
10721,1700,Carpentersville,city,IL,IL,"Chicago-Naperville-Elgin, IL-IN-WI",Kane County,2250
46783,1701,North Canton,city,OH,OH,"Canton-Massillon, OH",Stark County,1424.0277777777776
7540,1702,Upper Arlington,city,OH,OH,"Columbus, OH",Franklin County,1958.7142857142856
3731,1703,Boardman,city,OH,OH,"Youngstown-Warren-Boardman, OH-PA",Mahoning County,918.7777777777777
124275,1707,Egypt Lake-Leto,city,FL,FL,"Tampa-St. Petersburg-Clearwater, FL",Hillsborough County,1653.0586254703903
11015,1708,Cumberland,city,RI,RI,"Providence-Warwick, RI-MA",Providence County,2429.277777777778
118914,1710,Westmont,city,CA,CA,"Los Angeles-Long Beach-Anaheim, CA",Los Angeles County,2527.777777777778
53562,1711,Newburgh,city,IN,IN,"Evansville, IN-KY",Warrick County,1916.25
45340,1712,Franklin,city,WI,WI,"Milwaukee-Waukesha, WI",Milwaukee County,1807
53109,1713,Magnolia,city,TX,TX,"Houston-The Woodlands-Sugar Land, TX",Montgomery County,1969.6000000000001
31912,1714,Halethorpe,city,MD,MD,"Baltimore-Columbia-Towson, MD",Baltimore County,1763
24739,1715,Foley,city,AL,AL,"Daphne-Fairhope-Foley, AL",Baldwin County,1843.8174603174602
47746,1716,Sonoma,city,CA,CA,"Santa Rosa-Petaluma, CA",Sonoma County,2999.6428571428573
30187,1717,Altadena,city,CA,CA,"Los Angeles-Long Beach-Anaheim, CA",Los Angeles County,4545
46218,1719,Lemoore,city,CA,CA,"Hanford-Corcoran, CA",Kings County,1858.888888888889
6177,1720,New Smyrna Beach,city,FL,FL,"Deltona-Daytona Beach-Ormond Beach, FL",Volusia County,2473.972222222222
48424,1721,West Hollywood,city,CA,CA,"Los Angeles-Long Beach-Anaheim, CA",Los Angeles County,3382.357247284879
56396,1722,Plainfield,city,IN,IN,"Indianapolis-Carmel-Anderson, IN",Hendricks County,1737.079365079365
57132,1723,Wildomar,city,CA,CA,"Riverside-San Bernardino-Ontario, CA",Riverside County,2636.7920634920633
12868,1724,Mount Vernon,city,VA,VA,"Washington-Arlington-Alexandria, DC-VA-MD-WV",Fairfax County,2869.444444444445
13062,1726,Oak Creek,city,WI,WI,"Milwaukee-Waukesha, WI",Milwaukee County,1888.2380952380954
124550,1726,Golden Glades,city,FL,FL,"Miami-Fort Lauderdale-Pompano Beach, FL",Miami-Dade County,2333.095238095238
53924,1728,Pleasant Grove,city,UT,UT,"Provo-Orem, UT",Utah County,1787.0333333333335
22489,1731,Midvale,city,UT,UT,"Salt Lake City, UT",Salt Lake County,1728.9305555555557
13776,1733,Seneca,city,SC,SC,"Seneca, SC",Oconee County,1332.2722222222221
27445,1734,Torrington,city,CT,CT,"Torrington, CT",Litchfield County,1477.7777777777776
44500,1736,Cedar Falls,city,IA,IA,"Waterloo-Cedar Falls, IA",Black Hawk County,1385.5347222222224
396832,1737,Greater Carrollwood,city,FL,FL,"Tampa-St. Petersburg-Clearwater, FL",Hillsborough County,1776.1919191919194
16040,1738,Sykesville,city,MD,MD,"Baltimore-Columbia-Towson, MD",Carroll County,2170.583333333333
51567,1740,Coventry,city,RI,RI,"Providence-Warwick, RI-MA",Kent County,2471.222222222222
14657,1741,Willis,city,TX,TX,"Houston-The Woodlands-Sugar Land, TX",Montgomery County,1703.8333333333333
56265,1743,Pearl City,city,HI,HI,"Urban Honolulu, HI",Honolulu County,2432.222222222222
20074,1744,Pullman,city,WA,WA,"Pullman, WA",Whitman County,1541.9366666666665
41579,1745,Watertown,city,MA,MA,"Boston-Cambridge-Newton, MA-NH",Middlesex County,2948.728473998295
53925,1746,Pleasant Hill,city,CA,CA,"San Francisco-Oakland-Berkeley, CA",Contra Costa County,2763.991666666667
12817,1747,Montrose,city,CO,CO,"Montrose, CO",Montrose County,1733.0555555555557
56072,1750,Kearns,city,UT,UT,"Salt Lake City, UT",Salt Lake County,2440
13034,1751,North Ridgeville,city,OH,OH,"Cleveland-Elyria, OH",Lorain County,2150
396536,1753,Security-Widefield,city,CO,CO,"Colorado Springs, CO",El Paso County,2181.1865079365075
8509,1754,Glastonbury,city,CT,CT,"Hartford-East Hartford-Middletown, CT",Hartford County,2644.2555555555555
54058,1757,Randolph,city,MA,MA,"Boston-Cambridge-Newton, MA-NH",Norfolk County,2677.1031746031745
55043,1757,Warsaw,city,IN,IN,"Warsaw, IN",Kosciusko County,1431
5019,1760,Gurnee,city,IL,IL,"Chicago-Naperville-Elgin, IL-IN-WI",Lake County,1935.2923076923078
12251,1761,Lafayette,city,CO,CO,"Boulder, CO",Boulder County,2155.684210526316
4660,1762,Fairhope,city,AL,AL,"Daphne-Fairhope-Foley, AL",Baldwin County,2159.285714285714
14160,1763,Tooele,city,UT,UT,"Salt Lake City, UT",Tooele County,1447.5
7304,1764,Barstow,city,CA,CA,"Riverside-San Bernardino-Ontario, CA",San Bernardino County,1459.211111111111
50716,1765,Ambler,city,PA,PA,"Philadelphia-Camden-Wilmington, PA-NJ-DE-MD",Montgomery County,2203.3333333333335
32440,1766,Lauderdale Lakes,city,FL,FL,"Miami-Fort Lauderdale-Pompano Beach, FL",Broward County,1769.2857142857144
29215,1767,Porter,city,TX,TX,"Houston-The Woodlands-Sugar Land, TX",Montgomery County,1982.277777777778
56956,1768,Hope Mills,city,NC,NC,"Fayetteville, NC",Cumberland County,1668.0952380952378
19770,1769,Orange,city,TX,TX,"Beaumont-Port Arthur, TX",Orange County,1215.2777777777776
43969,1770,Athens,city,OH,OH,"Athens, OH",Athens County,1317.2222222222222
11179,1771,Durango,city,CO,CO,"Durango, CO",La Plata County,2018.1188973063975
11278,1772,El Mirage,city,AZ,AZ,"Phoenix-Mesa-Chandler, AZ",Maricopa County,1899.2592592592591
44906,1773,Denison,city,TX,TX,"Sherman-Denison, TX",Grayson County,1507.0238095238094
32156,1773,Inver Grove Heights,city,MN,MN,"Minneapolis-St. Paul-Bloomington, MN-WI",Dakota County,1760.736111111111
40446,1775,Prior Lake,city,MN,MN,"Minneapolis-St. Paul-Bloomington, MN-WI",Scott County,1996.6666666666667
10669,1776,Calumet City,city,IL,IL,"Chicago-Naperville-Elgin, IL-IN-WI",Cook County,1456.6666666666667
14111,1778,Temple City,city,CA,CA,"Los Angeles-Long Beach-Anaheim, CA",Los Angeles County,3109.722222222222
7279,1780,Stow,city,OH,OH,"Akron, OH",Summit County,1450
54801,1781,University City,city,MO,MO,"St. Louis, MO-IL",Saint Louis County,1488.1470899470899
30294,1782,Auburndale,city,FL,FL,"Lakeland-Winter Haven, FL",Polk County,1863.5714285714287
48099,1784,University Place,city,WA,WA,"Seattle-Tacoma-Bellevue, WA",Pierce County,2046.44709
47555,1785,Sand Springs,city,OK,OK,"Tulsa, OK",Osage County,1329.1666666666665
11523,1786,Franklin,city,IN,IN,"Indianapolis-Carmel-Anderson, IN",Johnson County,1757.1111111111113
14382,1787,Vestavia Hills,city,AL,AL,"Birmingham-Hoover, AL",Jefferson County,1760.4722222222224
32525,1788,Litchfield Park,city,AZ,AZ,"Phoenix-Mesa-Chandler, AZ",Maricopa County,2122.4393939393935
11922,1789,Hilton Head Island,city,SC,SC,"Hilton Head Island-Bluffton, SC",Beaufort County,3067.325396825397
46194,1790,Leawood,city,KS,KS,"Kansas City, MO-KS",Johnson County,1718.261111111111
41184,1792,Tarpon Springs,city,FL,FL,"Tampa-St. Petersburg-Clearwater, FL",Pinellas County,2191.2546296296296
6871,1793,Ruston,city,LA,LA,"Ruston, LA",Lincoln Parish,1090.5
51211,1794,Butte,city,MT,MT,"Butte-Silver Bow, MT",Silver Bow County,1369.4444444444443
20425,1795,Severn,city,MD,MD,"Baltimore-Columbia-Towson, MD",Anne Arundel County,2248.3002136752134
39511,1796,Los Altos,city,CA,CA,"San Jose-Sunnyvale-Santa Clara, CA",Santa Clara County,7121.111111
8375,1797,Alliance,city,OH,OH,"Canton-Massillon, OH",Stark County,889.5833333333334
40258,1798,Parkland,city,FL,FL,"Miami-Fort Lauderdale-Pompano Beach, FL",Broward County,5589.166666666667
829619,1799,Huntington,city,NY,NY,"New York-Newark-Jersey City, NY-NJ-PA",Suffolk County,3195.1388888888887
395669,1801,Derry,city,NH,NH,"Boston-Cambridge-Newton, MA-NH",Rockingham County,2292.3333333333335
54387,1802,Shelby,city,NC,NC,"Shelby, NC",Cleveland County,1057.25
19005,1803,Lexington,city,MA,MA,"Boston-Cambridge-Newton, MA-NH",Middlesex County,4133.333333333333
7765,1804,Warrenton,city,VA,VA,"Washington-Arlington-Alexandria, DC-VA-MD-WV",Fauquier County,2111.6666666666665
37145,1806,Angleton,city,TX,TX,"Houston-The Woodlands-Sugar Land, TX",Brazoria County,1483.3333333333333
26082,1808,Neptune Township,city,NJ,NJ,"New York-Newark-Jersey City, NY-NJ-PA",Monmouth County,2723.5333333333333
50849,1809,Banning,city,CA,CA,"Riverside-San Bernardino-Ontario, CA",Riverside County,2018.3333333333335
838690,1810,Oswego,city,NY,NY,"Syracuse, NY",Oswego County,1479.5833333333333
832508,1811,Ossining,city,NY,NY,"New York-Newark-Jersey City, NY-NJ-PA",Westchester County,3038.222222222222
836935,1813,Chester,city,PA,PA,"Philadelphia-Camden-Wilmington, PA-NJ-DE-MD",Delaware County,1340.1714285714286
19177,1814,Manhattan Beach,city,CA,CA,"Los Angeles-Long Beach-Anaheim, CA",Los Angeles County,6032.163702239789
41752,1815,Winona,city,MN,MN,"Winona, MN",Winona County,1241.8055555555557
55145,1816,Westlake,city,OH,OH,"Cleveland-Elyria, OH",Cuyahoga County,2216.4444444444443
40176,1817,Orion,city,MI,MI,"Detroit-Warren-Dearborn, MI",Oakland County,1824.4444444444443
48506,1818,Williston,city,ND,ND,"Williston, ND",Williams County,1294.981527093596
11246,1819,Eastpointe,city,MI,MI,"Detroit-Warren-Dearborn, MI",Macomb County,1383.4107142857144
40069,1820,North Providence,city,RI,RI,"Providence-Warwick, RI-MA",Providence County,1645.6944444444443
18226,1824,Gahanna,city,OH,OH,"Columbus, OH",Franklin County,1792.8999999999999
44051,1825,Bastrop,city,TX,TX,"Austin-Round Rock-Georgetown, TX",Bastrop County,1996.4246031746031
11011,1827,Culpeper,city,VA,VA,"Washington-Arlington-Alexandria, DC-VA-MD-WV",Culpeper County,1550
53338,1830,Millville,city,NJ,NJ,"Vineland-Bridgeton, NJ",Cumberland County,1733.3333333333333
6568,1834,Port Angeles,city,WA,WA,"Port Angeles, WA",Clallam County,1997.5
14825,1835,Cottonwood Heights,city,UT,UT,"Salt Lake City, UT",Salt Lake County,1986.4867724867727
12105,1837,Jasper,city,AL,AL,"Jasper, AL",Walker County,1398.8333333333335
51873,1838,Elizabethton,city,TN,TN,"Johnson City, TN",Carter County,924.1666666666666
37663,1840,Burlington Township,city,NJ,NJ,"Philadelphia-Camden-Wilmington, PA-NJ-DE-MD",Burlington County,2006.25
30399,1841,Bell,city,CA,CA,"Los Angeles-Long Beach-Anaheim, CA",Los Angeles County,2037.5
31623,1843,Foster City,city,CA,CA,"San Francisco-Oakland-Berkeley, CA",San Mateo County,3675.251851851852
53733,1844,Orange,city,NJ,NJ,"New York-Newark-Jersey City, NY-NJ-PA",Essex County,1766.8055555555554
52735,1845,Keizer,city,OR,OR,"Salem, OR",Marion County,1877.3809523809523
33836,1846,San Dimas,city,CA,CA,"Los Angeles-Long Beach-Anaheim, CA",Los Angeles County,2589.9444444444443
7518,1847,Ukiah,city,CA,CA,"Ukiah, CA",Mendocino County,1867.9166666666667
12729,1848,Milford,city,OH,OH,"Cincinnati, OH-KY-IN",Clermont County,1510.2222222222224
8878,1849,Ozark,city,MO,MO,"Springfield, MO",Christian County,1383.3333333333333
38541,1850,Florence,city,AZ,AZ,"Phoenix-Mesa-Chandler, AZ",Pinal County,1817.0166666666667
18686,1851,Indiana,city,PA,PA,"Indiana, PA",Indiana County,1056.25
20468,1852,Sherwood,city,AR,AR,"Little Rock-North Little Rock-Conway, AR",Pulaski County,1405.4444444444446
17527,1853,Collinsville,city,IL,IL,"St. Louis, MO-IL",Madison County,1078.75
7668,1855,Van Buren,city,AR,AR,"Fort Smith, AR-OK",Crawford County,915.8333333333333
43815,1856,Abingdon,city,MD,MD,"Baltimore-Columbia-Towson, MD",Harford County,1857.9904761904763
25219,1856,Huntington Station,city,NY,NY,"New York-Newark-Jersey City, NY-NJ-PA",Suffolk County,3133.3333333333335
4790,1859,Fountain,city,CO,CO,"Colorado Springs, CO",El Paso County,2078.803703703704
24568,1860,Elk Grove Village,city,IL,IL,"Chicago-Naperville-Elgin, IL-IN-WI",Cook County,1861.4722222222224
37609,1861,Brooklyn Center,city,MN,MN,"Minneapolis-St. Paul-Bloomington, MN-WI",Hennepin County,1616.8333333333333
21351,1862,Wisconsin Rapids,city,WI,WI,"Wisconsin Rapids-Marshfield, WI",Wood County,1325
42657,1863,Navarre,city,FL,FL,"Pensacola-Ferry Pass-Brent, FL",Santa Rosa County,2234.001893939394
32956,1864,Morrisville,city,PA,PA,"Philadelphia-Camden-Wilmington, PA-NJ-DE-MD",Bucks County,2627.5
22819,1865,Waxhaw,city,NC,NC,"Charlotte-Concord-Gastonia, NC-SC",Union County,2279.214285714286
24444,1866,Dumfries,city,VA,VA,"Washington-Arlington-Alexandria, DC-VA-MD-WV",Prince William County,2794.444444444445
126604,1867,West Little River,city,FL,FL,"Miami-Fort Lauderdale-Pompano Beach, FL",Miami-Dade County,2799.6666666666665
10115,1868,American Fork,city,UT,UT,"Provo-Orem, UT",Utah County,1721.1746031746031
39308,1869,La Verne,city,CA,CA,"Los Angeles-Long Beach-Anaheim, CA",Los Angeles County,2811.1666666666665
24464,1870,Eagle,city,ID,ID,"Boise City, ID",Ada County,1888.621212121212
4439,1874,Dunedin,city,FL,FL,"Tampa-St. Petersburg-Clearwater, FL",Pinellas County,2154.1540404040406
36921,1875,Franklin,city,MA,MA,"Boston-Cambridge-Newton, MA-NH",Norfolk County,2525.211111111111
25253,1876,Inman,city,SC,SC,"Spartanburg, SC",Spartanburg County,1726.7142857142856
31537,1878,Farmingdale,city,NY,NY,"New York-Newark-Jersey City, NY-NJ-PA",Suffolk County,2525
17686,1879,Dana Point,city,CA,CA,"Los Angeles-Long Beach-Anaheim, CA",Orange County,3975.488888888889
46405,1881,Maple Valley,city,WA,WA,"Seattle-Tacoma-Bellevue, WA",King County,3180.933333333333
19445,1883,Montgomery Village,city,MD,MD,"Washington-Arlington-Alexandria, DC-VA-MD-WV",Montgomery County,2159.722222222222
20172,1884,Ridgecrest,city,CA,CA,"Bakersfield, CA",Kern County,1305
10389,1885,Beverly Hills,city,CA,CA,"Los Angeles-Long Beach-Anaheim, CA",Los Angeles County,4737.807814992026
44318,1888,Bristow,city,VA,VA,"Washington-Arlington-Alexandria, DC-VA-MD-WV",Prince William County,2937
37306,1889,Bay City,city,MI,MI,"Bay City, MI",Bay County,1087.5
395586,1890,Sun Prairie,city,WI,WI,"Madison, WI",Dane County,1572.3048433048432
54364,1891,Sedalia,city,MO,MO,"Sedalia, MO",Pettis County,949.5
31937,1892,Happy Valley,city,OR,OR,"Portland-Vancouver-Hillsboro, OR-WA",Clackamas County,1835.4397824397827
19933,1893,Piedmont,city,SC,SC,"Greenville-Anderson, SC",Greenville County,1500.0277777777776
53260,1894,Melrose Park,city,IL,IL,"Chicago-Naperville-Elgin, IL-IN-WI",Cook County,1425
38225,1895,Dover,city,NH,NH,"Boston-Cambridge-Newton, MA-NH",Strafford County,2050.828703703704
26438,1896,Pearl,city,MS,MS,"Jackson, MS",Rankin County,1439.8222222222223
34254,1897,Terrell,city,TX,TX,"Dallas-Fort Worth-Arlington, TX",Kaufman County,1815.5
44045,1898,Bartow,city,FL,FL,"Lakeland-Winter Haven, FL",Polk County,1652.25
10132,1899,Andover,city,MN,MN,"Minneapolis-St. Paul-Bloomington, MN-WI",Anoka County,2722
49509,1901,Murrells Inlet,city,SC,SC,"Georgetown, SC",Georgetown County,1856.25
43098,1902,Sylvania,city,OH,OH,"Toledo, OH",Lucas County,1857
5840,1904,Matawan,city,NJ,NJ,"New York-Newark-Jersey City, NY-NJ-PA",Middlesex County,2468.3333333333335
42710,1905,Richmond Hill,city,GA,GA,"Savannah, GA",Bryan County,2225.4074074074074
21960,1906,Estero,city,FL,FL,"Cape Coral-Fort Myers, FL",Lee County,2731.988888888889
50547,1907,Wheat Ridge,city,CO,CO,"Denver-Aurora-Lakewood, CO",Jefferson County,1904.4568764568764
836089,1910,Ephrata,city,PA,PA,"Lancaster, PA",Lancaster County,1255
13549,1911,Rochester,city,NH,NH,"Boston-Cambridge-Newton, MA-NH",Strafford County,1747.0833333333333
26310,1912,Orangevale,city,CA,CA,"Sacramento-Roseville-Folsom, CA",Sacramento County,2124.861111111111
17469,1913,Clemmons,city,NC,NC,"Winston-Salem, NC",Forsyth County,1732.8095238095239
25458,1914,Laguna Hills,city,CA,CA,"Los Angeles-Long Beach-Anaheim, CA",Orange County,2992.261363636364
52806,1915,Knightdale,city,NC,NC,"Raleigh-Cary, NC",Wake County,1816.712037037037
18359,1916,Granite City,city,IL,IL,"St. Louis, MO-IL",Madison County,825
47456,1917,Rosharon,city,TX,TX,"Houston-The Woodlands-Sugar Land, TX",Brazoria County,2257.5
38060,1918,Cranberry Township,city,PA,PA,"Pittsburgh, PA",Butler County,1866.4285714285713
33348,1919,Pataskala,city,OH,OH,"Columbus, OH",Licking County,2263.3333333333335
42213,1920,Garfield,city,NJ,NJ,"New York-Newark-Jersey City, NY-NJ-PA",Bergen County,2294.722222222222
27011,1921,Seaside,city,CA,CA,"Salinas, CA",Monterey County,2916.6666666666665
23492,1922,Anniston,city,AL,AL,"Anniston-Oxford, AL",Calhoun County,865
33874,1924,Saratoga,city,CA,CA,"San Jose-Sunnyvale-Santa Clara, CA",Santa Clara County,6092.666666666667
8653,1926,Farmers Branch,city,TX,TX,"Dallas-Fort Worth-Arlington, TX",Dallas County,1710.7919576719578
3521,1927,Ballston Spa,city,NY,NY,"Albany-Schenectady-Troy, NY",Saratoga County,1948.8
33547,1928,Prosper,city,TX,TX,"Dallas-Fort Worth-Arlington, TX",Collin County,1921.6022727272727
17235,1929,Burlingame,city,CA,CA,"San Francisco-Oakland-Berkeley, CA",San Mateo County,3043.4880952380954
34613,1930,Wadsworth,city,OH,OH,"Cleveland-Elyria, OH",Medina County,1662.3333333333335
23704,1931,Big Spring,city,TX,TX,"Big Spring, TX",Howard County,1116.25
46178,1932,Lawndale,city,CA,CA,"Los Angeles-Long Beach-Anaheim, CA",Los Angeles County,2922.555555555555
26158,1933,Nixa,city,MO,MO,"Springfield, MO",Christian County,1435.8333333333333
46803,1934,North Olmsted,city,OH,OH,"Cleveland-Elyria, OH",Cuyahoga County,1721.9166666666665
33039,1935,Needham,city,MA,MA,"Boston-Cambridge-Newton, MA-NH",Norfolk County,3170
3528,1936,Bangor,city,ME,ME,"Bangor, ME",Penobscot County,1535.9417989417989
54056,1938,Randallstown,city,MD,MD,"Baltimore-Columbia-Towson, MD",Baltimore County,1492.1117614269788
4324,1939,Deer Park,city,TX,TX,"Houston-The Woodlands-Sugar Land, TX",Harris County,1724.642857142857
55490,1940,Chillum,city,MD,MD,"Washington-Arlington-Alexandria, DC-VA-MD-WV",Prince Georges County,1688.5595238095239
29443,1941,Woodburn,city,OR,OR,"Salem, OR",Marion County,1821.25
23523,1942,Arroyo Grande,city,CA,CA,"San Luis Obispo-Paso Robles, CA",San Luis Obispo County,3341.666666666667
45094,1945,Edwardsville,city,IL,IL,"St. Louis, MO-IL",Madison County,1644.1666666666667
115107,1946,Florin,city,CA,CA,"Sacramento-Roseville-Folsom, CA",Sacramento County,2112.25
17818,1947,Drexel Hill,city,PA,PA,"Philadelphia-Camden-Wilmington, PA-NJ-DE-MD",Delaware County,1522.2222222222224
32157,1949,Inverness,city,FL,FL,"Homosassa Springs, FL",Citrus County,1582.7777777777776
20404,1950,Seatac,city,WA,WA,"Seattle-Tacoma-Bellevue, WA",King County,2061.2063492063494
4204,1951,Cooper City,city,FL,FL,"Miami-Fort Lauderdale-Pompano Beach, FL",Broward County,3017.9166666666665
55253,1952,Woodridge,city,IL,IL,"Chicago-Naperville-Elgin, IL-IN-WI",DuPage County,1653.8333333333333
54600,1953,Sugar Hill,city,GA,GA,"Atlanta-Sandy Springs-Alpharetta, GA",Gwinnett County,2330.6777777777775
11805,1954,Harker Heights,city,TX,TX,"Killeen-Temple, TX",Bell County,1449.848484848485
49559,1955,Marquette,city,MI,MI,"Marquette, MI",Marquette County,1476.3333333333333
25157,1957,Holladay,city,UT,UT,"Salt Lake City, UT",Salt Lake County,2302.777777777778
47440,1958,Rolla,city,MO,MO,"Rolla, MO",Phelps County,686.1531531531532
38268,1960,Eagle River,city,AK,AK,"Anchorage, AK",Anchorage Borough,2360.277777777778
37206,1961,Atascadero,city,CA,CA,"San Luis Obispo-Paso Robles, CA",San Luis Obispo County,2593.055555555555
33480,1962,Ponchatoula,city,LA,LA,"Hammond, LA",Tangipahoa Parish,1373.2222222222224
43775,1963,Willingboro Township,city,NJ,NJ,"Philadelphia-Camden-Wilmington, PA-NJ-DE-MD",Burlington County,2915
14495,1967,Watertown,city,WI,WI,"Beaver Dam, WI",Dodge County,1188.75
10581,1968,Brownstown,city,MI,MI,"Detroit-Warren-Dearborn, MI",Wayne County,1665
48463,1969,Wetumpka,city,AL,AL,"Montgomery, AL",Elmore County,1530
43839,1970,Alabaster,city,AL,AL,"Birmingham-Hoover, AL",Shelby County,1752.888888888889
189314,1971,Lawrence Township,city,NJ,NJ,"Trenton-Princeton, NJ",Mercer County,2592.1666666666665
7116,1972,Socorro,city,TX,TX,"El Paso, TX",El Paso County,1494.8333333333333
21536,1973,Channelview,city,TX,TX,"Houston-The Woodlands-Sugar Land, TX",Harris County,1605
35891,1974,Naugatuck,city,CT,CT,"New Haven-Milford, CT",New Haven County,1785.4444444444446
9768,1975,Marshalltown,city,IA,IA,"Marshalltown, IA",Marshall County,1123.3333333333333
38352,1977,Elizabethtown,city,PA,PA,"Lancaster, PA",Lancaster County,1192.5
53015,1978,Locust Grove,city,GA,GA,"Atlanta-Sandy Springs-Alpharetta, GA",Henry County,2085.1309523809523
13005,1979,North Andover,city,MA,MA,"Boston-Cambridge-Newton, MA-NH",Essex County,2805.1507936507933
18881,1980,La Porte,city,TX,TX,"Houston-The Woodlands-Sugar Land, TX",Harris County,1650.0740740740741
21547,1981,Ashland,city,OH,OH,"Ashland, OH",Ashland County,937.7777777777778
6256,1982,Norwood,city,MA,MA,"Boston-Cambridge-Newton, MA-NH",Norfolk County,2815.2601010101007
4977,1983,Greenfield,city,IN,IN,"Indianapolis-Carmel-Anderson, IN",Hancock County,1611.1369047619046
56428,1984,Livingston,city,NJ,NJ,"New York-Newark-Jersey City, NY-NJ-PA",Essex County,4027.722222222222
23440,1985,Aliquippa,city,PA,PA,"Pittsburgh, PA",Beaver County,1323.5873015873015
28072,1987,Zionsville,city,IN,IN,"Indianapolis-Carmel-Anderson, IN",Boone County,1765.9900793650795
36979,1989,Waynesboro,city,PA,PA,"Chambersburg-Waynesboro, PA",Franklin County,1420
40761,1991,Sapulpa,city,OK,OK,"Tulsa, OK",Creek County,1172.5
47677,1992,Shingle Springs,city,CA,CA,"Sacramento-Roseville-Folsom, CA",El Dorado County,2284.1666666666665
14948,1994,Daphne,city,AL,AL,"Daphne-Fairhope-Foley, AL",Baldwin County,1476.4404761904761
237555,1995,Schertz,city,TX,TX,"San Antonio-New Braunfels, TX",Bexar County,1831.1082621082621
10849,1996,Clearfield,city,UT,UT,"Ogden-Clearfield, UT",Davis County,1769.99697
31123,1997,Crowley,city,TX,TX,"Dallas-Fort Worth-Arlington, TX",Tarrant County,2105.150072150072
34222,1998,Syracuse,city,UT,UT,"Ogden-Clearfield, UT",Davis County,2450.555555555556
4730,1999,Flemington,city,NJ,NJ,"New York-Newark-Jersey City, NY-NJ-PA",Hunterdon County,2762.75
16269,2001,Waynesboro,city,VA,VA,"Staunton, VA",Augusta County,1383.888888888889
22544,2002,Poulsbo,city,WA,WA,"Bremerton-Silverdale-Port Orchard, WA",Kitsap County,2368.472222222222
47783,2003,Southlake,city,TX,TX,"Dallas-Fort Worth-Arlington, TX",Tarrant County,4375
833820,2006,Newtown,city,PA,PA,"Philadelphia-Camden-Wilmington, PA-NJ-DE-MD",Bucks County,2416.666666666667
21281,2007,White Lake,city,MI,MI,"Detroit-Warren-Dearborn, MI",Oakland County,1891.6666666666667
12306,2008,Langhorne,city,PA,PA,"Philadelphia-Camden-Wilmington, PA-NJ-DE-MD",Bucks County,2055.3333333333335
35486,2010,Hopewell,city,VA,VA,"Richmond, VA",Prince George County,1373.888888888889
30411,2011,Beltsville,city,MD,MD,"Washington-Arlington-Alexandria, DC-VA-MD-WV",Prince Georges County,1694.34127
29459,2012,Tewksbury,city,MA,MA,"Boston-Cambridge-Newton, MA-NH",Middlesex County,2694.777777777778
32463,2013,Lebanon,city,OR,OR,"Albany-Lebanon, OR",Linn County,1550.5357142857144
35860,2014,Muscatine,city,IA,IA,"Muscatine, IA",Muscatine County,700
24325,2015,Dawsonville,city,GA,GA,"Atlanta-Sandy Springs-Alpharetta, GA",Dawson County,2124.1666666666665
6916,2017,San Carlos,city,CA,CA,"San Francisco-Oakland-Berkeley, CA",San Mateo County,3650.2559523809523
40516,2018,Red Bluff,city,CA,CA,"Red Bluff, CA",Tehama County,1363.3333333333333
46706,2019,New Caney,city,TX,TX,"Houston-The Woodlands-Sugar Land, TX",Montgomery County,1978.9722222222224
4560,2020,Ellensburg,city,WA,WA,"Ellensburg, WA",Kittitas County,1721.5873015873015
30798,2021,Cedar City,city,UT,UT,"Cedar City, UT",Iron County,1373.6060606060607
18915,2022,Lake Jackson,city,TX,TX,"Houston-The Woodlands-Sugar Land, TX",Brazoria County,1599.8611111111113
29386,2023,Woodway,city,TX,TX,"Waco, TX",McLennan County,1905.4444444444443
21122,2024,Voorhees Township,city,NJ,NJ,"Philadelphia-Camden-Wilmington, PA-NJ-DE-MD",Camden County,2343.75
23431,2026,Aldie,city,VA,VA,"Washington-Arlington-Alexandria, DC-VA-MD-WV",Loudoun County,3033.3333333333335
34749,2027,West Linn,city,OR,OR,"Portland-Vancouver-Hillsboro, OR-WA",Clackamas County,2342.2222222222226
55428,2028,Chaska,city,MN,MN,"Minneapolis-St. Paul-Bloomington, MN-WI",Carver County,1995.1666666666667
7532,2029,Uniontown,city,PA,PA,"Pittsburgh, PA",Fayette County,800
37968,2030,Colonial Heights,city,VA,VA,"Richmond, VA",Chesterfield County,1596.9444444444443
21128,2031,Wailuku,city,HI,HI,"Kahului-Wailuku-Lahaina, HI",Maui County,3722.2222222222226
47550,2032,San Lorenzo,city,CA,CA,"San Francisco-Oakland-Berkeley, CA",Alameda County,2751
3964,2034,Canyon Lake,city,TX,TX,"San Antonio-New Braunfels, TX",Comal County,1805.9166666666667
4931,2035,Goleta,city,CA,CA,"Santa Maria-Santa Barbara, CA",Santa Barbara County,3448.109523809524
29344,2036,Saratoga Springs,city,UT,UT,"Provo-Orem, UT",Utah County,2151.0694444444443
22439,2037,Lewis Center,city,OH,OH,"Columbus, OH",Delaware County,1835.3333333333335
54666,2038,Tehachapi,city,CA,CA,"Bakersfield, CA",Kern County,2087.5
27896,2041,Westfield,city,NJ,NJ,"New York-Newark-Jersey City, NY-NJ-PA",Union County,3162.222222222222
14972,2042,Derby,city,KS,KS,"Wichita, KS",Sedgwick County,1533.1944444444443
4826,2043,Front Royal,city,VA,VA,"Washington-Arlington-Alexandria, DC-VA-MD-WV",Warren County,1853.888888888889
32970,2044,Mount Airy,city,MD,MD,"Washington-Arlington-Alexandria, DC-VA-MD-WV",Frederick County,3000
19434,2045,Monterey,city,CA,CA,"Salinas, CA",Monterey County,2670.040476190476
838859,2045,Orchard Park,city,NY,NY,"Buffalo-Cheektowaga, NY",Erie County,1894.1666666666667
17049,2047,Blacklick,city,OH,OH,"Columbus, OH",Franklin County,2195.9
18548,2053,Hernando,city,MS,MS,"Memphis, TN-MS-AR",DeSoto County,2080
26168,2055,North Attleboro,city,MA,MA,"Providence-Warwick, RI-MA",Bristol County,2379.6
55131,2056,West Warwick,city,RI,RI,"Providence-Warwick, RI-MA",Kent County,1652.777777777778
26365,2058,Palm City,city,FL,FL,"Port St. Lucie, FL",Martin County,2680.555555555555
23805,2060,Brainerd,city,MN,MN,"Brainerd, MN",Crow Wing County,1332.5
53676,2062,Ocean Springs,city,MS,MS,"Gulfport-Biloxi, MS",Jackson County,1857.8095238095239
28517,2063,Lansing,city,IL,IL,"Chicago-Naperville-Elgin, IL-IN-WI",Cook County,1599.4444444444443
53876,2064,Phillipsburg,city,NJ,NJ,"Allentown-Bethlehem-Easton, PA-NJ",Warren County,1830
396851,2065,Dania Beach,city,FL,FL,"Miami-Fort Lauderdale-Pompano Beach, FL",Broward County,2224.295238095238
13058,2066,O Fallon,city,IL,IL,"St. Louis, MO-IL",Saint Clair County,1489.952380952381
46734,2067,Newberg,city,OR,OR,"Portland-Vancouver-Hillsboro, OR-WA",Yamhill County,2201.25
32492,2068,Libertyville,city,IL,IL,"Chicago-Naperville-Elgin, IL-IN-WI",Lake County,1985
49547,2069,Parkville,city,MD,MD,"Baltimore-Columbia-Towson, MD",Baltimore County,1535.8333333333333
23690,2070,Bethel Park,city,PA,PA,"Pittsburgh, PA",Allegheny County,1511.388888888889
57124,2071,Coram,city,NY,NY,"New York-Newark-Jersey City, NY-NJ-PA",Suffolk County,3146.444444444444
40109,2072,Oak Ridge,city,TN,TN,"Knoxville, TN",Anderson County,1677.1468253968253
24877,2073,Glendale Heights,city,IL,IL,"Chicago-Naperville-Elgin, IL-IN-WI",DuPage County,1949.079365079365
6528,2074,Plainview,city,NY,NY,"New York-Newark-Jersey City, NY-NJ-PA",Nassau County,5950
18679,2075,Independence,city,KY,KY,"Cincinnati, OH-KY-IN",Kenton County,1996.875
18263,2076,Geneva,city,IL,IL,"Chicago-Naperville-Elgin, IL-IN-WI",Kane County,1997.8333333333333
12614,2077,Matthews,city,NC,NC,"Charlotte-Concord-Gastonia, NC-SC",Mecklenburg County,1880.0809116809116
22918,2078,Salem,city,NH,NH,"Boston-Cambridge-Newton, MA-NH",Rockingham County,2722.930555555556
37738,2079,Cantonment,city,FL,FL,"Pensacola-Ferry Pass-Brent, FL",Escambia County,1635.0666666666666
18976,2080,Lebanon,city,MO,MO,"Lebanon, MO",Laclede County,868.75
13974,2082,Springville,city,UT,UT,"Provo-Orem, UT",Utah County,1668.1190476190477
5875,2085,McKeesport,city,PA,PA,"Pittsburgh, PA",Allegheny County,1063.3777777777777
11441,2086,Fitchburg,city,WI,WI,"Madison, WI",Dane County,1732.3160173160175
117041,2088,Oildale,city,CA,CA,"Bakersfield, CA",Kern County,1411.5416666666667
13056,2089,Nutley,city,NJ,NJ,"New York-Newark-Jersey City, NY-NJ-PA",Essex County,2381.6666666666665
397497,2090,Milford,city,MA,MA,"Worcester, MA-CT",Worcester County,2571.1111111111113
25145,2091,Hobart,city,IN,IN,"Chicago-Naperville-Elgin, IL-IN-WI",Lake County,1320
397855,2093,Mount Pleasant,city,WI,WI,"Racine, WI",Racine County,1649.5
34545,2094,Vernon Rockville,city,CT,CT,"Hartford-East Hartford-Middletown, CT",Tolland County,1695
43267,2095,Somerton,city,AZ,AZ,"Yuma, AZ",Yuma County,1600
36693,2098,Kuna,city,ID,ID,"Boise City, ID",Ada County,2005.7333333333333
5926,2099,Miami Lakes,city,FL,FL,"Miami-Fort Lauderdale-Pompano Beach, FL",Miami-Dade County,2589.832516339869
39923,2099,Murray,city,KY,KY,"Murray, KY",Calloway County,1068.5833333333333
24372,2101,Des Moines,city,WA,WA,"Seattle-Tacoma-Bellevue, WA",King County,1926.6150793650795
33774,2102,Ruskin,city,FL,FL,"Tampa-St. Petersburg-Clearwater, FL",Hillsborough County,2218.0650183150183
5027,2103,Hackettstown,city,NJ,NJ,"Allentown-Bethlehem-Easton, PA-NJ",Warren County,2868.3333333333335
51338,2104,Centralia,city,WA,WA,"Centralia, WA",Lewis County,1341.111111111111
27227,2105,Springfield,city,TN,TN,"Nashville-Davidson--Murfreesboro--Franklin, TN",Robertson County,1686.111111111111
50554,2106,Savage,city,MN,MN,"Minneapolis-St. Paul-Bloomington, MN-WI",Scott County,1821.2777777777776
26241,2107,Oak Park,city,MI,MI,"Detroit-Warren-Dearborn, MI",Oakland County,1544.3333333333333
47895,2109,Summerfield,city,FL,FL,"Ocala, FL",Marion County,1991.5
19864,2110,Parsippany,city,NJ,NJ,"New York-Newark-Jersey City, NY-NJ-PA",Morris County,2294.1666666666665
11449,2112,Fleming Island,city,FL,FL,"Jacksonville, FL",Clay County,1918.0526315789473
40979,2113,South Lake Tahoe,city,CA,CA,"Sacramento-Roseville-Folsom, CA",El Dorado County,2608.388888888889
10769,2116,Central Point,city,OR,OR,"Medford, OR",Jackson County,1830
25637,2117,Long Branch,city,NJ,NJ,"New York-Newark-Jersey City, NY-NJ-PA",Monmouth County,2879.5535593792174
4498,2118,East Windsor Township,city,NJ,NJ,"Trenton-Princeton, NJ",Mercer County,2425
12995,2120,Norfolk,city,NE,NE,"Norfolk, NE",Madison County,920.625
31704,2121,Garfield Heights,city,OH,OH,"Cleveland-Elyria, OH",Cuyahoga County,1428.8666666666668
16859,2122,Azle,city,TX,TX,"Dallas-Fort Worth-Arlington, TX",Parker County,1745.6666666666667
45549,2123,Green Cove Springs,city,FL,FL,"Jacksonville, FL",Clay County,2066.612698412698
14751,2124,Zebulon,city,NC,NC,"Raleigh-Cary, NC",Wake County,1930.5833333333333
19379,2126,Mill Valley,city,CA,CA,"San Francisco-Oakland-Berkeley, CA",Marin County,3513.253968253968
33479,2127,Ponca City,city,OK,OK,"Ponca City, OK",Kay County,722.5
40406,2128,Port Washington,city,NY,NY,"New York-Newark-Jersey City, NY-NJ-PA",Nassau County,3733.3333333333335
4593,2129,Englewood,city,FL,FL,"North Port-Sarasota-Bradenton, FL",Sarasota County,2347.7428571428572
52922,2132,Leesburg,city,GA,GA,"Albany, GA",Lee County,1483.611111111111
46384,2133,Malvern,city,PA,PA,"Philadelphia-Camden-Wilmington, PA-NJ-DE-MD",Chester County,2375.031313131313
15560,2135,Magna,city,UT,UT,"Salt Lake City, UT",Salt Lake County,1567.5
831687,2136,Amsterdam,city,NY,NY,"Amsterdam, NY",Montgomery County,1200
31666,2138,Fridley,city,MN,MN,"Minneapolis-St. Paul-Bloomington, MN-WI",Anoka County,1395.8257575757573
16172,2139,Trussville,city,AL,AL,"Birmingham-Hoover, AL",Jefferson County,1907.638888888889
8854,2141,Rahway,city,NJ,NJ,"New York-Newark-Jersey City, NY-NJ-PA",Union County,2420.6666666666665
23555,2142,Austin,city,MN,MN,"Austin, MN",Mower County,880.5555555555555
15449,2143,Forest Grove,city,OR,OR,"Portland-Vancouver-Hillsboro, OR-WA",Washington County,1835.5555555555557
23017,2144,Melrose,city,MA,MA,"Boston-Cambridge-Newton, MA-NH",Middlesex County,2795.779914529914
27300,2145,Stroudsburg,city,PA,PA,"East Stroudsburg, PA",Monroe County,1641.6666666666667
834105,2146,Shippensburg,city,PA,PA,"Harrisburg-Carlisle, PA",Cumberland County,1175
13453,2147,Raytown,city,MO,MO,"Kansas City, MO-KS",Jackson County,1467.385531135531
11940,2148,Holiday,city,FL,FL,"Tampa-St. Petersburg-Clearwater, FL",Pasco County,1770.0738927738928
20369,2149,Saugus,city,MA,MA,"Boston-Cambridge-Newton, MA-NH",Essex County,2810.1904761904757
19441,2151,Montgomery,city,IL,IL,"Chicago-Naperville-Elgin, IL-IN-WI",Kendall County,2600
6030,2153,Monument,city,CO,CO,"Colorado Springs, CO",El Paso County,2165.4333333333334
7053,2154,Sherwood,city,OR,OR,"Portland-Vancouver-Hillsboro, OR-WA",Washington County,2617.777777777778
12364,2155,Lenoir City,city,TN,TN,"Knoxville, TN",Loudon County,1891.9166666666667
47764,2156,South Kingstown,city,RI,RI,"Providence-Warwick, RI-MA",Washington County,2512.1666666666665
32522,2157,Lisle,city,IL,IL,"Chicago-Naperville-Elgin, IL-IN-WI",DuPage County,1997.7341269841272
20011,2158,Ponte Vedra Beach,city,FL,FL,"Jacksonville, FL",Saint Johns County,2550.436507936508
3706,2159,Bloomsburg,city,PA,PA,"Bloomsburg-Berwick, PA",Columbia County,1083.5
20764,2160,Temple Hills,city,MD,MD,"Washington-Arlington-Alexandria, DC-VA-MD-WV",Prince Georges County,1568.8222222222223
21825,2161,King of Prussia,city,PA,PA,"Philadelphia-Camden-Wilmington, PA-NJ-DE-MD",Montgomery County,2060.017424242424
834115,2162,Whitehall,city,PA,PA,"Allentown-Bethlehem-Easton, PA-NJ",Lehigh County,1975
40780,2163,Schererville,city,IN,IN,"Chicago-Naperville-Elgin, IL-IN-WI",Lake County,2100
54377,2164,Shaker Heights,city,OH,OH,"Cleveland-Elyria, OH",Cuyahoga County,1655.357142857143
54552,2165,Stephenville,city,TX,TX,"Stephenville, TX",Erath County,1506.7134502923975
19342,2166,Michigan City,city,IN,IN,"Michigan City-La Porte, IN",La Porte County,1153.888888888889
13038,2168,Northampton,city,MA,MA,"Springfield, MA",Hampshire County,2298.6111111111113
41610,2169,Wellesley,city,MA,MA,"Boston-Cambridge-Newton, MA-NH",Norfolk County,3607.3333333333335
37272,2170,Bardstown,city,KY,KY,"Bardstown, KY",Nelson County,1318.75
6147,2171,New Castle,city,IN,IN,"New Castle, IN",Henry County,840
34249,2172,Temple Terrace,city,FL,FL,"Tampa-St. Petersburg-Clearwater, FL",Hillsborough County,1740.3809523809523
17382,2173,Chamblee,city,GA,GA,"Atlanta-Sandy Springs-Alpharetta, GA",Dekalb County,1837.855924978687
51269,2174,Carbondale,city,IL,IL,"Carbondale-Marion, IL",Jackson County,699.8333333333334
19121,2175,Loxahatchee,city,FL,FL,"Miami-Fort Lauderdale-Pompano Beach, FL",Palm Beach County,3624.1666666666665
11326,2176,Englewood,city,NJ,NJ,"New York-Newark-Jersey City, NY-NJ-PA",Bergen County,2965.5176767676767
25415,2177,Kingsville,city,TX,TX,"Kingsville, TX",Kleberg County,1661.111111111111
18345,2178,Graham,city,WA,WA,"Seattle-Tacoma-Bellevue, WA",Pierce County,2625.1666666666665
24701,2179,Festus,city,MO,MO,"St. Louis, MO-IL",Jefferson County,1148.75
14959,2181,Balch Springs,city,TX,TX,"Dallas-Fort Worth-Arlington, TX",Dallas County,1945.75
398275,2182,Neenah,city,WI,WI,"Oshkosh-Neenah, WI",Winnebago County,1195.25
55124,2183,West Springfield,city,MA,MA,"Springfield, MA",Hampden County,1675
33910,2184,Sebastopol,city,CA,CA,"Santa Rosa-Petaluma, CA",Sonoma County,2646.25
50946,2187,Bella Vista,city,AR,AR,"Fayetteville-Springdale-Rogers, AR",Benton County,1749.888888888889
10074,2189,Algonquin,city,IL,IL,"Chicago-Naperville-Elgin, IL-IN-WI",McHenry County,2177.9666666666667
20679,2190,Stoughton,city,MA,MA,"Boston-Cambridge-Newton, MA-NH",Norfolk County,2612.1111111111113
10985,2191,Crawfordville,city,FL,FL,"Tallahassee, FL",Wakulla County,1525
5498,2193,Lake in the Hills,city,IL,IL,"Chicago-Naperville-Elgin, IL-IN-WI",McHenry County,2148
14832,2194,Blythewood,city,SC,SC,"Columbia, SC",Richland County,1810.9333333333334
8778,2195,Ooltewah,city,TN,TN,"Chattanooga, TN-GA",Hamilton County,2361.25
49094,2197,Elgin,city,SC,SC,"Columbia, SC",Kershaw County,1598.5
44429,2198,Canton,city,MS,MS,"Jackson, MS",Madison County,1603.5
43440,2200,Beaver Falls,city,PA,PA,"Pittsburgh, PA",Beaver County,1156.6666666666667
46582,2203,Monroeville,city,PA,PA,"Pittsburgh, PA",Allegheny County,1347.1666666666667
49477,2204,Madison Heights,city,MI,MI,"Detroit-Warren-Dearborn, MI",Oakland County,1526.186507936508
25455,2207,Lafayette,city,CA,CA,"San Francisco-Oakland-Berkeley, CA",Contra Costa County,3414.0119047619046
35707,2208,Fort Dodge,city,IA,IA,"Fort Dodge, IA",Webster County,836.25
10762,2210,Centereach,city,NY,NY,"New York-Newark-Jersey City, NY-NJ-PA",Suffolk County,4179.666666666667
52291,2211,Grandville,city,MI,MI,"Grand Rapids-Kentwood, MI",Kent County,1780.8333333333335
40831,2212,Sequim,city,WA,WA,"Port Angeles, WA",Clallam County,2362.5
35927,2214,Patterson,city,CA,CA,"Modesto, CA",Stanislaus County,2482.1111111111113
32437,2215,Latrobe,city,PA,PA,"Pittsburgh, PA",Westmoreland County,1050
4366,2217,Dickinson,city,ND,ND,"Dickinson, ND",Stark County,1368.725
41594,2218,Wayne,city,PA,PA,"Philadelphia-Camden-Wilmington, PA-NJ-DE-MD",Chester County,2191.444444444445
34636,2222,Walnut,city,CA,CA,"Los Angeles-Long Beach-Anaheim, CA",Los Angeles County,3611.1111111111113
782240,2223,Lakewood Ranch,city,FL,FL,"North Port-Sarasota-Bradenton, FL",Manatee County,2535.801523297491
52990,2225,Lithia Springs,city,GA,GA,"Atlanta-Sandy Springs-Alpharetta, GA",Douglas County,1624.1335978835978
6057,2228,Moscow,city,ID,ID,"Moscow, ID",Latah County,1102.4963924963924
46285,2230,Lockport,city,IL,IL,"Chicago-Naperville-Elgin, IL-IN-WI",Will County,2254.6222222222223
29334,2231,Zachary,city,LA,LA,"Baton Rouge, LA",East Baton Rouge Parish,1565.5
13752,2234,Sebastian,city,FL,FL,"Sebastian-Vero Beach, FL",Indian River County,2245.1111111111113
55741,2237,Highland Park,city,IL,IL,"Chicago-Naperville-Elgin, IL-IN-WI",Lake County,2226.1111111111113
835402,2240,Middletown,city,NJ,NJ,"New York-Newark-Jersey City, NY-NJ-PA",Monmouth County,4500
397326,2241,Menasha,city,WI,WI,"Oshkosh-Neenah, WI",Winnebago County,1329.5
26349,2242,Oxon Hill,city,MD,MD,"Washington-Arlington-Alexandria, DC-VA-MD-WV",Prince Georges County,2146.4583333333335
397539,2243,Bridgewater,city,MA,MA,"Boston-Cambridge-Newton, MA-NH",Plymouth County,2294.568253968254
40018,2245,Niceville,city,FL,FL,"Crestview-Fort Walton Beach-Destin, FL",Okaloosa County,2065.6111111111113
20262,2246,Royse City,city,TX,TX,"Dallas-Fort Worth-Arlington, TX",Rockwall County,2172.3207070707067
42638,2248,Mandan,city,ND,ND,"Bismarck, ND",Morton County,1191.0833333333335
25838,2249,Meadville,city,PA,PA,"Meadville, PA",Crawford County,727.5
17443,2251,Christiansburg,city,VA,VA,"Blacksburg-Christiansburg, VA",Montgomery County,1625.1761904761904
13556,2252,Rock Springs,city,WY,WY,"Rock Springs, WY",Sweetwater County,1121.322222222222
6067,2253,Mount Dora,city,FL,FL,"Orlando-Kissimmee-Sanford, FL",Lake County,2139.0333333333333
39799,2255,Milton,city,MA,MA,"Boston-Cambridge-Newton, MA-NH",Norfolk County,3625
397516,2256,Branford,city,CT,CT,"New Haven-Milford, CT",New Haven County,2158.3333333333335
5339,2257,Jenison,city,MI,MI,"Grand Rapids-Kentwood, MI",Ottawa County,2075
5624,2262,Liberty,city,MO,MO,"Kansas City, MO-KS",Clay County,1351.4074074074076
13030,2263,North Platte,city,NE,NE,"North Platte, NE",Lincoln County,1045
46452,2264,Mays Landing,city,NJ,NJ,"Atlantic City-Hammonton, NJ",Atlantic County,2180.25
54754,2265,Tualatin,city,OR,OR,"Portland-Vancouver-Hillsboro, OR-WA",Washington County,1890.2973484848487
36041,2266,Medford,city,NY,NY,"New York-Newark-Jersey City, NY-NJ-PA",Suffolk County,3094
24229,2268,Cortland,city,NY,NY,"Cortland, NY",Cortland County,1364.5833333333333
26391,2269,Park City,city,UT,UT,"Heber, UT",Summit County,3458.1439393939395
28168,2271,Celina,city,TX,TX,"Dallas-Fort Worth-Arlington, TX",Collin County,2289.903846153846
4474,2272,East Haven,city,CT,CT,"New Haven-Milford, CT",New Haven County,1715.063492063492
26248,2273,Oakdale,city,MN,MN,"Minneapolis-St. Paul-Bloomington, MN-WI",Washington County,1513.0555555555557
30582,2274,Brenham,city,TX,TX,"Brenham, TX",Washington County,1287.5
51550,2275,Cornelius,city,NC,NC,"Charlotte-Concord-Gastonia, NC-SC",Mecklenburg County,1793.4692460317463
14506,2276,Waynesville,city,NC,NC,"Asheville, NC",Haywood County,1725
10840,2277,Clarkston,city,GA,GA,"Atlanta-Sandy Springs-Alpharetta, GA",Dekalb County,1545
5775,2278,Manchester,city,TN,TN,"Tullahoma-Manchester, TN",Coffee County,1430.5
836353,2278,Galloway,city,NJ,NJ,"Atlantic City-Hammonton, NJ",Atlantic County,1910.4166666666667
23477,2280,Amityville,city,NY,NY,"New York-Newark-Jersey City, NY-NJ-PA",Suffolk County,2976.5
47889,2282,Suisun City,city,CA,CA,"Vallejo, CA",Solano County,2381.388888888889
19429,2282,Monroe,city,WA,WA,"Seattle-Tacoma-Bellevue, WA",Snohomish County,2308.6666666666665
32104,2284,Hudson,city,WI,WI,"Minneapolis-St. Paul-Bloomington, MN-WI",Saint Croix County,1824
32700,2285,Marietta,city,OH,OH,"Marietta, OH",Washington County,875
45976,2288,Junction City,city,KS,KS,"Manhattan, KS",Geary County,1074.6296296296296
10343,2291,Belmont,city,CA,CA,"San Francisco-Oakland-Berkeley, CA",San Mateo County,2792.426647426648
56933,2294,Harvest,city,AL,AL,"Huntsville, AL",Madison County,1824.6666666666667
30405,2295,Bellefonte,city,PA,PA,"State College, PA",Centre County,1342.0833333333335
31540,2296,Farmington,city,MN,MN,"Minneapolis-St. Paul-Bloomington, MN-WI",Dakota County,2352.333333333333
15644,2297,Marion,city,IL,IL,"Carbondale-Marion, IL",Williamson County,1015.5
25183,2299,Hopewell Junction,city,NY,NY,"Poughkeepsie-Newburgh-Middletown, NY",Dutchess County,1900
56022,2300,Jenks,city,OK,OK,"Tulsa, OK",Tulsa County,1890.0119047619046
31170,2301,Danvers,city,MA,MA,"Boston-Cambridge-Newton, MA-NH",Essex County,3100.5833333333335
38249,2302,Duncan,city,OK,OK,"Duncan, OK",Stephens County,794.4444444444445
6368,2303,Owosso,city,MI,MI,"Lansing-East Lansing, MI",Shiawassee County,1101.75
46488,2306,Mehlville,city,MO,MO,"St. Louis, MO-IL",Saint Louis County,1444.6666666666667
41341,2307,Uniondale,city,NY,NY,"New York-Newark-Jersey City, NY-NJ-PA",Nassau County,
24303,2308,Dahlonega,city,GA,GA,,Lumpkin County,2325
123944,2312,Citrus Park,city,FL,FL,"Tampa-St. Petersburg-Clearwater, FL",Hillsborough County,2291.796296296296
18311,2314,Gloucester,city,MA,MA,"Boston-Cambridge-Newton, MA-NH",Essex County,2447
38395,2317,Emporia,city,KS,KS,"Emporia, KS",Lyon County,857.2222222222223
46300,2318,Long Beach,city,NY,NY,"New York-Newark-Jersey City, NY-NJ-PA",Nassau County,3521.198830409357
40132,2319,Odessa,city,FL,FL,"Tampa-St. Petersburg-Clearwater, FL",Hillsborough County,2220.524242424243
34980,2323,Bixby,city,OK,OK,"Tulsa, OK",Tulsa County,1904.2222222222224
54051,2325,Ramsey,city,MN,MN,"Minneapolis-St. Paul-Bloomington, MN-WI",Anoka County,2041.0555555555557
835630,2328,Ewing,city,NJ,NJ,"Trenton-Princeton, NJ",Mercer County,2461.6666666666665
3958,2330,Canon City,city,CO,CO,"Ca-¦on City, CO",Fremont County,1277.7777777777776
7365,2331,Talladega,city,AL,AL,"Talladega-Sylacauga, AL",Talladega County,1076.25
33400,2334,Peyton,city,CO,CO,"Colorado Springs, CO",El Paso County,2781
48754,2335,Aubrey,city,TX,TX,"Dallas-Fort Worth-Arlington, TX",Denton County,2119.5982957393485
25764,2336,Marshall,city,TX,TX,"Longview, TX",Harrison County,1040
398470,2338,Oconomowoc,city,WI,WI,"Milwaukee-Waukesha, WI",Waukesha County,2093.133333333333
838972,2339,Canandaigua,city,NY,NY,"Rochester, NY",Ontario County,1759
52216,2340,Gladstone,city,MO,MO,"Kansas City, MO-KS",Clay County,1192.154761904762
53849,2341,Pell City,city,AL,AL,"Birmingham-Hoover, AL",Saint Clair County,1495.6666666666667
52791,2342,Kirkwood,city,MO,MO,"St. Louis, MO-IL",Saint Louis County,1610.2907647907648
36733,2344,Severna Park,city,MD,MD,"Baltimore-Columbia-Towson, MD",Anne Arundel County,3311.25
31931,2345,Hamtramck,city,MI,MI,"Detroit-Warren-Dearborn, MI",Wayne County,1137.5
36288,2345,Windsor,city,CA,CA,"Santa Rosa-Petaluma, CA",Sonoma County,3545.8333333333335
21319,2347,Wilmette,city,IL,IL,"Chicago-Naperville-Elgin, IL-IN-WI",Cook County,4392.333333333333
7769,2349,Washington,city,UT,UT,"St. George, UT",Washington County,1866.447619047619
25547,2351,Lemon Grove,city,CA,CA,"San Diego-Chula Vista-Carlsbad, CA",San Diego County,2771.2690476190473
11228,2353,East Palo Alto,city,CA,CA,"San Francisco-Oakland-Berkeley, CA",San Mateo County,2476.162962962963
5104,2354,Haymarket,city,VA,VA,"Washington-Arlington-Alexandria, DC-VA-MD-WV",Prince William County,2933.3333333333335
42967,2355,Stanton,city,CA,CA,"Los Angeles-Long Beach-Anaheim, CA",Orange County,2461.25
30275,2356,Ashland,city,OR,OR,"Medford, OR",Jackson County,2038.6111111111113
7739,2359,Wakefield,city,MA,MA,"Boston-Cambridge-Newton, MA-NH",Middlesex County,2736.5793650793653
38645,2360,Garden City,city,MI,MI,"Detroit-Warren-Dearborn, MI",Wayne County,1571.6666666666667
6242,2361,North Wales,city,PA,PA,"Philadelphia-Camden-Wilmington, PA-NJ-DE-MD",Montgomery County,2175.3611111111113
45543,2362,Grayson,city,GA,GA,"Atlanta-Sandy Springs-Alpharetta, GA",Gwinnett County,2210.25
14599,2363,Wethersfield,city,CT,CT,"Hartford-East Hartford-Middletown, CT",Hartford County,1945
55292,2364,Youngsville,city,LA,LA,"Lafayette, LA",Lafayette Parish,1776.6666666666667
33924,2366,Seffner,city,FL,FL,"Tampa-St. Petersburg-Clearwater, FL",Hillsborough County,2156.211111111111
395584,2368,Walpole,city,MA,MA,"Boston-Cambridge-Newton, MA-NH",Norfolk County,2990.555555555555
10868,2369,Clinton,city,MS,MS,"Jackson, MS",Hinds County,1605
43591,2370,Candler,city,NC,NC,"Asheville, NC",Buncombe County,2005
160335,2373,Lochearn,city,MD,MD,"Baltimore-Columbia-Towson, MD",Baltimore County,1352.5181623931624
27949,2374,Wildwood,city,FL,FL,"The Villages, FL",Sumter County,1670.6666666666667
19002,2376,Lewes,city,DE,DE,"Salisbury, MD-DE",Sussex County,1939.1666666666667
54410,2378,Shoreview,city,MN,MN,"Minneapolis-St. Paul-Bloomington, MN-WI",Ramsey County,1860.3999999999999
38414,2379,Erie,city,CO,CO,"Greeley, CO",Weld County,2760.2272727272725
18586,2380,Hiram,city,GA,GA,"Atlanta-Sandy Springs-Alpharetta, GA",Paulding County,2009.3636363636363
34023,2381,Smyrna,city,DE,DE,"Dover, DE",Kent County,1955
54619,2383,Sun City West,city,AZ,AZ,"Phoenix-Mesa-Chandler, AZ",Maricopa County,2101.222222222222
21885,2387,Holbrook,city,NY,NY,"New York-Newark-Jersey City, NY-NJ-PA",Suffolk County,2678.8333333333335
16704,2388,Albemarle,city,NC,NC,"Albemarle, NC",Stanly County,1083.75
10223,2389,Austintown,city,OH,OH,"Youngstown-Warren-Boardman, OH-PA",Mahoning County,1366.6666666666665
397242,2390,Merrimack,city,NH,NH,"Manchester-Nashua, NH",Hillsborough County,2426.555555555555
10344,2392,Belmont,city,MA,MA,"Boston-Cambridge-Newton, MA-NH",Middlesex County,2984.772222222222
13854,2393,Silverdale,city,WA,WA,"Bremerton-Silverdale-Port Orchard, WA",Kitsap County,1976.4619658119657
54483,2394,South Salt Lake,city,UT,UT,"Salt Lake City, UT",Salt Lake County,1455.8037280701753
3553,2395,Basking Ridge,city,NJ,NJ,"New York-Newark-Jersey City, NY-NJ-PA",Somerset County,3142.3
16208,2396,South Windsor,city,CT,CT,"Hartford-East Hartford-Middletown, CT",Hartford County,2302.5
32268,2397,Kaysville,city,UT,UT,"Ogden-Clearfield, UT",Davis County,1975
8376,2398,Allison Park,city,PA,PA,"Pittsburgh, PA",Allegheny County,2150
27183,2399,South Pasadena,city,CA,CA,"Los Angeles-Long Beach-Anaheim, CA",Los Angeles County,2731.111111111111
51849,2404,Edgewater,city,FL,FL,"Deltona-Daytona Beach-Ormond Beach, FL",Volusia County,2209.75
48668,2405,Antioch,city,IL,IL,"Chicago-Naperville-Elgin, IL-IN-WI",Lake County,1897.5
24634,2406,Evergreen,city,CO,CO,"Denver-Aurora-Lakewood, CO",Clear Creek County,3315.8333333333335
31117,2408,Crosby,city,TX,TX,"Houston-The Woodlands-Sugar Land, TX",Harris County,2072.222222222222
51432,2410,Clarksburg,city,WV,WV,"Clarksburg, WV",Harrison County,900
7327,2412,Superior,city,WI,WI,"Duluth, MN-WI",Douglas County,1525.6666666666667
53785,2415,Palatka,city,FL,FL,"Palatka, FL",Putnam County,1452.8333333333333
10249,2417,Barberton,city,OH,OH,"Akron, OH",Summit County,1098.75
22402,2418,Newton,city,NJ,NJ,"New York-Newark-Jersey City, NY-NJ-PA",Sussex County,2298.75
23360,2421,Boiling Springs,city,SC,SC,"Spartanburg, SC",Spartanburg County,1617.452380952381
48522,2422,Wimauma,city,FL,FL,"Tampa-St. Petersburg-Clearwater, FL",Hillsborough County,2470.8333333333335
26869,2425,Royersford,city,PA,PA,"Philadelphia-Camden-Wilmington, PA-NJ-DE-MD",Montgomery County,2259.222222222222
26399,2426,Parkland,city,WA,WA,"Seattle-Tacoma-Bellevue, WA",Pierce County,1659.4166666666667
28728,2428,Groveland,city,FL,FL,"Orlando-Kissimmee-Sanford, FL",Lake County,2216.4166666666665
18614,2429,Homosassa,city,FL,FL,"Homosassa Springs, FL",Citrus County,1975.4166666666665
18081,2430,Farmington,city,CT,CT,"Hartford-East Hartford-Middletown, CT",Hartford County,2338.8888888888887
53472,2433,Mustang,city,OK,OK,"Oklahoma City, OK",Canadian County,1545.0444444444445
31755,2434,Glen Cove,city,NY,NY,"New York-Newark-Jersey City, NY-NJ-PA",Nassau County,3461.0648148148152
55282,2435,Yelm,city,WA,WA,"Olympia-Lacey-Tumwater, WA",Thurston County,2468.3333333333335
836933,2437,Springfield,city,PA,PA,"Philadelphia-Camden-Wilmington, PA-NJ-DE-MD",Delaware County,1800
47942,2438,Takoma Park,city,MD,MD,"Washington-Arlington-Alexandria, DC-VA-MD-WV",Montgomery County,1531.8333333333333
27127,2439,Smithfield,city,NC,NC,"Raleigh-Cary, NC",Johnston County,1757.9166666666667
32178,2440,Jackson,city,GA,GA,"Atlanta-Sandy Springs-Alpharetta, GA",Butts County,1787.5
45794,2442,Homewood,city,AL,AL,"Birmingham-Hoover, AL",Jefferson County,1470.4960317460318
21161,2443,Warrensburg,city,MO,MO,"Warrensburg, MO",Johnson County,1141.6498316498316
12947,2445,New London,city,CT,CT,"Norwich-New London, CT",New London County,1537.201754385965
41291,2446,Troy,city,MO,MO,"St. Louis, MO-IL",Lincoln County,1800
31814,2449,Graham,city,NC,NC,"Burlington, NC",Alamance County,1621.6666666666667
24993,2451,Guthrie,city,OK,OK,"Oklahoma City, OK",Logan County,1281.25
25700,2452,Macungie,city,PA,PA,"Allentown-Bethlehem-Easton, PA-NJ",Lehigh County,2266.388888888889
44910,2456,Depew,city,NY,NY,"Buffalo-Cheektowaga, NY",Erie County,1297.5
829613,2457,Riverhead,city,NY,NY,"New York-Newark-Jersey City, NY-NJ-PA",Suffolk County,3897.5
3788,2461,Branson,city,MO,MO,"Branson, MO",Taney County,1313.095238095238
20176,2462,Ridgewood,city,NJ,NJ,"New York-Newark-Jersey City, NY-NJ-PA",Bergen County,2783.3333333333335
37661,2464,Burlington,city,MA,MA,"Boston-Cambridge-Newton, MA-NH",Middlesex County,3191.8425925925926
56365,2465,Mercer Island,city,WA,WA,"Seattle-Tacoma-Bellevue, WA",King County,2781.214285714286
19966,2468,Pittsburg,city,KS,KS,"Pittsburg, KS",Crawford County,877.9841269841269
4242,2469,Crawfordsville,city,IN,IN,"Crawfordsville, IN",Montgomery County,1012.6944444444443
50972,2470,Berea,city,KY,KY,"Richmond-Berea, KY",Madison County,1175
52776,2472,King George,city,VA,VA,,King George County,1748.3333333333333
28833,2473,East Chicago,city,IN,IN,"Chicago-Naperville-Elgin, IL-IN-WI",Lake County,908.5833333333334
39109,2474,Inkster,city,MI,MI,"Detroit-Warren-Dearborn, MI",Wayne County,1295.488888888889
43804,2477,Elk River,city,MN,MN,"Minneapolis-St. Paul-Bloomington, MN-WI",Sherburne County,1956
21337,2480,Windsor,city,CO,CO,"Greeley, CO",Weld County,2683.75
31592,2482,Forest Park,city,GA,GA,"Atlanta-Sandy Springs-Alpharetta, GA",Clayton County,1368.7619047619046
398967,2484,Londonderry,city,NH,NH,"Boston-Cambridge-Newton, MA-NH",Rockingham County,2536.25
30312,2485,Avon Park,city,FL,FL,"Sebring-Avon Park, FL",Highlands County,1425
29434,2486,Winterville,city,NC,NC,"Greenville, NC",Pitt County,1532.5
124855,2487,Ives Estates,city,FL,FL,"Miami-Fort Lauderdale-Pompano Beach, FL",Miami-Dade County,2444.108465608466
396161,2488,Greater Landover,city,MD,MD,"Washington-Arlington-Alexandria, DC-VA-MD-WV",Prince Georges County,1491.0222222222221
27322,2490,Sun City Center,city,FL,FL,"Tampa-St. Petersburg-Clearwater, FL",Hillsborough County,2178.9013949013947
55827,2492,Horn Lake,city,MS,MS,"Memphis, TN-MS-AR",DeSoto County,1477.8376068376067
10661,2494,Caledonia,city,WI,WI,"Racine, WI",Racine County,1200
53018,2497,Lodi,city,NJ,NJ,"New York-Newark-Jersey City, NY-NJ-PA",Bergen County,2144.222222222222
48521,2498,Wilsonville,city,OR,OR,"Portland-Vancouver-Hillsboro, OR-WA",Clackamas County,1815.951388888889
11041,2499,Danville,city,KY,KY,"Danville, KY",Boyle County,1350
51858,2500,El Cerrito,city,CA,CA,"San Francisco-Oakland-Berkeley, CA",Contra Costa County,2677.626984126984
18357,2501,Grandview,city,MO,MO,"Kansas City, MO-KS",Jackson County,1550.5873015873015
4131,2506,Cliffside Park,city,NJ,NJ,"New York-Newark-Jersey City, NY-NJ-PA",Bergen County,2617.777777777778
7892,2507,Westport,city,CT,CT,"Bridgeport-Stamford-Norwalk, CT",Fairfield County,6579.166666666667
54154,2508,River Falls,city,WI,WI,"Minneapolis-St. Paul-Bloomington, MN-WI",Pierce County,1567.5
13105,2509,Onalaska,city,WI,WI,"La Crosse-Onalaska, WI-MN",La Crosse County,1137.5
6835,2512,Rosemount,city,MN,MN,"Minneapolis-St. Paul-Bloomington, MN-WI",Dakota County,1951.8166666666666
6695,2514,Reading,city,MA,MA,"Boston-Cambridge-Newton, MA-NH",Middlesex County,2783.1666666666665
17221,2516,Buffalo,city,MN,MN,"Minneapolis-St. Paul-Bloomington, MN-WI",Wright County,2180.75
16535,2517,Oak Forest,city,IL,IL,"Chicago-Naperville-Elgin, IL-IN-WI",Cook County,1762.5
36510,2518,West Hempstead,city,NY,NY,"New York-Newark-Jersey City, NY-NJ-PA",Nassau County,3594
396091,2519,Chevy Chase,city,MD,MD,"Washington-Arlington-Alexandria, DC-VA-MD-WV",Montgomery County,2760.75
13032,2520,North Potomac,city,MD,MD,"Washington-Arlington-Alexandria, DC-VA-MD-WV",Montgomery County,3450
33337,2521,Parrish,city,FL,FL,"North Port-Sarasota-Bradenton, FL",Manatee County,2706.857142857143
34677,2523,Watertown,city,SD,SD,"Watertown, SD",Codington County,1400
14500,2525,Waukee,city,IA,IA,"Des Moines-West Des Moines, IA",Dallas County,1726.6170634920634
40681,2527,Saginaw,city,TX,TX,"Dallas-Fort Worth-Arlington, TX",Tarrant County,2002.3333333333333
5236,2528,Hummelstown,city,PA,PA,"Harrisburg-Carlisle, PA",Dauphin County,1896.6666666666667
35591,2529,Lathrop,city,CA,CA,"Stockton, CA",San Joaquin County,2953.287037037037
44331,2532,Brookings,city,SD,SD,"Brookings, SD",Brookings County,1184.9305555555557
5265,2537,Imperial Beach,city,CA,CA,"San Diego-Chula Vista-Carlsbad, CA",San Diego County,2879.6111111111113
4974,2538,Greenbelt,city,MD,MD,"Washington-Arlington-Alexandria, DC-VA-MD-WV",Prince Georges County,2415.468253968254
45263,2542,Ferndale,city,WA,WA,"Bellingham, WA",Whatcom County,2166.6666666666665
43240,2543,Round Lake Beach,city,IL,IL,"Chicago-Naperville-Elgin, IL-IN-WI",Lake County,2205.8333333333335
48098,2544,University Park,city,TX,TX,"Dallas-Fort Worth-Arlington, TX",Dallas County,3809.555555555556
11575,2546,Gardner,city,KS,KS,"Kansas City, MO-KS",Johnson County,1709.2166666666665
38008,2547,Coos Bay,city,OR,OR,"Coos Bay, OR",Coos County,1000
51291,2548,Carteret,city,NJ,NJ,"New York-Newark-Jersey City, NY-NJ-PA",Middlesex County,2472.1388888888887
42816,2550,Menomonie,city,WI,WI,"Menomonie, WI",Dunn County,1052.0833333333333
397582,2551,Ridgefield,city,CT,CT,"Bridgeport-Stamford-Norwalk, CT",Fairfield County,3600
775810,2552,Dakota Ridge,city,CO,CO,"Denver-Aurora-Lakewood, CO",Jefferson County,2045.6388888888887
47384,2553,Ridgeland,city,MS,MS,"Jackson, MS",Madison County,1332.6004273504275
54201,2554,Romulus,city,MI,MI,"Detroit-Warren-Dearborn, MI",Wayne County,1210.25
28063,2557,Yucca Valley,city,CA,CA,"Riverside-San Bernardino-Ontario, CA",San Bernardino County,1698.388888888889
52961,2559,Lillington,city,NC,NC,"Fayetteville, NC",Harnett County,1506
16675,2560,Aberdeen,city,MD,MD,"Baltimore-Columbia-Towson, MD",Harford County,1759.976851851852
10965,2561,Cottonwood,city,AZ,AZ,"Prescott Valley-Prescott, AZ",Yavapai County,1975
48589,2562,Wyandotte,city,MI,MI,"Detroit-Warren-Dearborn, MI",Wayne County,1277.2222222222224
44131,2563,Benicia,city,CA,CA,"Vallejo, CA",Solano County,2598.7063492063494
117769,2565,Rosemont,city,CA,CA,"Sacramento-Roseville-Folsom, CA",Sacramento County,1917.2083333333333
41884,2567,Dedham,city,MA,MA,"Boston-Cambridge-Newton, MA-NH",Norfolk County,3045.1666666666665
55288,2569,Yorkville,city,IL,IL,"Chicago-Naperville-Elgin, IL-IN-WI",Kendall County,2072.5
19317,2572,Mequon,city,WI,WI,"Milwaukee-Waukesha, WI",Ozaukee County,2243.3333333333335
6876,2573,Sachse,city,TX,TX,"Dallas-Fort Worth-Arlington, TX",Dallas County,1833.8415584415586
10585,2574,Brownwood,city,TX,TX,"Brownwood, TX",Brown County,1300
54352,2577,Seal Beach,city,CA,CA,"Los Angeles-Long Beach-Anaheim, CA",Orange County,3119.285714285714
9366,2578,Seymour,city,TN,TN,"Sevierville, TN",Sevier County,1608
32680,2580,Manvel,city,TX,TX,"Houston-The Woodlands-Sugar Land, TX",Brazoria County,2181.277777777778
23664,2584,Belmont,city,NC,NC,"Charlotte-Concord-Gastonia, NC-SC",Gaston County,2084.1439393939395
29538,2586,Soddy-Daisy,city,TN,TN,"Chattanooga, TN-GA",Hamilton County,1380.125
45750,2588,Hillsborough,city,NC,NC,"Durham-Chapel Hill, NC",Orange County,1728.277777777778
22553,2588,Springboro,city,OH,OH,"Cincinnati, OH-KY-IN",Warren County,1906.25
50786,2590,Athens,city,TN,TN,"Athens, TN",McMinn County,1090
13967,2591,Spring Lake,city,NC,NC,"Fayetteville, NC",Harnett County,1431.122720416838
23504,2592,Aptos,city,CA,CA,"Santa Cruz-Watsonville, CA",Santa Cruz County,3705
39616,2593,Maplewood,city,NJ,NJ,"New York-Newark-Jersey City, NY-NJ-PA",Essex County,3237.972222222222
33369,2594,Peekskill,city,NY,NY,"New York-Newark-Jersey City, NY-NJ-PA",Westchester County,2956.6666666666665
12114,2595,Jefferson,city,GA,GA,"Jefferson, GA",Jackson County,1768.4722222222224
29706,2597,Haslet,city,TX,TX,"Dallas-Fort Worth-Arlington, TX",Tarrant County,2187.3333333333335
7486,2599,Tullahoma,city,TN,TN,"Tullahoma-Manchester, TN",Coffee County,1490.2777777777776
20578,2600,South Plainfield,city,NJ,NJ,"New York-Newark-Jersey City, NY-NJ-PA",Middlesex County,2551.222222222222
37737,2603,Canton,city,MA,MA,"Boston-Cambridge-Newton, MA-NH",Norfolk County,2851.9666666666667
11311,2605,Elmwood Park,city,IL,IL,"Chicago-Naperville-Elgin, IL-IN-WI",Cook County,2037.5
25717,2605,Manahawkin,city,NJ,NJ,"New York-Newark-Jersey City, NY-NJ-PA",Ocean County,3150
29671,2607,Roselle,city,IL,IL,"Chicago-Naperville-Elgin, IL-IN-WI",DuPage County,2384.875
397306,2607,Marshfield,city,MA,MA,"Boston-Cambridge-Newton, MA-NH",Plymouth County,3085
36864,2609,Crofton,city,MD,MD,"Baltimore-Columbia-Towson, MD",Anne Arundel County,2419.980158730159
33518,2612,Pottsville,city,PA,PA,"Pottsville, PA",Schuylkill County,1215.8333333333333
55074,2614,Weeki Wachee,city,FL,FL,"Tampa-St. Petersburg-Clearwater, FL",Hernando County,2402.5
34004,2615,Simsbury,city,CT,CT,"Hartford-East Hartford-Middletown, CT",Hartford County,2366.1666666666665
47272,2616,Radford,city,VA,VA,"Blacksburg-Christiansburg, VA",Pulaski County,1465
43788,2617,Deridder,city,LA,LA,"DeRidder, LA",Beauregard Parish,1257.2222222222224
4736,2618,Floresville,city,TX,TX,"San Antonio-New Braunfels, TX",Wilson County,1500
28341,2618,Burlington,city,KY,KY,"Cincinnati, OH-KY-IN",Boone County,1967.4444444444443
21255,2620,Westford,city,MA,MA,"Boston-Cambridge-Newton, MA-NH",Middlesex County,2946
49927,2621,Vernon Hills,city,IL,IL,"Chicago-Naperville-Elgin, IL-IN-WI",Lake County,2307.4055555555556
36071,2622,North Haven,city,CT,CT,"New Haven-Milford, CT",New Haven County,2835
17844,2623,Dyersburg,city,TN,TN,"Dyersburg, TN",Dyer County,650
23738,2624,Bloomingdale,city,IL,IL,"Chicago-Naperville-Elgin, IL-IN-WI",DuPage County,2897
41500,2625,Village of Palmetto Bay,city,FL,FL,"Miami-Fort Lauderdale-Pompano Beach, FL",Miami-Dade County,2760.714285714286
31552,2626,Fernley,city,NV,NV,"Fallon, NV",Churchill County,1772.9960317460318
50262,2627,Mulberry,city,FL,FL,"Lakeland-Winter Haven, FL",Polk County,1873.7222222222224
24512,2630,East Wenatchee,city,WA,WA,"Wenatchee, WA",Douglas County,1866.888888888889
31202,2631,Defuniak Springs,city,FL,FL,"Crestview-Fort Walton Beach-Destin, FL",Walton County,1383.3333333333335
51349,2633,Chanhassen,city,MN,MN,"Minneapolis-St. Paul-Bloomington, MN-WI",Carver County,2018.7222222222224
7359,2636,Tahlequah,city,OK,OK,"Tahlequah, OK",Cherokee County,913.8888888888888
398899,2638,Middleborough,city,MA,MA,"Boston-Cambridge-Newton, MA-NH",Plymouth County,2137.5
7876,2639,Westchase,city,FL,FL,"Tampa-St. Petersburg-Clearwater, FL",Hillsborough County,2300.869658119658
37688,2642,Calabasas,city,CA,CA,"Los Angeles-Long Beach-Anaheim, CA",Los Angeles County,5932.583333333333
42291,2643,Ennis,city,TX,TX,"Dallas-Fort Worth-Arlington, TX",Ellis County,1805.642857142857
40514,2645,Red Bank,city,NJ,NJ,"New York-Newark-Jersey City, NY-NJ-PA",Monmouth County,3026.1666666666665
36955,2646,Rolling Meadows,city,IL,IL,"Chicago-Naperville-Elgin, IL-IN-WI",Cook County,2157.80291
48904,2648,Cockeysville,city,MD,MD,"Baltimore-Columbia-Towson, MD",Baltimore County,1849.1499999999999
47131,2650,Piqua,city,OH,OH,"Dayton-Kettering, OH",Miami County,1250
28922,2654,Ottawa,city,IL,IL,"Ottawa, IL",La Salle County,1012.5
38976,2654,Hialeah Gardens,city,FL,FL,"Miami-Fort Lauderdale-Pompano Beach, FL",Miami-Dade County,2699.777777777778
14588,2657,Westmont,city,IL,IL,"Chicago-Naperville-Elgin, IL-IN-WI",DuPage County,1849.0523809523809
31092,2658,Cranford,city,NJ,NJ,"New York-Newark-Jersey City, NY-NJ-PA",Union County,2997.1388888888887
12355,2659,Leesville,city,LA,LA,"Fort Polk South, LA",Vernon Parish,975
26009,2661,Mount Holly,city,NC,NC,"Charlotte-Concord-Gastonia, NC-SC",Gaston County,1779.3779461279462
53352,2662,Mint Hill,city,NC,NC,"Charlotte-Concord-Gastonia, NC-SC",Mecklenburg County,2085.055555555555
40706,2664,Saint Marys,city,GA,GA,"St. Marys, GA",Camden County,1539.3142857142857
7898,2665,Wexford,city,PA,PA,"Pittsburgh, PA",Allegheny County,2075.315476190476
8150,2667,Arnold,city,MD,MD,"Baltimore-Columbia-Towson, MD",Anne Arundel County,2536.25
26061,2668,Nanuet,city,NY,NY,"New York-Newark-Jersey City, NY-NJ-PA",Rockland County,3010.6666666666665
19619,2670,Newton,city,KS,KS,"Wichita, KS",Harvey County,846.6666666666666
43821,2671,Acton,city,MA,MA,"Boston-Cambridge-Newton, MA-NH",Middlesex County,2842.8333333333335
23536,2672,Athens,city,TX,TX,"Athens, TX",Henderson County,1130
51681,2673,Del Valle,city,TX,TX,"Austin-Round Rock-Georgetown, TX",Travis County,1777.4920634920636
35393,2673,Easton,city,MD,MD,"Easton, MD",Talbot County,1949.5
21186,2675,Webster Groves,city,MO,MO,"St. Louis, MO-IL",Saint Louis County,1737.5
27269,2678,Steubenville,city,OH,OH,"Weirton-Steubenville, WV-OH",Jefferson County,782.5
43983,2679,Auburn Hills,city,MI,MI,"Detroit-Warren-Dearborn, MI",Oakland County,1575.5982905982903
12009,2682,Huntingdon Valley,city,PA,PA,"Philadelphia-Camden-Wilmington, PA-NJ-DE-MD",Montgomery County,2168.6666666666665
26044,2685,Munster,city,IN,IN,"Chicago-Naperville-Elgin, IL-IN-WI",Lake County,2198.75
47771,2686,South Portland,city,ME,ME,"Portland-South Portland, ME",Cumberland County,2355.464947089947
52256,2687,Goodlettsville,city,TN,TN,"Nashville-Davidson--Murfreesboro--Franklin, TN",Sumner County,1982.9722222222224
157222,2687,Carney,city,MD,MD,"Baltimore-Columbia-Towson, MD",Baltimore County,1416.4583333333333
5787,2689,Mansfield,city,MA,MA,"Providence-Warwick, RI-MA",Bristol County,2527.6666666666665
37218,2690,Auburn,city,ME,ME,"Lewiston-Auburn, ME",Androscoggin County,1533.3333333333333
7954,2692,Willoughby,city,OH,OH,"Cleveland-Elyria, OH",Lake County,1053.3333333333333
42157,2693,Kenmore,city,WA,WA,"Seattle-Tacoma-Bellevue, WA",King County,2512.309523809524
44601,2694,Circleville,city,OH,OH,"Columbus, OH",Pickaway County,1059
55679,2697,Fredericksburg,city,TX,TX,"Fredericksburg, TX",Gillespie County,1983.3333333333333
51636,2699,Dallas,city,OR,OR,"Salem, OR",Polk County,1708.75
396711,2701,Highland,city,IN,IN,"Chicago-Naperville-Elgin, IL-IN-WI",Lake County,1584.2777777777776
30116,2702,Aberdeen,city,WA,WA,"Aberdeen, WA",Grays Harbor County,1268.611111111111
32845,2703,Middletown,city,PA,PA,"Harrisburg-Carlisle, PA",Dauphin County,1255.5
35381,2704,Helena,city,AL,AL,"Birmingham-Hoover, AL",Shelby County,1843.0555555555554
12191,2706,Kihei,city,HI,HI,"Kahului-Wailuku-Lahaina, HI",Maui County,3573.0989417989417
38965,2707,Hercules,city,CA,CA,"San Francisco-Oakland-Berkeley, CA",Contra Costa County,3013.8095238095243
32835,2708,Miami Shores,city,FL,FL,"Miami-Fort Lauderdale-Pompano Beach, FL",Miami-Dade County,3720.1388888888887
15057,2709,Belgrade,city,MT,MT,"Bozeman, MT",Gallatin County,2295.8333333333335
31664,2710,Fresno,city,TX,TX,"Houston-The Woodlands-Sugar Land, TX",Fort Bend County,2106.1111111111113
53986,2711,Powell,city,TN,TN,"Knoxville, TN",Knox County,2340
33599,2714,Raymore,city,MO,MO,"Kansas City, MO-KS",Cass County,1903.6924603174602
6317,2716,Olney,city,MD,MD,"Washington-Arlington-Alexandria, DC-VA-MD-WV",Montgomery County,2723.8333333333335
51996,2718,Farragut,city,TN,TN,"Knoxville, TN",Knox County,2416.6666666666665
13359,2719,Pooler,city,GA,GA,"Savannah, GA",Chatham County,1811.437480063796
9556,2720,White Bear Lake,city,MN,MN,"Minneapolis-St. Paul-Bloomington, MN-WI",Ramsey County,1753.952380952381
13896,2720,Solon,city,OH,OH,"Cleveland-Elyria, OH",Cuyahoga County,2471.25
6769,2722,Rincon,city,GA,GA,"Savannah, GA",Effingham County,2194.5833333333335
30025,2725,Marina,city,CA,CA,"Salinas, CA",Monterey County,3688.75
53327,2726,Millbrae,city,CA,CA,"San Francisco-Oakland-Berkeley, CA",San Mateo County,3405.103174603175
31927,2727,Hampstead,city,NC,NC,"Wilmington, NC",Pender County,2035.777777777778
19190,2730,Maple Heights,city,OH,OH,"Cleveland-Elyria, OH",Cuyahoga County,1436.857142857143
52835,2731,Ladera Ranch,city,CA,CA,"Los Angeles-Long Beach-Anaheim, CA",Orange County,3305.4074074074074
12380,2732,Lexington Park,city,MD,MD,"California-Lexington Park, MD",Saint Marys County,1732.7261904761906
42786,2737,Riverside,city,OH,OH,"Dayton-Kettering, OH",Montgomery County,1232.5
41825,2738,Zion,city,IL,IL,"Chicago-Naperville-Elgin, IL-IN-WI",Lake County,1429.4444444444443
25893,2739,Mill Creek,city,WA,WA,"Seattle-Tacoma-Bellevue, WA",Snohomish County,2196.421710526316
38590,2741,Fountain Hills,city,AZ,AZ,"Phoenix-Mesa-Chandler, AZ",Maricopa County,2537.777777777778
27354,2742,Sycamore,city,IL,IL,"Chicago-Naperville-Elgin, IL-IN-WI",DeKalb County,1450
396606,2743,Vinings,city,GA,GA,"Atlanta-Sandy Springs-Alpharetta, GA",Cobb County,1747.3108890321655
44544,2745,Champlin,city,MN,MN,"Minneapolis-St. Paul-Bloomington, MN-WI",Hennepin County,1839.361111111111
52056,2746,Forest Park,city,OH,OH,"Cincinnati, OH-KY-IN",Hamilton County,1874.4444444444443
56232,2747,New Brighton,city,MN,MN,"Minneapolis-St. Paul-Bloomington, MN-WI",Ramsey County,1420.8564814814815
41741,2749,Winchester,city,MA,MA,"Boston-Cambridge-Newton, MA-NH",Middlesex County,3293.2
9840,2750,Agoura Hills,city,CA,CA,"Los Angeles-Long Beach-Anaheim, CA",Los Angeles County,4303.087301587301
23131,2751,McKees Rocks,city,PA,PA,"Pittsburgh, PA",Allegheny County,1171.2333333333333
47074,2755,Petal,city,MS,MS,"Hattiesburg, MS",Forrest County,1350
29910,2757,North Pole,city,AK,AK,"Fairbanks, AK",Fairbanks North Star Borough,2050
399153,2758,Hingham,city,MA,MA,"Boston-Cambridge-Newton, MA-NH",Plymouth County,3099
38095,2759,Crystal,city,MN,MN,"Minneapolis-St. Paul-Bloomington, MN-WI",Hennepin County,2373.1666666666665
19855,2765,Parlin,city,NJ,NJ,"New York-Newark-Jersey City, NY-NJ-PA",Middlesex County,2680.6666666666665
22854,2766,Wendell,city,NC,NC,"Raleigh-Cary, NC",Wake County,1950.222222222222
47954,2767,Tavares,city,FL,FL,"Orlando-Kissimmee-Sanford, FL",Lake County,2181.4166666666665
5396,2768,Kennett Square,city,PA,PA,"Philadelphia-Camden-Wilmington, PA-NJ-DE-MD",Chester County,2702.777777777778
23512,2769,Ardmore,city,OK,OK,"Ardmore, OK",Carter County,1109.0277777777776
24664,2770,Fairmont,city,WV,WV,"Fairmont, WV",Marion County,1087.5
50054,2771,Watauga,city,TX,TX,"Dallas-Fort Worth-Arlington, TX",Tarrant County,2037.857142857143
55727,2772,Edgewood,city,MD,MD,"Baltimore-Columbia-Towson, MD",Harford County,1624.5714285714287
395893,2773,Dewitt,city,MI,MI,"Lansing-East Lansing, MI",Clinton County,2095.5
44861,2774,Darien,city,IL,IL,"Chicago-Naperville-Elgin, IL-IN-WI",DuPage County,2182.916666666667
52591,2775,Hudson,city,OH,OH,"Akron, OH",Summit County,2497.6666666666665
47198,2776,Port Hueneme,city,CA,CA,"Oxnard-Thousand Oaks-Ventura, CA",Ventura County,3101.25
396834,2777,Greater Northdale,city,FL,FL,"Tampa-St. Petersburg-Clearwater, FL",Hillsborough County,2047.4166666666667
16917,2778,Bay City,city,TX,TX,"Bay City, TX",Matagorda County,710.7222222222222
3418,2780,Anthem,city,AZ,AZ,"Phoenix-Mesa-Chandler, AZ",Maricopa County,2356.0178571428573
12423,2784,Loma Linda,city,CA,CA,"Riverside-San Bernardino-Ontario, CA",San Bernardino County,2447.0499999999997
22170,2787,Keene,city,NH,NH,"Keene, NH",Cheshire County,1779.4444444444443
53089,2788,Lynn Haven,city,FL,FL,"Panama City, FL",Bay County,1971.0555555555554
44094,2792,Bedford,city,NH,NH,"Manchester-Nashua, NH",Hillsborough County,2736.055555555556
54571,2793,Stoneham,city,MA,MA,"Boston-Cambridge-Newton, MA-NH",Middlesex County,3056.277777777778
52698,2794,Johnston,city,IA,IA,"Des Moines-West Des Moines, IA",Polk County,1402.0436507936508
7241,2796,Stanwood,city,WA,WA,"Seattle-Tacoma-Bellevue, WA",Snohomish County,2225
18295,2797,Glen Mills,city,PA,PA,"Philadelphia-Camden-Wilmington, PA-NJ-DE-MD",Delaware County,2409.722222222222
25687,2798,Lyndhurst,city,NJ,NJ,"New York-Newark-Jersey City, NY-NJ-PA",Bergen County,2700
5963,2799,Millington,city,TN,TN,"Memphis, TN-MS-AR",Shelby County,1443.3333333333333
30224,2800,Anna,city,TX,TX,"Dallas-Fort Worth-Arlington, TX",Collin County,2180.086247086247
33633,2804,Republic,city,MO,MO,"Springfield, MO",Greene County,1481.1277777777777
6333,2805,Orange City,city,FL,FL,"Deltona-Daytona Beach-Ormond Beach, FL",Volusia County,1764.1031746031747
42716,2807,Maryland Heights,city,MO,MO,"St. Louis, MO-IL",Saint Louis County,1260.2973927875244
33825,2809,Saline,city,MI,MI,"Ann Arbor, MI",Washtenaw County,1948.3333333333333
43207,2811,Washougal,city,WA,WA,"Portland-Vancouver-Hillsboro, OR-WA",Skamania County,2191.25
14889,2814,Cheney,city,WA,WA,"Spokane-Spokane Valley, WA",Spokane County,1643.0833333333333
17271,2814,Camp Springs,city,MD,MD,"Washington-Arlington-Alexandria, DC-VA-MD-WV",Prince Georges County,2291.0666666666666
44124,2816,Belton,city,MO,MO,"Kansas City, MO-KS",Cass County,1833.642857142857
11808,2817,Harleysville,city,PA,PA,"Philadelphia-Camden-Wilmington, PA-NJ-DE-MD",Montgomery County,1937.0833333333335
53198,2819,Maumelle,city,AR,AR,"Little Rock-North Little Rock-Conway, AR",Pulaski County,1490.75
13385,2821,Prairie Village,city,KS,KS,"Kansas City, MO-KS",Johnson County,2028.1527777777776
19041,2822,Lithia,city,FL,FL,"Tampa-St. Petersburg-Clearwater, FL",Hillsborough County,2620.7222222222226
7482,2825,Tukwila,city,WA,WA,"Seattle-Tacoma-Bellevue, WA",King County,1915.5158730158728
13593,2827,Roselle,city,NJ,NJ,"New York-Newark-Jersey City, NY-NJ-PA",Union County,2659.2261904761904
833818,2828,Warrington,city,PA,PA,"Philadelphia-Camden-Wilmington, PA-NJ-DE-MD",Bucks County,1879.1666666666667
27319,2829,Summit,city,NJ,NJ,"New York-Newark-Jersey City, NY-NJ-PA",Union County,3235.6666666666665
46805,2832,North Plainfield,city,NJ,NJ,"New York-Newark-Jersey City, NY-NJ-PA",Somerset County,2098.583333333333
33495,2833,Port Jefferson Station,city,NY,NY,"New York-Newark-Jersey City, NY-NJ-PA",Suffolk County,2822.8888888888887
41317,2835,Twentynine Palms,city,CA,CA,"Riverside-San Bernardino-Ontario, CA",San Bernardino County,1533.9239926739926
37711,2839,Cameron,city,NC,NC,"Fayetteville, NC",Harnett County,1817.0833333333333
24041,2840,Chapin,city,SC,SC,"Columbia, SC",Lexington County,2077.0833333333335
16296,2841,Apollo Beach,city,FL,FL,"Tampa-St. Petersburg-Clearwater, FL",Hillsborough County,2440.04662
23671,2842,Benbrook,city,TX,TX,"Dallas-Fort Worth-Arlington, TX",Tarrant County,1654.7698412698412
27476,2843,Trotwood,city,OH,OH,"Dayton-Kettering, OH",Montgomery County,1265.6666666666667
126391,2845,The Crossings,city,FL,FL,"Miami-Fort Lauderdale-Pompano Beach, FL",Miami-Dade County,2703.095238095238
14933,2852,Avon Lake,city,OH,OH,"Cleveland-Elyria, OH",Lorain County,2423.25
37931,2852,Clinton,city,UT,UT,"Ogden-Clearfield, UT",Davis County,2343.7777777777774
46314,2855,Los Alamitos,city,CA,CA,"Los Angeles-Long Beach-Anaheim, CA",Orange County,3499
9792,2856,Middleton,city,WI,WI,"Madison, WI",Dane County,1864.7944444444445
24367,2857,Denver,city,NC,NC,"Charlotte-Concord-Gastonia, NC-SC",Lincoln County,1804.8125356125356
17788,2858,Dixon,city,CA,CA,"Vallejo, CA",Solano County,2537.5
53086,2859,Lynden,city,WA,WA,"Bellingham, WA",Whatcom County,2298.3333333333335
11057,2860,Debary,city,FL,FL,"Deltona-Daytona Beach-Ormond Beach, FL",Volusia County,2212.3333333333335
44415,2861,Camden,city,SC,SC,"Columbia, SC",Kershaw County,1495
36236,2864,Stephens City,city,VA,VA,"Winchester, VA-WV",Frederick County,2144.277777777778
32461,2867,Lebanon,city,IN,IN,"Indianapolis-Carmel-Anderson, IN",Boone County,1518.75
4380,2868,Dixon,city,IL,IL,"Dixon, IL",Lee County,1050
17442,2870,Chowchilla,city,CA,CA,"Madera, CA",Madera County,1775
10393,2871,Biddeford,city,ME,ME,"Portland-South Portland, ME",York County,1854.722222222222
24148,2874,Cohoes,city,NY,NY,"Albany-Schenectady-Troy, NY",Albany County,1792.4666666666665
17479,2876,Clifton Heights,city,PA,PA,"Philadelphia-Camden-Wilmington, PA-NJ-DE-MD",Delaware County,1602.5555555555557
31894,2878,Guyton,city,GA,GA,"Savannah, GA",Effingham County,2300
25779,2880,Mason,city,MI,MI,"Lansing-East Lansing, MI",Ingham County,1450
38731,2881,Golden Valley,city,MN,MN,"Minneapolis-St. Paul-Bloomington, MN-WI",Hennepin County,1770.1243201243203
49419,2882,Princeton,city,TX,TX,"Dallas-Fort Worth-Arlington, TX",Collin County,1983.348814229249
56048,2884,Harrisburg,city,NC,NC,"Charlotte-Concord-Gastonia, NC-SC",Cabarrus County,2390
11677,2885,Granite Bay,city,CA,CA,"Sacramento-Roseville-Folsom, CA",Placer County,2985
37633,2887,Bryn Mawr,city,PA,PA,"Philadelphia-Camden-Wilmington, PA-NJ-DE-MD",Delaware County,2351.285714285714
7462,2889,Travelers Rest,city,SC,SC,"Greenville-Anderson, SC",Greenville County,1780.8333333333335
13257,2890,Perry,city,GA,GA,"Warner Robins, GA",Houston County,1745.8333333333335
16760,2891,American Canyon,city,CA,CA,"Napa, CA",Napa County,2706
14563,2894,West Melbourne,city,FL,FL,"Palm Bay-Melbourne-Titusville, FL",Brevard County,2394.964285714286
50719,2895,Amelia,city,OH,OH,"Cincinnati, OH-KY-IN",Clermont County,2087.222222222222
38482,2897,Fallon,city,NV,NV,"Fallon, NV",Churchill County,1787.5
53775,2903,Pace,city,FL,FL,"Pensacola-Ferry Pass-Brent, FL",Santa Rosa County,1966.1904761904761
10734,2905,Castaic,city,CA,CA,"Los Angeles-Long Beach-Anaheim, CA",Los Angeles County,2911.1111111111113
24869,2905,Glassboro,city,NJ,NJ,"Philadelphia-Camden-Wilmington, PA-NJ-DE-MD",Gloucester County,2858.0595238095243
47137,2907,Pittsboro,city,NC,NC,"Durham-Chapel Hill, NC",Chatham County,1881.7222222222224
37820,2908,Chalmette,city,LA,LA,"New Orleans-Metairie, LA",Saint Bernard Parish,1426.9444444444443
25987,2909,Morris,city,IL,IL,"Chicago-Naperville-Elgin, IL-IN-WI",Grundy County,1412.5
118878,2910,West Carson,city,CA,CA,"Los Angeles-Long Beach-Anaheim, CA",Los Angeles County,3160.277777777778
8589,2911,Hurricane,city,WV,WV,"Huntington-Ashland, WV-KY-OH",Putnam County,1225
53977,2912,Portsmouth,city,NH,NH,"Boston-Cambridge-Newton, MA-NH",Rockingham County,2935.347222222222
54461,2912,South Amboy,city,NJ,NJ,"New York-Newark-Jersey City, NY-NJ-PA",Middlesex County,2575.2999999999997
39043,2915,Horizon City,city,TX,TX,"El Paso, TX",El Paso County,1626.8333333333333
34049,2916,South Euclid,city,OH,OH,"Cleveland-Elyria, OH",Cuyahoga County,1508.3333333333333
10164,2918,Arden,city,NC,NC,"Asheville, NC",Buncombe County,1712.8472222222224
32208,2921,Jasper,city,GA,GA,"Atlanta-Sandy Springs-Alpharetta, GA",Pickens County,2400
52767,2924,Key West,city,FL,FL,"Key West, FL",Monroe County,3607.476190476191
39476,2926,Lockhart,city,TX,TX,"Austin-Round Rock-Georgetown, TX",Caldwell County,1931.25
5657,2927,Little River,city,SC,SC,"Myrtle Beach-Conway-North Myrtle Beach, SC-NC",Horry County,1774.111111111111
49961,2928,Selma,city,NC,NC,"Raleigh-Cary, NC",Johnston County,1715
38791,2929,Green Valley,city,AZ,AZ,"Tucson, AZ",Pima County,1725
44549,2930,Charles Town,city,WV,WV,"Washington-Arlington-Alexandria, DC-VA-MD-WV",Jefferson County,1772.2777777777776
24435,2931,Duarte,city,CA,CA,"Los Angeles-Long Beach-Anaheim, CA",Los Angeles County,3082.1777777777775
7074,2934,Siloam Springs,city,AR,AR,"Fayetteville-Springdale-Rogers, AR",Benton County,1301.6666666666667
26667,2939,Radcliff,city,KY,KY,"Elizabethtown-Fort Knox, KY",Hardin County,1059.9166666666667
22243,2941,Mountain Home,city,ID,ID,"Mountain Home, ID",Elmore County,1601.388888888889
45305,2942,Forest Lake,city,MN,MN,"Minneapolis-St. Paul-Bloomington, MN-WI",Washington County,1484.425
33072,2942,New Hope,city,MN,MN,"Minneapolis-St. Paul-Bloomington, MN-WI",Hennepin County,1400.0666666666666
52663,2947,Jacksonville,city,AL,AL,"Anniston-Oxford, AL",Calhoun County,1141.111111111111
51948,2949,Evans,city,CO,CO,"Greeley, CO",Weld County,1820.952380952381
7018,2951,Sevierville,city,TN,TN,"Sevierville, TN",Sevier County,1720.8333333333333
395594,2952,Brunswick,city,ME,ME,"Portland-South Portland, ME",Cumberland County,2163.055555555555
50414,2957,Cary,city,IL,IL,"Chicago-Naperville-Elgin, IL-IN-WI",McHenry County,2447.5
11043,2958,Darien,city,CT,CT,"Bridgeport-Stamford-Norwalk, CT",Fairfield County,5040
17216,2958,Buckhannon,city,WV,WV,,Upshur County,950
15136,2961,East Ridge,city,TN,TN,"Chattanooga, TN-GA",Hamilton County,1543.5
33911,2962,Secaucus,city,NJ,NJ,"New York-Newark-Jersey City, NY-NJ-PA",Hudson County,2903.9095238095238
34259,2963,The Dalles,city,OR,OR,"The Dalles, OR",Wasco County,1555.8333333333333
4207,2965,Coralville,city,IA,IA,"Iowa City, IA",Johnson County,1144.3041666666668
21558,2966,Del City,city,OK,OK,"Oklahoma City, OK",Oklahoma County,1239.888888888889
28840,2967,Fountain Inn,city,SC,SC,"Greenville-Anderson, SC",Laurens County,1937.8333333333333
32359,2968,Labelle,city,FL,FL,"Clewiston, FL",Hendry County,1957.5
398547,2970,Westerly,city,RI,RI,"Providence-Warwick, RI-MA",Washington County,1939.1666666666665
13091,2971,Ojai,city,CA,CA,"Oxnard-Thousand Oaks-Ventura, CA",Ventura County,3797.9166666666665
46559,2972,Mineola,city,NY,NY,"New York-Newark-Jersey City, NY-NJ-PA",Nassau County,3520.845238095238
24793,2972,Franklin,city,OH,OH,"Cincinnati, OH-KY-IN",Warren County,1206.6666666666667
41598,2974,Weaverville,city,NC,NC,"Asheville, NC",Buncombe County,2060.111111111111
840556,2975,Oneonta,city,NY,NY,"Oneonta, NY",Otsego County,1339.8333333333333
396506,2976,Heber City,city,UT,UT,"Heber, UT",Wasatch County,2918.6111111111113
395758,2977,Moorestown Township,city,NJ,NJ,"Philadelphia-Camden-Wilmington, PA-NJ-DE-MD",Burlington County,2271.6666666666665
53418,2978,Morris Plains,city,NJ,NJ,"New York-Newark-Jersey City, NY-NJ-PA",Morris County,3347.9166666666665
26551,2979,Pleasantville,city,NJ,NJ,"Atlantic City-Hammonton, NJ",Atlantic County,1856.0119047619046
18919,2981,Lake Placid,city,FL,FL,"Sebring-Avon Park, FL",Highlands County,1550
17035,2983,Birmingham,city,MI,MI,"Detroit-Warren-Dearborn, MI",Oakland County,2831.555555555555
6760,2984,Ridgefield,city,WA,WA,"Portland-Vancouver-Hillsboro, OR-WA",Clark County,2280.297619047619
5013,2985,Gulf Breeze,city,FL,FL,"Pensacola-Ferry Pass-Brent, FL",Santa Rosa County,2253.4666666666667
17965,2988,Elmwood Park,city,NJ,NJ,"New York-Newark-Jersey City, NY-NJ-PA",Bergen County,2406.3333333333335
23938,2988,Canyon,city,TX,TX,"Amarillo, TX",Randall County,1191.7555555555555
33075,2990,New Kensington,city,PA,PA,"Pittsburgh, PA",Westmoreland County,985
52442,2992,Hatboro,city,PA,PA,"Philadelphia-Camden-Wilmington, PA-NJ-DE-MD",Montgomery County,1775
7510,2993,Twinsburg,city,OH,OH,"Akron, OH",Summit County,1576
44760,2995,Corsicana,city,TX,TX,"Corsicana, TX",Navarro County,1225.5166666666667
398283,2997,Sparta Township,city,NJ,NJ,"New York-Newark-Jersey City, NY-NJ-PA",Sussex County,2237.5
20143,2999,Rensselaer,city,NY,NY,"Albany-Schenectady-Troy, NY",Rensselaer County,1965
23898,3000,Byron,city,GA,GA,"Warner Robins, GA",Peach County,1722.5
15287,3001,Leland,city,NC,NC,"Myrtle Beach-Conway-North Myrtle Beach, SC-NC",Brunswick County,1906.5416666666667
7332,3003,Susanville,city,CA,CA,"Susanville, CA",Lassen County,1300
18510,3004,Hayden,city,ID,ID,"Coeur d'Alene, ID",Kootenai County,2114.3333333333335
52779,3008,Kingsland,city,GA,GA,"St. Marys, GA",Camden County,1661.4126984126985
10157,3009,Arcata,city,CA,CA,"Eureka-Arcata, CA",Humboldt County,1916.6666666666665
17378,3010,Chalfont,city,PA,PA,"Philadelphia-Camden-Wilmington, PA-NJ-DE-MD",Bucks County,2650
833175,3011,Rockaway,city,NJ,NJ,"New York-Newark-Jersey City, NY-NJ-PA",Morris County,2425
10764,3012,Centerville,city,OH,OH,"Dayton-Kettering, OH",Montgomery County,1840.4166666666667
24815,3013,Fulton,city,MO,MO,"Jefferson City, MO",Callaway County,850
45171,3017,Enumclaw,city,WA,WA,"Seattle-Tacoma-Bellevue, WA",Pierce County,2378.4166666666665
395676,3018,Verona,city,WI,WI,"Madison, WI",Dane County,2167.5
399071,3022,Westborough,city,MA,MA,"Worcester, MA-CT",Worcester County,2572.5
7022,3028,Sewickley,city,PA,PA,"Pittsburgh, PA",Allegheny County,1740
51547,3030,Corinth,city,TX,TX,"Dallas-Fort Worth-Arlington, TX",Denton County,1930.3055555555557
53820,3031,Pascagoula,city,MS,MS,"Gulfport-Biloxi, MS",Jackson County,894.7777777777778
42776,3034,Newport,city,NC,NC,"Morehead City, NC",Carteret County,1798.75
118694,3038,Valinda,city,CA,CA,"Los Angeles-Long Beach-Anaheim, CA",Los Angeles County,3100
44010,3039,Baker,city,LA,LA,"Baton Rouge, LA",East Baton Rouge Parish,1108.3333333333333
44837,3041,Dade City,city,FL,FL,"Tampa-St. Petersburg-Clearwater, FL",Pasco County,1813.3333333333333
55057,3042,Watkinsville,city,GA,GA,"Athens-Clarke County, GA",Oconee County,2125
53027,3043,Lomita,city,CA,CA,"Los Angeles-Long Beach-Anaheim, CA",Los Angeles County,2925.5396825396824
54158,3043,Riverbank,city,CA,CA,"Modesto, CA",Stanislaus County,2650
39524,3045,Loves Park,city,IL,IL,"Rockford, IL",Winnebago County,1391.111111111111
38275,3046,East Amherst,city,NY,NY,"Buffalo-Cheektowaga, NY",Erie County,1870.6666666666667
13021,3047,North Liberty,city,IA,IA,"Iowa City, IA",Johnson County,1468.270697167756
34065,3048,South Saint Paul,city,MN,MN,"Minneapolis-St. Paul-Bloomington, MN-WI",Dakota County,1435.5555555555557
16122,3051,Tipp City,city,OH,OH,"Dayton-Kettering, OH",Miami County,1660.1666666666667
32513,3052,Lindenwold,city,NJ,NJ,"Philadelphia-Camden-Wilmington, PA-NJ-DE-MD",Camden County,2450
31700,3053,Gardner,city,MA,MA,"Worcester, MA-CT",Worcester County,1636.6666666666667
14813,3057,Bloomfield,city,CT,CT,"Hartford-East Hartford-Middletown, CT",Hartford County,2380.9841269841268
16560,3058,Parma Heights,city,OH,OH,"Cleveland-Elyria, OH",Cuyahoga County,1350.138888888889
31494,3061,Exton,city,PA,PA,"Philadelphia-Camden-Wilmington, PA-NJ-DE-MD",Chester County,2041.6860471724922
53115,3065,Maitland,city,FL,FL,"Orlando-Kissimmee-Sanford, FL",Orange County,2032.9100241545893
28867,3065,Prineville,city,OR,OR,"Prineville, OR",Crook County,1541.25
56159,3067,Ozark,city,AL,AL,"Ozark, AL",Dale County,1450
12876,3067,Mountlake Terrace,city,WA,WA,"Seattle-Tacoma-Bellevue, WA",Snohomish County,2110.878205128205
46080,3073,La Canada Flintridge,city,CA,CA,"Los Angeles-Long Beach-Anaheim, CA",Los Angeles County,5866.666666666667
30903,3076,Clackamas,city,OR,OR,"Portland-Vancouver-Hillsboro, OR-WA",Clackamas County,1840.2166666666665
12935,3077,New Canaan,city,CT,CT,"Bridgeport-Stamford-Norwalk, CT",Fairfield County,
4603,3078,Erlanger,city,KY,KY,"Cincinnati, OH-KY-IN",Kenton County,1299.5833333333333
48632,3080,Altoona,city,IA,IA,"Des Moines-West Des Moines, IA",Polk County,2031.75
19827,3081,Palmyra,city,VA,VA,"Charlottesville, VA",Fluvanna County,1860
19819,3082,Palisades Park,city,NJ,NJ,"New York-Newark-Jersey City, NY-NJ-PA",Bergen County,2733
21418,3083,Yulee,city,FL,FL,"Jacksonville, FL",Nassau County,2130.6111111111113
12834,3086,Morrison,city,CO,CO,"Denver-Aurora-Lakewood, CO",Jefferson County,2440.777777777778
34932,3088,Yardley,city,PA,PA,"Philadelphia-Camden-Wilmington, PA-NJ-DE-MD",Bucks County,2674.6
21217,3089,West Columbia,city,SC,SC,"Columbia, SC",Lexington County,1488.75
20894,3091,Universal City,city,TX,TX,"San Antonio-New Braunfels, TX",Bexar County,1125.9694444444442
13168,3092,Palm Springs,city,FL,FL,"Miami-Fort Lauderdale-Pompano Beach, FL",Palm Beach County,2229.3333333333335
54194,3093,Rocky River,city,OH,OH,"Cleveland-Elyria, OH",Cuyahoga County,1612.7333333333333
837003,3096,Plainsboro,city,NJ,NJ,"New York-Newark-Jersey City, NY-NJ-PA",Middlesex County,2143.034314
35765,3098,Prospect,city,KY,KY,"Louisville/Jefferson County, KY-IN",Oldham County,2189.3888888888887
14573,3099,West Saint Paul,city,MN,MN,"Minneapolis-St. Paul-Bloomington, MN-WI",Dakota County,1431.5863395863396
16736,3100,Alsip,city,IL,IL,"Chicago-Naperville-Elgin, IL-IN-WI",Cook County,1400
19107,3101,Louisville,city,CO,CO,"Boulder, CO",Boulder County,2148.160714285714
8671,3102,Dolton,city,IL,IL,"Chicago-Naperville-Elgin, IL-IN-WI",Cook County,2469.3333333333335
3711,3103,Blue Bell,city,PA,PA,"Philadelphia-Camden-Wilmington, PA-NJ-DE-MD",Montgomery County,2844.7777777777774
19254,3105,Mc Calla,city,AL,AL,"Birmingham-Hoover, AL",Jefferson County,1860.75
51571,3106,Covington,city,WA,WA,"Seattle-Tacoma-Bellevue, WA",King County,2337.7333333333336
35002,3107,Angier,city,NC,NC,"Fayetteville, NC",Harnett County,1914
39319,3108,Lahaina,city,HI,HI,"Kahului-Wailuku-Lahaina, HI",Maui County,5322.222222222222
836932,3111,Aston,city,PA,PA,"Philadelphia-Camden-Wilmington, PA-NJ-DE-MD",Delaware County,2220
35755,3113,Oldsmar,city,FL,FL,"Tampa-St. Petersburg-Clearwater, FL",Pinellas County,2224.1507936507937
23353,3115,Wixom,city,MI,MI,"Detroit-Warren-Dearborn, MI",Oakland County,2000
46320,3117,Louisville,city,OH,OH,"Canton-Massillon, OH",Stark County,1457.6666666666667
11982,3119,Hoschton,city,GA,GA,"Jefferson, GA",Jackson County,2305.3611111111113
236486,3120,Pecan Grove,city,TX,TX,"Houston-The Woodlands-Sugar Land, TX",Fort Bend County,1983.5666666666666
53498,3124,Nederland,city,TX,TX,"Beaumont-Port Arthur, TX",Jefferson County,1185
26138,3127,Newport,city,RI,RI,"Providence-Warwick, RI-MA",Newport County,3270.4912280701756
18591,3130,Hobe Sound,city,FL,FL,"Port St. Lucie, FL",Martin County,3216.6666666666665
25067,3138,Havelock,city,NC,NC,"New Bern, NC",Craven County,1369.5
32045,3142,Hilton,city,NY,NY,"Rochester, NY",Monroe County,1410.8333333333333
32186,3145,Jacksonville Beach,city,FL,FL,"Jacksonville, FL",Duval County,2484.571253501401
5846,3150,Mayfield Heights,city,OH,OH,"Cleveland-Elyria, OH",Cuyahoga County,1352.1666666666667
32228,3152,Jessup,city,MD,MD,"Baltimore-Columbia-Towson, MD",Howard County,2949.444444444445
26149,3153,Newtown Square,city,PA,PA,"Philadelphia-Camden-Wilmington, PA-NJ-DE-MD",Delaware County,2588.722222222222
55135,3154,Westbrook,city,ME,ME,"Portland-South Portland, ME",Cumberland County,2416.3888888888887
5057,3157,Hanover,city,MD,MD,"Baltimore-Columbia-Towson, MD",Anne Arundel County,2388.5722222222225
396551,3158,La Crescenta-Montrose,city,CA,CA,"Los Angeles-Long Beach-Anaheim, CA",Los Angeles County,3273.8888888888887
45241,3159,Farmington,city,UT,UT,"Ogden-Clearfield, UT",Davis County,1568.8214285714287
398234,3160,Hudson,city,MA,MA,"Boston-Cambridge-Newton, MA-NH",Middlesex County,2529.1666666666665
39761,3163,Mesquite,city,NV,NV,"Las Vegas-Henderson-Paradise, NV",Lincoln County,1574.1666666666665
30621,3165,Browns Mills,city,NJ,NJ,"Philadelphia-Camden-Wilmington, PA-NJ-DE-MD",Burlington County,2483.333333333333
34823,3166,Whitehall,city,OH,OH,"Columbus, OH",Franklin County,1310.0277777777776
38903,3167,Harrison Township,city,MI,MI,"Detroit-Warren-Dearborn, MI",Macomb County,1330.3174603174602
24316,3168,Danville,city,PA,PA,"Bloomsburg-Berwick, PA",Montour County,1644.4444444444443
55623,3171,Columbia,city,PA,PA,"Lancaster, PA",Lancaster County,1197.5
30611,3175,Brookfield,city,IL,IL,"Chicago-Naperville-Elgin, IL-IN-WI",Cook County,1843.5
48085,3176,Union City,city,GA,GA,"Atlanta-Sandy Springs-Alpharetta, GA",Fulton County,1803.7195767195765
38237,3179,Dripping Springs,city,TX,TX,"Austin-Round Rock-Georgetown, TX",Hays County,2311.3333333333335
56565,3182,Willow Grove,city,PA,PA,"Philadelphia-Camden-Wilmington, PA-NJ-DE-MD",Montgomery County,2122.8888888888887
35968,3186,Rocky Hill,city,CT,CT,"Hartford-East Hartford-Middletown, CT",Hartford County,1744.6805555555557
25569,3191,Lewisburg,city,PA,PA,"Lewisburg, PA",Union County,1735
12121,3195,Jensen Beach,city,FL,FL,"Port St. Lucie, FL",Saint Lucie County,3069.1666666666665
37073,3197,Albany,city,CA,CA,"San Francisco-Oakland-Berkeley, CA",Alameda County,2529.3333333333335
23574,3200,Bainbridge Island,city,WA,WA,"Bremerton-Silverdale-Port Orchard, WA",Kitsap County,3143.444444444445
32685,3206,Maple Shade Township,city,NJ,NJ,"Philadelphia-Camden-Wilmington, PA-NJ-DE-MD",Burlington County,1685.8333333333333
47780,3211,Southbury,city,CT,CT,"New Haven-Milford, CT",New Haven County,2450
48047,3213,Truckee,city,CA,CA,"Truckee-Grass Valley, CA",Nevada County,4820.833333333333
54257,3214,Saco,city,ME,ME,"Portland-South Portland, ME",York County,1850
51392,3216,Chickasha,city,OK,OK,"Oklahoma City, OK",Grady County,1197.5
34057,3217,South Milwaukee,city,WI,WI,"Milwaukee-Waukesha, WI",Milwaukee County,1140
4946,3219,Grain Valley,city,MO,MO,"Kansas City, MO-KS",Jackson County,1929.4166666666667
9181,3222,Monmouth Junction,city,NJ,NJ,"New York-Newark-Jersey City, NY-NJ-PA",Middlesex County,2500
44983,3223,DuBois,city,PA,PA,"DuBois, PA",Clearfield County,1115.8333333333333
37869,3224,Chippewa Falls,city,WI,WI,"Eau Claire, WI",Chippewa County,1126.388888888889
13716,3227,Santa Fe Springs,city,CA,CA,"Los Angeles-Long Beach-Anaheim, CA",Los Angeles County,3295.1666666666665
45802,3231,Hood River,city,OR,OR,"Hood River, OR",Hood River County,2748.75
12133,3232,Johnson City,city,NY,NY,"Binghamton, NY",Broome County,975
12959,3234,New Richmond,city,WI,WI,"Minneapolis-St. Paul-Bloomington, MN-WI",Saint Croix County,1763.3333333333333
35401,3235,Fulshear,city,TX,TX,"Houston-The Woodlands-Sugar Land, TX",Fort Bend County,2169.6111111111113
30723,3237,Canal Winchester,city,OH,OH,"Columbus, OH",Fairfield County,2176.5
34630,3238,Walker,city,LA,LA,"Baton Rouge, LA",Livingston Parish,1600
25074,3239,Hawthorne,city,NJ,NJ,"New York-Newark-Jersey City, NY-NJ-PA",Passaic County,2403.8888888888887
832067,3240,Penfield,city,NY,NY,"Rochester, NY",Monroe County,1558.3333333333333
42569,3241,Orinda,city,CA,CA,"San Francisco-Oakland-Berkeley, CA",Contra Costa County,5947.5
11312,3242,Eloy,city,AZ,AZ,"Phoenix-Mesa-Chandler, AZ",Pinal County,1227.5
26492,3246,Pikesville,city,MD,MD,"Baltimore-Columbia-Towson, MD",Baltimore County,2115
31841,3247,Grayslake,city,IL,IL,"Chicago-Naperville-Elgin, IL-IN-WI",Lake County,1875
30522,3248,Bonaire,city,GA,GA,"Warner Robins, GA",Houston County,1736.9444444444443
397945,3254,Cascade,city,MI,MI,"Grand Rapids-Kentwood, MI",Kent County,2323
835403,3262,Ocean,city,NJ,NJ,"New York-Newark-Jersey City, NY-NJ-PA",Monmouth County,3158
832510,3263,Mamaroneck,city,NY,NY,"New York-Newark-Jersey City, NY-NJ-PA",Westchester County,3418.3333333333335
57229,3265,Ferndale,city,MI,MI,"Detroit-Warren-Dearborn, MI",Oakland County,1649.0013227513227
48883,3266,Affton,city,MO,MO,"St. Louis, MO-IL",Saint Louis County,1907.2222222222224
53743,3267,Oregon,city,OH,OH,"Toledo, OH",Lucas County,1722
27160,3271,South Burlington,city,VT,VT,"Burlington-South Burlington, VT",Chittenden County,2782.222222222222
46708,3272,New Cumberland,city,PA,PA,"York-Hanover, PA",York County,1197.5
839964,3273,Saugerities,city,NY,NY,"Kingston, NY",Ulster County,2000
232121,3276,Cinco Ranch,city,TX,TX,"Houston-The Woodlands-Sugar Land, TX",Fort Bend County,1902.3214285714287
6929,3277,Sandpoint,city,ID,ID,"Sandpoint, ID",Bonner County,1905
826200,3279,Woodbridge,city,NJ,NJ,"New York-Newark-Jersey City, NY-NJ-PA",Middlesex County,2340.188888888889
16986,3280,Bensenville,city,IL,IL,"Chicago-Naperville-Elgin, IL-IN-WI",DuPage County,1634.75
8981,3284,Rockmart,city,GA,GA,"Cedartown, GA",Polk County,1724.6666666666667
395601,3284,Germantown,city,WI,WI,"Milwaukee-Waukesha, WI",Washington County,1460.2777777777776
48052,3286,Tumwater,city,WA,WA,"Olympia-Lacey-Tumwater, WA",Thurston County,2014.21164
34752,3287,West Mifflin,city,PA,PA,"Pittsburgh, PA",Allegheny County,1391.5
37592,3290,Brockport,city,NY,NY,"Rochester, NY",Monroe County,1325
8081,3291,Anacortes,city,WA,WA,"Mount Vernon-Anacortes, WA",Skagit County,2422.222222222222
23750,3292,Bluefield,city,WV,WV,"Bluefield, WV-VA",Mercer County,822.5
17587,3295,Coronado,city,CA,CA,"San Diego-Chula Vista-Carlsbad, CA",San Diego County,5472.571428571428
34059,3295,South Orange,city,NJ,NJ,"New York-Newark-Jersey City, NY-NJ-PA",Essex County,3036.8309523809526
39963,3301,New Albany,city,OH,OH,"Columbus, OH",Franklin County,1797.3650793650795
34243,3302,Taylor,city,TX,TX,"Austin-Round Rock-Georgetown, TX",Williamson County,1805.2777777777776
54702,3304,Tinton Falls,city,NJ,NJ,"New York-Newark-Jersey City, NY-NJ-PA",Monmouth County,3201.722222222222
30227,3305,Ansonia,city,CT,CT,"New Haven-Milford, CT",New Haven County,1811.25
22663,3306,Sunny Isles Beach,city,FL,FL,"Miami-Fort Lauderdale-Pompano Beach, FL",Miami-Dade County,4098.4225178615425
12580,3307,Mars,city,PA,PA,"Pittsburgh, PA",Butler County,2987.5
27995,3308,Winthrop,city,MA,MA,"Boston-Cambridge-Newton, MA-NH",Suffolk County,2575.1388888888887
41069,3309,Stillwater,city,MN,MN,"Minneapolis-St. Paul-Bloomington, MN-WI",Washington County,1937.5
27797,3313,Watervliet,city,NY,NY,"Albany-Schenectady-Troy, NY",Albany County,1481.2666666666667
22123,3314,Hanahan,city,SC,SC,"Charleston-North Charleston, SC",Berkeley County,1696.8465608465606
33748,3315,Rossville,city,GA,GA,"Chattanooga, TN-GA",Walker County,1557.7222222222224
19327,3316,Merrill,city,WI,WI,"Wausau-Weston, WI",Lincoln County,895
54129,3320,Richlands,city,NC,NC,"Jacksonville, NC",Onslow County,1642.0833333333333
52842,3322,Laguna Beach,city,CA,CA,"Los Angeles-Long Beach-Anaheim, CA",Orange County,6076.921962095876
41940,3324,Chatham,city,NJ,NJ,"New York-Newark-Jersey City, NY-NJ-PA",Morris County,2660.983333333333
11048,3327,Davidson,city,NC,NC,"Charlotte-Concord-Gastonia, NC-SC",Mecklenburg County,1819.1746031746034
8762,3329,Harrison,city,NJ,NJ,"New York-Newark-Jersey City, NY-NJ-PA",Hudson County,2530.944444444445
16840,3331,Augusta,city,ME,ME,"Augusta-Waterville, ME",Kennebec County,1561.611111111111
829615,3335,East Hampton,city,NY,NY,"New York-Newark-Jersey City, NY-NJ-PA",Suffolk County,36210.299999999996
34170,3337,Sudbury,city,MA,MA,"Boston-Cambridge-Newton, MA-NH",Middlesex County,3644.25
6274,3338,Oakton,city,VA,VA,"Washington-Arlington-Alexandria, DC-VA-MD-WV",Fairfax County,2997.222222222222
33167,3338,North Salt Lake,city,UT,UT,"Ogden-Clearfield, UT",Davis County,1810
37982,3340,Commerce,city,GA,GA,"Jefferson, GA",Jackson County,1587.3555555555556
43867,3342,Alpine,city,CA,CA,"San Diego-Chula Vista-Carlsbad, CA",San Diego County,2309.4666666666667
398002,3345,Hopkinton,city,MA,MA,"Boston-Cambridge-Newton, MA-NH",Middlesex County,2925.555555555555
19698,3347,Norwood,city,OH,OH,"Cincinnati, OH-KY-IN",Hamilton County,1313.2222222222224
37404,3348,Bethany,city,OK,OK,"Oklahoma City, OK",Oklahoma County,1272.638888888889
6771,3350,Rio Rico,city,AZ,AZ,"Nogales, AZ",Santa Cruz County,1600
36958,3351,Pinole,city,CA,CA,"San Francisco-Oakland-Berkeley, CA",Contra Costa County,2550.277777777778
52574,3352,Hopkins,city,MN,MN,"Minneapolis-St. Paul-Bloomington, MN-WI",Hennepin County,1603.8703703703704
4171,3355,Colonia,city,NJ,NJ,"New York-Newark-Jersey City, NY-NJ-PA",Middlesex County,2382.5
15337,3360,Great Bend,city,KS,KS,"Great Bend, KS",Barton County,760
839958,3361,New Paltz,city,NY,NY,"Kingston, NY",Ulster County,2525
42632,3362,Rathdrum,city,ID,ID,"Coeur d'Alene, ID",Kootenai County,2312.5
23560,3364,Avon,city,CT,CT,"Hartford-East Hartford-Middletown, CT",Hartford County,2300
7005,3365,Sedona,city,AZ,AZ,"Prescott Valley-Prescott, AZ",Yavapai County,3013.055555555555
26885,3366,Rutherford,city,NJ,NJ,"New York-Newark-Jersey City, NY-NJ-PA",Bergen County,2975
29712,3368,Hermosa Beach,city,CA,CA,"Los Angeles-Long Beach-Anaheim, CA",Los Angeles County,3950.6965811965806
47914,3370,Surfside Beach,city,SC,SC,"Myrtle Beach-Conway-North Myrtle Beach, SC-NC",Horry County,1732.1000000000001
39494,3372,Long Beach,city,MS,MS,"Gulfport-Biloxi, MS",Harrison County,1350
22653,3375,Sartell,city,MN,MN,"St. Cloud, MN",Stearns County,1587.5
54526,3377,Springtown,city,TX,TX,"Dallas-Fort Worth-Arlington, TX",Parker County,1721.6666666666667
33162,3379,North Palm Beach,city,FL,FL,"Miami-Fort Lauderdale-Pompano Beach, FL",Palm Beach County,2754.5272435897436
51590,3383,Creve Coeur,city,MO,MO,"St. Louis, MO-IL",Saint Louis County,1375.2074074074073
10363,3384,Berea,city,OH,OH,"Cleveland-Elyria, OH",Cuyahoga County,1795.5555555555557
35541,3386,Hudson,city,NY,NY,"Hudson, NY",Columbia County,2427.5
3461,3396,Ashland,city,MA,MA,"Boston-Cambridge-Newton, MA-NH",Middlesex County,2499.8333333333335
398549,3402,Foxborough,city,MA,MA,"Boston-Cambridge-Newton, MA-NH",Norfolk County,2635.027777777778
8372,3404,Concord,city,MA,MA,"Boston-Cambridge-Newton, MA-NH",Middlesex County,3722.833333333333
36036,3407,Ripon,city,CA,CA,"Stockton, CA",San Joaquin County,2309.777777777778
47667,3409,Shepherdsville,city,KY,KY,"Louisville/Jefferson County, KY-IN",Bullitt County,1781.388888888889
22194,3412,Lumberton,city,TX,TX,"Beaumont-Port Arthur, TX",Hardin County,1683.75
15743,3413,Riverton,city,WY,WY,"Riverton, WY",Fremont County,929.1666666666666
7032,3414,Sharpsburg,city,GA,GA,"Atlanta-Sandy Springs-Alpharetta, GA",Coweta County,2442.5
395476,3414,Hartford,city,WI,WI,"Milwaukee-Waukesha, WI",Washington County,1300
49481,3418,Makawao,city,HI,HI,"Kahului-Wailuku-Lahaina, HI",Maui County,3200
24198,3421,Coolidge,city,AZ,AZ,"Phoenix-Mesa-Chandler, AZ",Pinal County,1703.3333333333333
11320,3423,Emmaus,city,PA,PA,"Allentown-Bethlehem-Easton, PA-NJ",Lehigh County,1907.111111111111
3412,3424,Angola,city,IN,IN,"Angola, IN",Steuben County,1190
21335,3427,Windham,city,ME,ME,"Portland-South Portland, ME",Cumberland County,2500
49144,3428,Enola,city,PA,PA,"Harrisburg-Carlisle, PA",Cumberland County,1675
26038,3432,Mukilteo,city,WA,WA,"Seattle-Tacoma-Bellevue, WA",Snohomish County,2291.472222222222
25078,3436,Healdsburg,city,CA,CA,"Santa Rosa-Petaluma, CA",Sonoma County,3486.1111111111113
6463,3437,Pennsauken,city,NJ,NJ,"Philadelphia-Camden-Wilmington, PA-NJ-DE-MD",Camden County,2438.25
29748,3440,Iselin,city,NJ,NJ,"New York-Newark-Jersey City, NY-NJ-PA",Middlesex County,2818.4126984126983
40001,3442,Newburyport,city,MA,MA,"Boston-Cambridge-Newton, MA-NH",Essex County,3021.444444444444
11052,3444,Dayton,city,NV,NV,"Fernley, NV",Lyon County,1649.1666666666667
31989,3445,Hazelwood,city,MO,MO,"St. Louis, MO-IL",Saint Louis County,1460.5833333333333
21961,3446,Goffstown,city,NH,NH,"Manchester-Nashua, NH",Hillsborough County,2052.5
42732,3447,Pelham,city,AL,AL,"Birmingham-Hoover, AL",Shelby County,1601.4325396825395
33015,3448,Murphy,city,TX,TX,"Dallas-Fort Worth-Arlington, TX",Collin County,2650
28717,3452,Dickinson,city,TX,TX,"Houston-The Woodlands-Sugar Land, TX",Galveston County,1467.5
10934,3455,Conshohocken,city,PA,PA,"Philadelphia-Camden-Wilmington, PA-NJ-DE-MD",Montgomery County,2256.684523809524
37353,3461,Belle Chasse,city,LA,LA,"New Orleans-Metairie, LA",Plaquemines Parish,2550
17827,3464,Dumont,city,NJ,NJ,"New York-Newark-Jersey City, NY-NJ-PA",Bergen County,2200
21240,3465,West Richland,city,WA,WA,"Kennewick-Richland, WA",Benton County,2275
43102,3469,Taft,city,CA,CA,"Bakersfield, CA",Kern County,1129.1666666666667
48650,3473,Carnegie,city,PA,PA,"Pittsburgh, PA",Allegheny County,1154.047619047619
23257,3474,Oxford,city,AL,AL,"Anniston-Oxford, AL",Calhoun County,887.5
20642,3475,Steamboat Springs,city,CO,CO,"Steamboat Springs, CO",Routt County,3000
16227,3476,Spencerport,city,NY,NY,"Rochester, NY",Monroe County,1805
53954,3480,Ponte Vedra,city,FL,FL,"Jacksonville, FL",Saint Johns County,2325.8425925925926
13227,3481,Payson,city,UT,UT,"Provo-Orem, UT",Utah County,1561.851851851852
32624,3484,Macomb,city,IL,IL,"Macomb, IL",McDonough County,755
32661,3486,Manchester,city,MO,MO,"St. Louis, MO-IL",Saint Louis County,1749.8333333333333
23008,3487,Saint Joseph,city,MI,MI,"Niles, MI",Berrien County,1668.611111111111
28061,3493,Youngsville,city,NC,NC,"Raleigh-Cary, NC",Franklin County,1867.5
45261,3494,Ferguson,city,MO,MO,"St. Louis, MO-IL",Saint Louis County,1246.5833333333333
32357,3496,La Vista,city,NE,NE,"Omaha-Council Bluffs, NE-IA",Sarpy County,1190.8035714285713
20291,3497,Safford,city,AZ,AZ,"Safford, AZ",Graham County,2195
10390,3500,Beverly Hills,city,FL,FL,"Homosassa Springs, FL",Citrus County,1557.4166666666667
37672,3502,Burtonsville,city,MD,MD,"Washington-Arlington-Alexandria, DC-VA-MD-WV",Montgomery County,2618.083333333333
56574,3503,Sanger,city,TX,TX,"Dallas-Fort Worth-Arlington, TX",Denton County,2100
33429,3505,Pinecrest,city,FL,FL,"Miami-Fort Lauderdale-Pompano Beach, FL",Miami-Dade County,4030.555555555556
10855,3506,Clemson,city,SC,SC,"Greenville-Anderson, SC",Pickens County,1541
26569,3513,Polk City,city,FL,FL,"Lakeland-Winter Haven, FL",Polk County,1807.3333333333333
43964,3514,Astoria,city,OR,OR,"Astoria, OR",Clatsop County,1565
17650,3516,Cudahy,city,WI,WI,"Milwaukee-Waukesha, WI",Milwaukee County,1142.5
55951,3521,Groves,city,TX,TX,"Beaumont-Port Arthur, TX",Jefferson County,1595
29455,3523,Temple,city,GA,GA,"Atlanta-Sandy Springs-Alpharetta, GA",Carroll County,1808.7777777777776
50737,3524,Anoka,city,MN,MN,"Minneapolis-St. Paul-Bloomington, MN-WI",Anoka County,1513.6666666666667
46098,3533,Laguna Woods,city,CA,CA,"Los Angeles-Long Beach-Anaheim, CA",Orange County,2902.3703703703704
30159,3534,Aledo,city,TX,TX,"Dallas-Fort Worth-Arlington, TX",Parker County,1729.288888888889
35100,3535,Dallas,city,NC,NC,"Charlotte-Concord-Gastonia, NC-SC",Gaston County,1668.15
36317,3540,Sylva,city,NC,NC,"Cullowhee, NC",Jackson County,1750
3862,3542,Bryant,city,AR,AR,"Little Rock-North Little Rock-Conway, AR",Saline County,1538.75
32490,3547,Liberty Hill,city,TX,TX,"Austin-Round Rock-Georgetown, TX",Williamson County,2252.480158730159
5890,3549,Mechanicville,city,NY,NY,"Albany-Schenectady-Troy, NY",Saratoga County,1364.6666666666667
20816,3551,Tobyhanna,city,PA,PA,"East Stroudsburg, PA",Monroe County,1998.9583333333335
53586,3553,Nokomis,city,FL,FL,"North Port-Sarasota-Bradenton, FL",Sarasota County,2363.816738816739
43695,3554,Hernando,city,FL,FL,"Homosassa Springs, FL",Citrus County,1897.5
398846,3555,Southbridge,city,MA,MA,"Worcester, MA-CT",Worcester County,2150
48787,3564,Bridgeville,city,PA,PA,"Pittsburgh, PA",Allegheny County,1142.5
50247,3566,Saint Helens,city,OR,OR,"Portland-Vancouver-Hillsboro, OR-WA",Columbia County,1867.5
40493,3567,Rancho Mirage,city,CA,CA,"Riverside-San Bernardino-Ontario, CA",Riverside County,5077.433333333333
37186,3576,Artesia,city,NM,NM,"Carlsbad-Artesia, NM",Eddy County,3241.6666666666665
20651,3580,Sterling,city,CO,CO,"Sterling, CO",Logan County,925
43493,3582,Streetsboro,city,OH,OH,"Akron, OH",Portage County,1466.1666666666667
4273,3583,Crystal River,city,FL,FL,"Homosassa Springs, FL",Citrus County,1588.3333333333333
41693,3586,White Settlement,city,TX,TX,"Dallas-Fort Worth-Arlington, TX",Tarrant County,1468.5
11102,3589,Destin,city,FL,FL,"Crestview-Fort Walton Beach-Destin, FL",Okaloosa County,1998.5257575757576
23026,3590,Horsham,city,PA,PA,"Philadelphia-Camden-Wilmington, PA-NJ-DE-MD",Montgomery County,1970
28337,3591,Beacon,city,NY,NY,"Poughkeepsie-Newburgh-Middletown, NY",Dutchess County,2465.75
47054,3593,Pendleton,city,IN,IN,"Indianapolis-Carmel-Anderson, IN",Madison County,1901.25
47674,3602,Shiloh,city,IL,IL,"St. Louis, MO-IL",Saint Clair County,1286.6666666666667
37706,3604,Cambridge,city,MD,MD,"Cambridge, MD",Dorchester County,1950
55753,3605,El Segundo,city,CA,CA,"Los Angeles-Long Beach-Anaheim, CA",Los Angeles County,3113.2380952380954
52206,3606,Gibsonton,city,FL,FL,"Tampa-St. Petersburg-Clearwater, FL",Hillsborough County,2330.0833333333335
18524,3609,Hebron,city,KY,KY,"Cincinnati, OH-KY-IN",Boone County,1850
12503,3612,Madisonville,city,LA,LA,"New Orleans-Metairie, LA",Saint Tammany Parish,2350
831321,3613,Hatfield,city,PA,PA,"Philadelphia-Camden-Wilmington, PA-NJ-DE-MD",Montgomery County,1793.0555555555554
11932,3616,Hockley,city,TX,TX,"Houston-The Woodlands-Sugar Land, TX",Harris County,2147.738888888889
29393,3619,Seagoville,city,TX,TX,"Dallas-Fort Worth-Arlington, TX",Dallas County,1961.388888888889
13092,3623,Ojus,city,FL,FL,"Miami-Fort Lauderdale-Pompano Beach, FL",Miami-Dade County,2297.280303030303
37814,3624,Central,city,SC,SC,"Greenville-Anderson, SC",Pickens County,1309.111111111111
8640,3625,Fairview Park,city,OH,OH,"Cleveland-Elyria, OH",Cuyahoga County,1408
10816,3626,Chino Valley,city,AZ,AZ,"Prescott Valley-Prescott, AZ",Yavapai County,2270
12085,3628,Jackson,city,WY,WY,"Jackson, WY-ID",Teton County,5565
57294,3629,Verona,city,PA,PA,"Pittsburgh, PA",Allegheny County,1346.0833333333333
396094,3634,Suitland-Silver Hill,city,MD,MD,"Washington-Arlington-Alexandria, DC-VA-MD-WV",Prince Georges County,1644.111111111111
4868,3635,Gautier,city,MS,MS,"Gulfport-Biloxi, MS",Jackson County,1372.2222222222224
53105,3643,Madison,city,NJ,NJ,"New York-Newark-Jersey City, NY-NJ-PA",Morris County,2769.5833333333335
19798,3646,Overland,city,MO,MO,"St. Louis, MO-IL",Saint Louis County,1405
41673,3646,Westlake Village,city,CA,CA,"Oxnard-Thousand Oaks-Ventura, CA",Ventura County,6173.822222222222
853797,3648,Stevenson Ranch,city,CA,CA,"Los Angeles-Long Beach-Anaheim, CA",Los Angeles County,2978.9259259259256
395478,3650,Amesbury,city,MA,MA,"Boston-Cambridge-Newton, MA-NH",Essex County,2634.333333333333
395591,3653,Middletown,city,RI,RI,"Providence-Warwick, RI-MA",Newport County,3121.1111111111113
38192,3654,Detroit Lakes,city,MN,MN,,Becker County,1350
22976,3655,Abington,city,MA,MA,"Boston-Cambridge-Newton, MA-NH",Plymouth County,2752.8888888888887
25872,3656,Metuchen,city,NJ,NJ,"New York-Newark-Jersey City, NY-NJ-PA",Middlesex County,3075
45553,3659,Greenbrier,city,AR,AR,"Little Rock-North Little Rock-Conway, AR",Faulkner County,1125
398586,3662,Bellingham,city,MA,MA,"Boston-Cambridge-Newton, MA-NH",Norfolk County,2434.305555555555
48349,3667,Waterford,city,CT,CT,"Norwich-New London, CT",New London County,
55335,3669,Cortland,city,OH,OH,"Youngstown-Warren-Boardman, OH-PA",Trumbull County,875
13942,3670,Spanish Lake,city,MO,MO,"St. Louis, MO-IL",Saint Louis County,1348.125
16183,3672,South Charleston,city,WV,WV,"Charleston, WV",Kanawha County,900
5693,3674,Loomis,city,CA,CA,"Sacramento-Roseville-Folsom, CA",Placer County,3000
44402,3675,Calera,city,AL,AL,"Birmingham-Hoover, AL",Shelby County,1654.4285714285713
11926,3681,Hinsdale,city,IL,IL,"Chicago-Naperville-Elgin, IL-IN-WI",DuPage County,3900
32353,3682,La Marque,city,TX,TX,"Houston-The Woodlands-Sugar Land, TX",Galveston County,1751.4444444444443
39622,3687,Marble Falls,city,TX,TX,"Austin-Round Rock-Georgetown, TX",Burnet County,1563
40184,3688,Orting,city,WA,WA,"Seattle-Tacoma-Bellevue, WA",Pierce County,2929.1666666666665
46095,3692,Laconia,city,NH,NH,"Laconia, NH",Belknap County,1905
51047,3694,Bluffdale,city,UT,UT,"Salt Lake City, UT",Salt Lake County,2043.388888888889
41030,3695,Springfield,city,NJ,NJ,"New York-Newark-Jersey City, NY-NJ-PA",Union County,2510.6666666666665
243200,3696,East Highland Park,city,VA,VA,"Richmond, VA",Henrico County,1681.6666666666667
30526,3699,Bonita,city,CA,CA,"San Diego-Chula Vista-Carlsbad, CA",San Diego County,2862.3888888888887
29611,3701,Saint Simons Island,city,GA,GA,"Brunswick, GA",Glynn County,2740.555555555555
30030,3702,Lexington,city,VA,VA,,Rockbridge County,1078.3333333333333
50442,3703,El Reno,city,OK,OK,"Oklahoma City, OK",Canadian County,1215
54370,3703,Seymour,city,CT,CT,"New Haven-Milford, CT",New Haven County,1747.5
48385,3706,Weehawken,city,NJ,NJ,"New York-Newark-Jersey City, NY-NJ-PA",Hudson County,3494.252380952381
17504,3707,Cody,city,WY,WY,,Park County,1125.8333333333333
46297,3710,Lone Tree,city,CO,CO,"Denver-Aurora-Lakewood, CO",Douglas County,1936.5279166666667
44995,3711,Duncan,city,SC,SC,"Spartanburg, SC",Spartanburg County,1941.25
48972,3713,Berthoud,city,CO,CO,"Fort Collins, CO",Larimer County,2740.666666666667
51143,3715,Bristol,city,RI,RI,"Providence-Warwick, RI-MA",Bristol County,2320.8333333333335
18373,3717,Great Falls,city,VA,VA,"Washington-Arlington-Alexandria, DC-VA-MD-WV",Fairfax County,4975
12520,3719,Malibu,city,CA,CA,"Los Angeles-Long Beach-Anaheim, CA",Los Angeles County,16673.23660714286
26348,3721,Owens Cross Roads,city,AL,AL,"Huntsville, AL",Madison County,1694.5285714285712
838973,3725,Victor,city,NY,NY,"Rochester, NY",Ontario County,1954.1666666666665
38178,3726,Delmar,city,NY,NY,"Albany-Schenectady-Troy, NY",Albany County,1783.777777777778
30267,3727,Artesia,city,CA,CA,"Los Angeles-Long Beach-Anaheim, CA",Los Angeles County,3031.6666666666665
38922,3727,Hauppauge,city,NY,NY,"New York-Newark-Jersey City, NY-NJ-PA",Suffolk County,2989.555555555555
38807,3729,Greenwood Village,city,CO,CO,"Denver-Aurora-Lakewood, CO",Arapahoe County,2088.066378066378
3980,3732,Carpinteria,city,CA,CA,"Santa Maria-Santa Barbara, CA",Santa Barbara County,4820
56662,3734,Vine Grove,city,KY,KY,"Elizabethtown-Fort Knox, KY",Meade County,1450
831318,3740,Pittston,city,PA,PA,"Scranton--Wilkes-Barre, PA",Luzerne County,1350
25474,3741,Lake Saint Louis,city,MO,MO,"St. Louis, MO-IL",Saint Charles County,1867.5
7238,3746,Stanley,city,NC,NC,"Charlotte-Concord-Gastonia, NC-SC",Gaston County,1022.5
20241,3748,Rose Hill,city,VA,VA,"Washington-Arlington-Alexandria, DC-VA-MD-WV",Fairfax County,2116.6111111111113
44609,3751,Clairton,city,PA,PA,"Pittsburgh, PA",Allegheny County,1292.9777777777779
39048,3753,Hot Springs Village,city,AR,AR,"Hot Springs, AR",Garland County,1700
23422,3759,Alachua,city,FL,FL,"Gainesville, FL",Alachua County,2195.8333333333335
839918,3760,Camillus,city,NY,NY,"Syracuse, NY",Onondaga County,1648.8888888888887
20616,3767,Stafford,city,TX,TX,"Houston-The Woodlands-Sugar Land, TX",Fort Bend County,1652.9433621933622
28774,3770,Half Moon Bay,city,CA,CA,"San Francisco-Oakland-Berkeley, CA",San Mateo County,4400
16647,3772,Andover,city,KS,KS,"Wichita, KS",Butler County,1683.3333333333333
32942,3775,Moraga,city,CA,CA,"San Francisco-Oakland-Berkeley, CA",Contra Costa County,3207.9166666666665
15190,3777,Highland Park,city,NJ,NJ,"New York-Newark-Jersey City, NY-NJ-PA",Middlesex County,2166.6666666666665
49746,3784,Lock Haven,city,PA,PA,"Lock Haven, PA",Clinton County,911.3888888888888
23089,3786,Lansdowne,city,PA,PA,"Philadelphia-Camden-Wilmington, PA-NJ-DE-MD",Delaware County,1300
24889,3791,Glenwood Springs,city,CO,CO,"Glenwood Springs, CO",Garfield County,2575.1666666666665
52081,3793,Fort Thomas,city,KY,KY,"Cincinnati, OH-KY-IN",Campbell County,1452.111111111111
832505,3794,Rye,city,NY,NY,"New York-Newark-Jersey City, NY-NJ-PA",Westchester County,4921.208333333334
7384,3795,Telford,city,PA,PA,"Philadelphia-Camden-Wilmington, PA-NJ-DE-MD",Montgomery County,1295
831320,3796,Abington,city,PA,PA,"Philadelphia-Camden-Wilmington, PA-NJ-DE-MD",Montgomery County,2069.1666666666665
39223,3797,Kensington,city,MD,MD,"Washington-Arlington-Alexandria, DC-VA-MD-WV",Montgomery County,3154.166666666667
47409,3803,Roanoke,city,TX,TX,"Dallas-Fort Worth-Arlington, TX",Denton County,1607.6745098039216
44519,3807,Center Point,city,AL,AL,"Birmingham-Hoover, AL",Jefferson County,1296.3888888888887
50649,3810,Addison,city,TX,TX,"Dallas-Fort Worth-Arlington, TX",Dallas County,1572.5592552810597
18411,3813,Gulf Shores,city,AL,AL,"Daphne-Fairhope-Foley, AL",Baldwin County,1433
41949,3814,Braselton,city,GA,GA,"Jefferson, GA",Jackson County,2385.777777777778
20367,3835,Satellite Beach,city,FL,FL,"Palm Bay-Melbourne-Titusville, FL",Brevard County,2825
35932,3839,Pawleys Island,city,SC,SC,"Georgetown, SC",Georgetown County,2500
35777,3840,Moore,city,SC,SC,"Spartanburg, SC",Spartanburg County,1763.3333333333333
29540,3841,Trenton,city,OH,OH,"Cincinnati, OH-KY-IN",Butler County,1901.6666666666667
37901,3845,Claymont,city,DE,DE,"Philadelphia-Camden-Wilmington, PA-NJ-DE-MD",New Castle County,1556.6666666666667
44346,3851,Browns Summit,city,NC,NC,"Greensboro-High Point, NC",Guilford County,2037.5
51448,3851,Clementon,city,NJ,NJ,"Philadelphia-Camden-Wilmington, PA-NJ-DE-MD",Camden County,1802.388888888889
29637,3854,Westwood,city,MA,MA,"Boston-Cambridge-Newton, MA-NH",Norfolk County,3316.6111111111113
397619,3856,Bordentown Township,city,NJ,NJ,"Philadelphia-Camden-Wilmington, PA-NJ-DE-MD",Burlington County,2387.9285714285716
40381,3860,Plymouth Meeting,city,PA,PA,"Philadelphia-Camden-Wilmington, PA-NJ-DE-MD",Montgomery County,2050.777777777778
3620,3863,Bellevue,city,WI,WI,"Green Bay, WI",Brown County,900
41580,3866,Waterville,city,ME,ME,"Augusta-Waterville, ME",Kennebec County,1300.8333333333335
398938,3873,Exeter,city,NH,NH,"Boston-Cambridge-Newton, MA-NH",Rockingham County,2100
30426,3876,Benson,city,NC,NC,"Raleigh-Cary, NC",Johnston County,1398.75
45576,3884,Grimes,city,IA,IA,"Des Moines-West Des Moines, IA",Polk County,1695.8222222222223
18668,3885,Hurricane,city,UT,UT,"St. George, UT",Washington County,2033.3333333333333
33511,3888,Portsmouth,city,RI,RI,"Providence-Warwick, RI-MA",Newport County,3108.3333333333335
9324,3889,Wynnewood,city,PA,PA,"Philadelphia-Camden-Wilmington, PA-NJ-DE-MD",Montgomery County,2882.3611111111113
24101,3890,Clayton,city,MO,MO,"St. Louis, MO-IL",Saint Louis County,1736.4761904761906
25101,3893,Hershey,city,PA,PA,"Harrisburg-Carlisle, PA",Dauphin County,1876.6666666666665
47544,3897,San Anselmo,city,CA,CA,"San Francisco-Oakland-Berkeley, CA",Marin County,3865.777777777778
22865,3907,Souderton,city,PA,PA,"Philadelphia-Camden-Wilmington, PA-NJ-DE-MD",Montgomery County,1650
397680,3908,Gaines,city,MI,MI,"Grand Rapids-Kentwood, MI",Kent County,2165
41932,3911,Ashland City,city,TN,TN,"Nashville-Davidson--Murfreesboro--Franklin, TN",Cheatham County,1737.611111111111
47316,3918,Red Oak,city,TX,TX,"Dallas-Fort Worth-Arlington, TX",Ellis County,2232.3142857142857
19663,3920,North East,city,MD,MD,"Philadelphia-Camden-Wilmington, PA-NJ-DE-MD",Cecil County,1782.8333333333333
18955,3934,Larchmont,city,NY,NY,"New York-Newark-Jersey City, NY-NJ-PA",Westchester County,4575
17622,3936,Crest Hill,city,IL,IL,"Chicago-Naperville-Elgin, IL-IN-WI",Will County,1415.5555555555557
46137,3939,Lakeway,city,TX,TX,"Austin-Round Rock-Georgetown, TX",Travis County,2306.588888888889
21839,3942,Fruita,city,CO,CO,"Grand Junction, CO",Mesa County,1879.1666666666667
28620,3942,Hugo,city,MN,MN,"Minneapolis-St. Paul-Bloomington, MN-WI",Washington County,2025
26192,3951,North Myrtle Beach,city,SC,SC,"Myrtle Beach-Conway-North Myrtle Beach, SC-NC",Horry County,1705.2083333333333
47737,3955,Snyder,city,TX,TX,"Snyder, TX",Scurry County,912.5
398578,3957,Durham,city,NH,NH,"Boston-Cambridge-Newton, MA-NH",Strafford County,2200
23637,3959,Beaver,city,PA,PA,"Pittsburgh, PA",Beaver County,1075.9166666666665
10575,3965,Broussard,city,LA,LA,"Lafayette, LA",Lafayette Parish,1444.4444444444443
55220,3968,Willowbrook,city,IL,IL,"Chicago-Naperville-Elgin, IL-IN-WI",DuPage County,2033.1993265993267
20280,3978,Ruther Glen,city,VA,VA,,Caroline County,2304.166666666667
12557,3983,Marcus Hook,city,PA,PA,"Philadelphia-Camden-Wilmington, PA-NJ-DE-MD",Delaware County,1695.75
10057,3984,Alamosa,city,CO,CO,,Alamosa County,1100
25556,3987,Leonardtown,city,MD,MD,"California-Lexington Park, MD",Saint Marys County,2400
3455,3995,Asbury Park,city,NJ,NJ,"New York-Newark-Jersey City, NY-NJ-PA",Monmouth County,2729.6428571428573
21021,3998,Vail,city,AZ,AZ,"Tucson, AZ",Pima County,2094.7301587301586
55732,4000,Gambrills,city,MD,MD,"Baltimore-Columbia-Towson, MD",Anne Arundel County,2651.8444444444444
26173,4004,North Bend,city,WA,WA,"Seattle-Tacoma-Bellevue, WA",King County,3026.75
168163,4007,Northview,city,MI,MI,"Grand Rapids-Kentwood, MI",Kent County,1586.5
26165,4009,Norridge,city,IL,IL,"Chicago-Naperville-Elgin, IL-IN-WI",Cook County,2800
19486,4010,Mount Clemens,city,MI,MI,"Detroit-Warren-Dearborn, MI",Macomb County,1158.5
37392,4011,Berkley,city,MI,MI,"Detroit-Warren-Dearborn, MI",Oakland County,1888.1944444444443
29499,4014,Toney,city,AL,AL,"Huntsville, AL",Madison County,1500
31988,4016,Hazel Park,city,MI,MI,"Detroit-Warren-Dearborn, MI",Oakland County,1428.6190476190477
27104,4019,Signal Mountain,city,TN,TN,"Chattanooga, TN-GA",Sequatchie County,2356.25
14554,4022,West Haven,city,UT,UT,"Ogden-Clearfield, UT",Weber County,1553.9785714285715
34058,4026,South Ogden,city,UT,UT,"Ogden-Clearfield, UT",Weber County,1679.4444444444443
5438,4028,Kingston,city,TN,TN,"Knoxville, TN",Roane County,1412.5
50507,4031,Hubert,city,NC,NC,"Jacksonville, NC",Onslow County,1412.0238095238094
56756,4032,Tomah,city,WI,WI,,Monroe County,1082.9166666666665
398847,4033,Clinton,city,MA,MA,"Worcester, MA-CT",Worcester County,2393.75
12119,4041,Jennings,city,MO,MO,"St. Louis, MO-IL",Saint Louis County,1189.3333333333333
38899,4044,Harper Woods,city,MI,MI,"Detroit-Warren-Dearborn, MI",Wayne County,1336.6666666666667
3887,4047,Bulverde,city,TX,TX,"San Antonio-New Braunfels, TX",Comal County,2093.166666666667
398120,4048,Hooksett,city,NH,NH,"Concord, NH",Merrimack County,2109.472222222222
41690,4049,White House,city,TN,TN,"Nashville-Davidson--Murfreesboro--Franklin, TN",Robertson County,2019.8333333333333
51095,4055,Boulder City,city,NV,NV,"Las Vegas-Henderson-Paradise, NV",Clark County,1791.6666666666667
18427,4056,Haddonfield,city,NJ,NJ,"Philadelphia-Camden-Wilmington, PA-NJ-DE-MD",Camden County,1744.1666666666667
29446,4058,Woodland,city,WA,WA,"Longview, WA",Cowlitz County,2290
50142,4060,Spanish Fort,city,AL,AL,"Daphne-Fairhope-Foley, AL",Baldwin County,1586.9444444444443
24687,4061,Fate,city,TX,TX,"Dallas-Fort Worth-Arlington, TX",Rockwall County,2341.809523809524
34189,4065,Superior,city,MI,MI,"Ann Arbor, MI",Washtenaw County,2134.5
12976,4072,Newport,city,KY,KY,"Cincinnati, OH-KY-IN",Campbell County,1469.6285714285714
12238,4079,La Grange,city,IL,IL,"Chicago-Naperville-Elgin, IL-IN-WI",Cook County,2426.3333333333335
37964,4081,College Park,city,GA,GA,"Atlanta-Sandy Springs-Alpharetta, GA",Fulton County,1653.0555555555557
12167,4088,Kearney,city,MO,MO,"Kansas City, MO-KS",Clay County,2003.3333333333333
53126,4091,Manassas Park,city,VA,VA,"Washington-Arlington-Alexandria, DC-VA-MD-WV",Manassas Park City,2107.5523809523806
55184,4093,Whitefish,city,MT,MT,"Kalispell, MT",Flathead County,3012.5
37845,4096,Chelsea,city,AL,AL,"Birmingham-Hoover, AL",Shelby County,2066.1666666666665
125563,4098,Opa-locka,city,FL,FL,"Miami-Fort Lauderdale-Pompano Beach, FL",Miami-Dade County,2443.266666666667
25026,4102,Hanover,city,MA,MA,"Boston-Cambridge-Newton, MA-NH",Plymouth County,2692.8222222222225
40610,4103,Rockport,city,TX,TX,"Rockport, TX",Aransas County,1866.6666666666667
31083,4107,Coweta,city,OK,OK,"Tulsa, OK",Wagoner County,1624.5
34825,4114,Whitehouse,city,TX,TX,"Tyler, TX",Smith County,1837.2222222222224
30385,4125,Bedford,city,MA,MA,"Boston-Cambridge-Newton, MA-NH",Middlesex County,3020.416666666667
251873,4129,Sedro-Woolley,city,WA,WA,"Mount Vernon-Anacortes, WA",Skagit County,1833.3333333333335
11475,4131,Forest Park,city,IL,IL,"Chicago-Naperville-Elgin, IL-IN-WI",Cook County,1530.2777777777776
18843,4134,Kirksville,city,MO,MO,"Kirksville, MO",Adair County,793.1944444444445
22276,4136,Robbinsdale,city,MN,MN,"Minneapolis-St. Paul-Bloomington, MN-WI",Hennepin County,1743.373015873016
126611,4139,West Park,city,FL,FL,"Miami-Fort Lauderdale-Pompano Beach, FL",Broward County,2483.3333333333335
26739,4145,Rex,city,GA,GA,"Atlanta-Sandy Springs-Alpharetta, GA",Clayton County,1865.2031746031746
7811,4147,Welby,city,CO,CO,"Denver-Aurora-Lakewood, CO",Adams County,2364.1666666666665
3634,4154,Bennington,city,NE,NE,"Omaha-Council Bluffs, NE-IA",Douglas County,1723.3333333333333
38623,4155,Fruitland Park,city,FL,FL,"Orlando-Kissimmee-Sanford, FL",Lake County,2290
5802,4156,Marblehead,city,MA,MA,"Boston-Cambridge-Newton, MA-NH",Essex County,3397.5
30145,4158,Alamo,city,CA,CA,"San Francisco-Oakland-Berkeley, CA",Contra Costa County,6200
6877,4165,Saddle Brook,city,NJ,NJ,"New York-Newark-Jersey City, NY-NJ-PA",Bergen County,3137.5
37287,4166,Barrington,city,RI,RI,"Providence-Warwick, RI-MA",Bristol County,2575
36409,4170,Warrenville,city,IL,IL,"Chicago-Naperville-Elgin, IL-IN-WI",DuPage County,2212.1749999999997
36493,4177,Russellville,city,KY,KY,,Logan County,799
4886,4180,Gibsonville,city,NC,NC,"Greensboro-High Point, NC",Guilford County,1622.5
33300,4181,Pacific Grove,city,CA,CA,"Salinas, CA",Monterey County,2855.489417989418
25258,4185,Inwood,city,WV,WV,"Hagerstown-Martinsburg, MD-WV",Berkeley County,1725
32462,4188,Lebanon,city,NH,NH,"Lebanon, NH-VT",Grafton County,2133.9166666666665
3312,4191,Adairsville,city,GA,GA,"Atlanta-Sandy Springs-Alpharetta, GA",Bartow County,1900
5415,4195,Key Biscayne,city,FL,FL,"Miami-Fort Lauderdale-Pompano Beach, FL",Miami-Dade County,7298.3796296296305
26894,4196,Safety Harbor,city,FL,FL,"Tampa-St. Petersburg-Clearwater, FL",Pinellas County,2545.4166666666665
11209,4198,East Cleveland,city,OH,OH,"Cleveland-Elyria, OH",Cuyahoga County,836.2083333333334
43078,4200,Verona,city,NJ,NJ,"New York-Newark-Jersey City, NY-NJ-PA",Essex County,3212.5
6263,4207,Nyack,city,NY,NY,"New York-Newark-Jersey City, NY-NJ-PA",Rockland County,2708.3333333333335
13829,4207,Short Hills,city,NJ,NJ,"New York-Newark-Jersey City, NY-NJ-PA",Essex County,6175
18451,4209,Hampton Bays,city,NY,NY,"New York-Newark-Jersey City, NY-NJ-PA",Suffolk County,17518.333333333332
50762,4221,Arlington,city,TN,TN,"Memphis, TN-MS-AR",Shelby County,2342.0833333333335
33430,4228,Pinehurst,city,NC,NC,"Pinehurst-Southern Pines, NC",Moore County,2233.8333333333335
54064,4231,Rantoul,city,IL,IL,"Champaign-Urbana, IL",Champaign County,756.3888888888888
7920,4239,Whitefish Bay,city,WI,WI,"Milwaukee-Waukesha, WI",Milwaukee County,2300
52003,4242,Federal Heights,city,CO,CO,"Denver-Aurora-Lakewood, CO",Adams County,1629.8333333333333
37495,4252,Bonham,city,TX,TX,"Bonham, TX",Fannin County,1394.6666666666667
41289,4257,Troy,city,AL,AL,"Troy, AL",Pike County,1156.25
53162,4262,Marina del Rey,city,CA,CA,"Los Angeles-Long Beach-Anaheim, CA",Los Angeles County,4117.215471629264
21181,4268,Wayland,city,MA,MA,"Boston-Cambridge-Newton, MA-NH",Middlesex County,3888.75
8823,4269,Lyndhurst,city,OH,OH,"Cleveland-Elyria, OH",Cuyahoga County,1744
158219,4272,East Riverdale,city,MD,MD,"Washington-Arlington-Alexandria, DC-VA-MD-WV",Prince Georges County,1622.5
8350,4273,Collingswood,city,NJ,NJ,"Philadelphia-Camden-Wilmington, PA-NJ-DE-MD",Camden County,1637.3333333333333
35130,4284,Auburn,city,GA,GA,"Atlanta-Sandy Springs-Alpharetta, GA",Barrow County,2406.25
836936,4285,Darby,city,PA,PA,"Philadelphia-Camden-Wilmington, PA-NJ-DE-MD",Delaware County,1356.25
51193,4291,Burlington,city,WA,WA,"Mount Vernon-Anacortes, WA",Skagit County,1959.3650793650795
27508,4293,University Heights,city,OH,OH,"Cleveland-Elyria, OH",Cuyahoga County,2129.1666666666665
162295,4304,Rossville,city,MD,MD,"Baltimore-Columbia-Towson, MD",Baltimore County,1798.8657407407409
9859,4307,Edgewater,city,NJ,NJ,"New York-Newark-Jersey City, NY-NJ-PA",Bergen County,3199.0833333333335
832506,4309,Harrison,city,NY,NY,"New York-Newark-Jersey City, NY-NJ-PA",Westchester County,5132.5
55461,4311,Cromwell,city,CT,CT,"Hartford-East Hartford-Middletown, CT",Middlesex County,2510.222222222222
32864,4313,Millbury,city,MA,MA,"Worcester, MA-CT",Worcester County,3100
23584,4314,Ball Ground,city,GA,GA,"Atlanta-Sandy Springs-Alpharetta, GA",Cherokee County,2099
3663,4315,Bexley,city,OH,OH,"Columbus, OH",Franklin County,1800
3436,4320,Ardmore,city,PA,PA,"Philadelphia-Camden-Wilmington, PA-NJ-DE-MD",Delaware County,2627.222222222222
37327,4321,Beachwood,city,OH,OH,"Cleveland-Elyria, OH",Cuyahoga County,2050.248148148148
27731,4328,Waconia,city,MN,MN,"Minneapolis-St. Paul-Bloomington, MN-WI",Carver County,1735.888888888889
48336,4332,Warrensville Heights,city,OH,OH,"Cleveland-Elyria, OH",Cuyahoga County,1500
56395,4333,Norwalk,city,IA,IA,"Des Moines-West Des Moines, IA",Warren County,1190
9304,4336,Swampscott,city,MA,MA,"Boston-Cambridge-Newton, MA-NH",Essex County,2844.555555555555
52113,4339,Frederick,city,CO,CO,"Greeley, CO",Weld County,2807.5
57006,4344,Lampasas,city,TX,TX,"Killeen-Temple, TX",Lampasas County,1750
12950,4345,New Market,city,MD,MD,"Washington-Arlington-Alexandria, DC-VA-MD-WV",Frederick County,2401.8333333333335
44647,4347,Clifton,city,CO,CO,"Grand Junction, CO",Mesa County,1280
23962,4350,Carrboro,city,NC,NC,"Durham-Chapel Hill, NC",Orange County,1740.0531135531137
13286,4352,Pike Road,city,AL,AL,"Montgomery, AL",Montgomery County,2002.3333333333333
38286,4353,East Greenwich,city,RI,RI,"Providence-Warwick, RI-MA",Kent County,3125
34346,4360,Tuckahoe,city,VA,VA,"Richmond, VA",Henrico County,1765.4398148148148
37308,4366,Bay Saint Louis,city,MS,MS,"Gulfport-Biloxi, MS",Hancock County,1600
46727,4374,New Providence,city,NJ,NJ,"New York-Newark-Jersey City, NY-NJ-PA",Union County,5300
40409,4376,Portales,city,NM,NM,"Portales, NM",Roosevelt County,874.8611111111112
46130,4377,Lakeland,city,TN,TN,"Memphis, TN-MS-AR",Shelby County,2079.5
29482,4377,Thompsons Station,city,TN,TN,"Nashville-Davidson--Murfreesboro--Franklin, TN",Williamson County,2166.9814814814813
11949,4387,Holly Hill,city,FL,FL,"Deltona-Daytona Beach-Ormond Beach, FL",Volusia County,2079.1666666666665
26971,4396,Saraland,city,AL,AL,"Mobile, AL",Mobile County,1323.6666666666667
22177,4397,Moody,city,AL,AL,"Birmingham-Hoover, AL",Saint Clair County,1801.6666666666667
44208,4402,Blue Ash,city,OH,OH,"Cincinnati, OH-KY-IN",Hamilton County,1993.875
6041,4402,Morehead City,city,NC,NC,"Morehead City, NC",Carteret County,2000
31697,4409,Gardendale,city,AL,AL,"Birmingham-Hoover, AL",Jefferson County,1850
44572,4411,Chicago Ridge,city,IL,IL,"Chicago-Naperville-Elgin, IL-IN-WI",Cook County,1528.3333333333333
17358,4412,Centerton,city,AR,AR,"Fayetteville-Springdale-Rogers, AR",Benton County,1595.2222222222224
17907,4414,Eatontown,city,NJ,NJ,"New York-Newark-Jersey City, NY-NJ-PA",Monmouth County,2303.6666666666665
26169,4415,North Aurora,city,IL,IL,"Chicago-Naperville-Elgin, IL-IN-WI",Kane County,2688.5
32352,4416,La Grange Park,city,IL,IL,"Chicago-Naperville-Elgin, IL-IN-WI",Cook County,1551
4914,4417,Glenn Heights,city,TX,TX,"Dallas-Fort Worth-Arlington, TX",Dallas County,2294.1666666666665
37133,4419,Ammon,city,ID,ID,"Idaho Falls, ID",Bonneville County,1742.9166666666665
245091,4425,Lincolnia,city,VA,VA,"Washington-Arlington-Alexandria, DC-VA-MD-WV",Fairfax County,2667.3333333333335
13717,4428,Santa Rosa Beach,city,FL,FL,"Crestview-Fort Walton Beach-Destin, FL",Walton County,2019.202380952381
16033,4439,Seabrook,city,TX,TX,"Houston-The Woodlands-Sugar Land, TX",Chambers County,2262.5
42485,4440,Forest Hill,city,TX,TX,"Dallas-Fort Worth-Arlington, TX",Tarrant County,1801.5
10424,4445,Black Mountain,city,NC,NC,"Asheville, NC",Buncombe County,1955.5555555555557
5610,4447,Leon Valley,city,TX,TX,"San Antonio-New Braunfels, TX",Bexar County,1161.4222222222222
53655,4449,Oak Park,city,CA,CA,"Oxnard-Thousand Oaks-Ventura, CA",Ventura County,3206.9398148148152
32539,4450,Live Oak,city,TX,TX,"San Antonio-New Braunfels, TX",Bexar County,1300.622222222222
23162,4452,Brownsville,city,TN,TN,"Brownsville, TN",Haywood County,923.75
7113,4458,Snoqualmie,city,WA,WA,"Seattle-Tacoma-Bellevue, WA",King County,2834.8888888888887
54659,4464,Taos,city,NM,NM,"Taos, NM",Taos County,1900
11572,4468,Garden City,city,ID,ID,"Boise City, ID",Ada County,1675.972222222222
35727,4470,Justice,city,IL,IL,"Chicago-Naperville-Elgin, IL-IN-WI",Cook County,1468.1944444444443
3696,4476,Blanchard,city,OK,OK,"Oklahoma City, OK",Grady County,1722.5
4908,4477,Glendale,city,WI,WI,"Milwaukee-Waukesha, WI",Milwaukee County,1650.8333333333333
47909,4479,Sunbury,city,OH,OH,"Columbus, OH",Delaware County,1631.25
9827,4482,California,city,MD,MD,"California-Lexington Park, MD",Saint Marys County,2566.666666666667
12211,4486,Kingston,city,PA,PA,"Scranton--Wilkes-Barre, PA",Luzerne County,1405.888888888889
45461,4488,Glenpool,city,OK,OK,"Tulsa, OK",Tulsa County,1408.3333333333335
57024,4488,Rogers,city,MN,MN,"Minneapolis-St. Paul-Bloomington, MN-WI",Hennepin County,2194.8076923076924
8000,4491,Woodland Park,city,CO,CO,"Colorado Springs, CO",Teller County,1973.277777777778
6165,4493,New London,city,WI,WI,"Appleton, WI",Waupaca County,949
28407,4498,Berkeley Heights,city,NJ,NJ,"New York-Newark-Jersey City, NY-NJ-PA",Union County,2968.5
29973,4501,Paradise Valley,city,AZ,AZ,"Phoenix-Mesa-Chandler, AZ",Maricopa County,1980.7599206349205
26540,4502,Platte City,city,MO,MO,"Kansas City, MO-KS",Platte County,1330
54411,4505,Shorewood,city,WI,WI,"Milwaukee-Waukesha, WI",Milwaukee County,1268.3888888888887
12265,4508,Lake Forest Park,city,WA,WA,"Seattle-Tacoma-Bellevue, WA",King County,2378.25
46674,4514,Narragansett,city,RI,RI,"Providence-Warwick, RI-MA",Washington County,3475
52592,4519,Hueytown,city,AL,AL,"Birmingham-Hoover, AL",Jefferson County,1291.5555555555557
22458,4520,Liberty Lake,city,WA,WA,"Spokane-Spokane Valley, WA",Spokane County,1701.3555555555556
12137,4521,Johnstown,city,OH,OH,"Columbus, OH",Licking County,2127.3333333333335
50933,4523,Bedford,city,OH,OH,"Cleveland-Elyria, OH",Cuyahoga County,1257.0833333333333
49233,4529,Fairview,city,TN,TN,"Nashville-Davidson--Murfreesboro--Franklin, TN",Williamson County,2172.25
47415,4530,Rochester,city,MI,MI,"Detroit-Warren-Dearborn, MI",Oakland County,1800
34702,4537,Webster,city,TX,TX,"Houston-The Woodlands-Sugar Land, TX",Harris County,1449.5343915343917
27341,4539,Swansea,city,IL,IL,"St. Louis, MO-IL",Saint Clair County,1431.25
12070,4540,Isanti,city,MN,MN,"Minneapolis-St. Paul-Bloomington, MN-WI",Isanti County,1470
7729,4554,Waddell,city,AZ,AZ,"Phoenix-Mesa-Chandler, AZ",Maricopa County,2349.9166666666665
5665,4560,Livingston,city,MT,MT,,Park County,1696.6666666666667
47753,4567,South Boston,city,VA,VA,,Halifax County,1468.3333333333333
25688,4595,Lynnfield,city,MA,MA,"Boston-Cambridge-Newton, MA-NH",Essex County,2942.5
397261,4599,Big Rapids,city,MI,MI,"Big Rapids, MI",Mecosta County,1071.25
15079,4604,Alcoa,city,TN,TN,"Knoxville, TN",Blount County,1757.111111111111
8914,4607,Manorville,city,NY,NY,"New York-Newark-Jersey City, NY-NJ-PA",Suffolk County,2304.25
56270,4610,Pelham,city,NY,NY,"New York-Newark-Jersey City, NY-NJ-PA",Westchester County,2500
47583,4616,Sausalito,city,CA,CA,"San Francisco-Oakland-Berkeley, CA",Marin County,3772.3095238095243
11745,4617,Grover Beach,city,CA,CA,"San Luis Obispo-Paso Robles, CA",San Luis Obispo County,2475
36743,4623,Lumberton Township,city,NJ,NJ,"Philadelphia-Camden-Wilmington, PA-NJ-DE-MD",Burlington County,1913.3333333333333
25758,4627,Markham,city,IL,IL,"Chicago-Naperville-Elgin, IL-IN-WI",Cook County,2516.666666666667
7832,4649,West Carrollton,city,OH,OH,"Dayton-Kettering, OH",Montgomery County,1087.5
3301,4654,Aberdeen,city,NC,NC,"Pinehurst-Southern Pines, NC",Moore County,1916.6666666666667
36497,4655,Somerville,city,NJ,NJ,"New York-Newark-Jersey City, NY-NJ-PA",Somerset County,2279
50650,4656,Adelphi,city,MD,MD,"Washington-Arlington-Alexandria, DC-VA-MD-WV",Prince Georges County,1741
7182,4660,Southern Pines,city,NC,NC,"Pinehurst-Southern Pines, NC",Moore County,1917.7350649350649
23220,4665,Ellenton,city,FL,FL,"North Port-Sarasota-Bradenton, FL",Manatee County,3342.5
398052,4674,Kingston,city,MA,MA,"Boston-Cambridge-Newton, MA-NH",Plymouth County,2651.3333333333335
42304,4680,Leeds,city,AL,AL,"Birmingham-Hoover, AL",Jefferson County,1445
397684,4681,Haddon Township,city,NJ,NJ,"Philadelphia-Camden-Wilmington, PA-NJ-DE-MD",Camden County,2800
14971,4693,Derby,city,CT,CT,"New Haven-Milford, CT",New Haven County,1666.6666666666667
49334,4698,Forest Acres,city,SC,SC,"Columbia, SC",Richland County,1194.0555555555557
46304,4702,Longs,city,SC,SC,"Myrtle Beach-Conway-North Myrtle Beach, SC-NC",Horry County,1789.7222222222224
395524,4703,North Smithfield,city,RI,RI,"Providence-Warwick, RI-MA",Providence County,2345.8333333333335
7678,4704,Vermillion,city,SD,SD,"Vermillion, SD",Clay County,700
32018,4710,Hewitt,city,TX,TX,"Waco, TX",McLennan County,1762.5
54616,4712,Sumner,city,WA,WA,"Seattle-Tacoma-Bellevue, WA",Pierce County,1945.3055555555557
45444,4716,Gladstone,city,OR,OR,"Portland-Vancouver-Hillsboro, OR-WA",Clackamas County,1876.9444444444443
5900,4719,Melvindale,city,MI,MI,"Detroit-Warren-Dearborn, MI",Wayne County,945.2777777777778
9080,4720,North Saint Paul,city,MN,MN,"Minneapolis-St. Paul-Bloomington, MN-WI",Ramsey County,1251.2666666666667
4582,4727,Emeryville,city,CA,CA,"San Francisco-Oakland-Berkeley, CA",Alameda County,2807.156862745098
41013,4728,Splendora,city,TX,TX,"Houston-The Woodlands-Sugar Land, TX",Montgomery County,1777.5
838976,4735,Farmington,city,NY,NY,"Rochester, NY",Ontario County,1940
6145,4740,New Carrollton,city,MD,MD,"Washington-Arlington-Alexandria, DC-VA-MD-WV",Prince Georges County,1731.7777777777776
55232,4743,Windsor Locks,city,CT,CT,"Hartford-East Hartford-Middletown, CT",Hartford County,1850
34744,4747,West Henrietta,city,NY,NY,"Rochester, NY",Monroe County,1539.1666666666667
831323,4752,Haverstraw,city,NY,NY,"New York-Newark-Jersey City, NY-NJ-PA",Rockland County,3201.944444444444
39739,4754,Melissa,city,TX,TX,"Dallas-Fort Worth-Arlington, TX",Collin County,2007.8800505050503
29907,4760,Newberry,city,FL,FL,"Gainesville, FL",Alachua County,1985.7222222222224
5368,4766,Justin,city,TX,TX,"Dallas-Fort Worth-Arlington, TX",Denton County,2021.2925925925927
16005,4773,Superior,city,CO,CO,"Boulder, CO",Boulder County,2298.891402714932
45510,4775,Grand Terrace,city,CA,CA,"Riverside-San Bernardino-Ontario, CA",San Bernardino County,2201.8777777777777
26089,4786,New Brighton,city,PA,PA,"Pittsburgh, PA",Beaver County,887.5
27373,4798,Tarrytown,city,NY,NY,"New York-Newark-Jersey City, NY-NJ-PA",Westchester County,2753.1111111111113
19736,4801,Ocklawaha,city,FL,FL,"Ocala, FL",Marion County,1500
41698,4815,Whiting,city,IN,IN,"Chicago-Naperville-Elgin, IL-IN-WI",Lake County,1125
6462,4819,Pennington,city,NJ,NJ,"Trenton-Princeton, NJ",Mercer County,2900
21876,4821,Elgin,city,TX,TX,"Austin-Round Rock-Georgetown, TX",Travis County,1659.1666666666667
27810,4822,Waynesville,city,MO,MO,"Fort Leonard Wood, MO",Pulaski County,950.2222222222222
43111,4823,Vineyard,city,UT,UT,"Provo-Orem, UT",Utah County,1977.3333333333333
3612,4824,Bellefontaine Neighbors,city,MO,MO,"St. Louis, MO-IL",Saint Louis County,1246.6666666666667
49236,4826,Greenbrier,city,TN,TN,"Nashville-Davidson--Murfreesboro--Franklin, TN",Robertson County,1800
6376,4832,Pagosa Springs,city,CO,CO,,Archuleta County,2025
39809,4834,Minneola,city,FL,FL,"Orlando-Kissimmee-Sanford, FL",Lake County,2398.444444444445
30888,4835,Chubbuck,city,ID,ID,"Pocatello, ID",Bannock County,1080.75
45661,4847,Harrah,city,OK,OK,"Oklahoma City, OK",Lincoln County,1487.5
24731,4848,Florida City,city,FL,FL,"Miami-Fort Lauderdale-Pompano Beach, FL",Miami-Dade County,2716.5
37363,4858,Bellmawr,city,NJ,NJ,"Philadelphia-Camden-Wilmington, PA-NJ-DE-MD",Camden County,1700
20629,4859,Star,city,ID,ID,"Boise City, ID",Ada County,2231.9444444444443
24990,4862,Gulfport,city,FL,FL,"Tampa-St. Petersburg-Clearwater, FL",Pinellas County,2091.8333333333335
8963,4867,Mauldin,city,SC,SC,"Greenville-Anderson, SC",Greenville County,1362.111111111111
33311,4868,Palos Verdes Estates,city,CA,CA,"Los Angeles-Long Beach-Anaheim, CA",Los Angeles County,8844.444444444445
32035,4872,Highlands,city,TX,TX,"Houston-The Woodlands-Sugar Land, TX",Harris County,1895
398032,4876,Clinton,city,CT,CT,"Hartford-East Hartford-Middletown, CT",Middlesex County,2300
18420,4892,Guttenberg,city,NJ,NJ,"New York-Newark-Jersey City, NY-NJ-PA",Hudson County,2622.055555555555
32403,4896,Lakeside,city,VA,VA,"Richmond, VA",Henrico County,2011.4444444444443
51852,4897,Edgewood,city,WA,WA,"Seattle-Tacoma-Bellevue, WA",Pierce County,2034.4166666666667
31558,4904,Firestone,city,CO,CO,"Greeley, CO",Weld County,2426.25
27238,4910,Stallings,city,NC,NC,"Charlotte-Concord-Gastonia, NC-SC",Union County,2680
32883,4913,Minden,city,NV,NV,"Gardnerville Ranchos, NV",Douglas County,2600
22889,4918,Saint Ann,city,MO,MO,"St. Louis, MO-IL",Saint Louis County,1213.7666666666667
44298,4920,Breinigsville,city,PA,PA,"Allentown-Bethlehem-Easton, PA-NJ",Lehigh County,2141.722222222222
18759,4926,Johnstown,city,CO,CO,"Greeley, CO",Weld County,2110.6666666666665
51911,4931,Englewood,city,OH,OH,"Dayton-Kettering, OH",Montgomery County,1145
6495,4935,Piedmont,city,CA,CA,"San Francisco-Oakland-Berkeley, CA",Alameda County,5400
5806,4937,Marco Island,city,FL,FL,"Naples-Marco Island, FL",Collier County,4416.666666666666
44406,4947,California City,city,CA,CA,"Bakersfield, CA",Kern County,1697.7301587301588
36482,4952,Troutman,city,NC,NC,"Charlotte-Concord-Gastonia, NC-SC",Iredell County,2148.777777777778
8625,4957,Independence,city,OR,OR,"Salem, OR",Polk County,1868.7777777777776
36140,4958,Pomona,city,NY,NY,"New York-Newark-Jersey City, NY-NJ-PA",Rockland County,3140
13881,4960,Smithville,city,MO,MO,"Kansas City, MO-KS",Clay County,2235
39934,4965,Nappanee,city,IN,IN,"Elkhart-Goshen, IN",Elkhart County,895
36583,4968,Red Bank,city,TN,TN,"Chattanooga, TN-GA",Hamilton County,1395.4722222222224
14713,4974,Woods Cross,city,UT,UT,"Ogden-Clearfield, UT",Davis County,2680
27103,4982,Signal Hill,city,CA,CA,"Los Angeles-Long Beach-Anaheim, CA",Los Angeles County,3054.6111111111113
44334,4987,Brooklyn Park,city,MD,MD,"Baltimore-Columbia-Towson, MD",Anne Arundel County,1712.7777777777776
31135,4990,Cullowhee,city,NC,NC,"Cullowhee, NC",Jackson County,1150.8333333333333
52347,4992,Grosse Pointe Park,city,MI,MI,"Detroit-Warren-Dearborn, MI",Wayne County,1516.25
39139,4993,Jamestown,city,ND,ND,"Jamestown, ND",Stutsman County,878
395848,4994,Orono,city,ME,ME,"Bangor, ME",Penobscot County,1935
26755,5000,Richton Park,city,IL,IL,"Chicago-Naperville-Elgin, IL-IN-WI",Cook County,1661.25
37772,5002,Carthage,city,NY,NY,"Watertown-Fort Drum, NY",Jefferson County,1112.5
10845,5010,Clawson,city,MI,MI,"Detroit-Warren-Dearborn, MI",Oakland County,1798.75
35241,5017,Cloquet,city,MN,MN,"Duluth, MN-WI",Carlton County,981.8181818181819
38517,5020,Fife,city,WA,WA,"Seattle-Tacoma-Bellevue, WA",Pierce County,1994.1031746031747
112014,5023,Gold Canyon,city,AZ,AZ,"Phoenix-Mesa-Chandler, AZ",Pinal County,1800
53229,5024,McCordsville,city,IN,IN,"Indianapolis-Carmel-Anderson, IN",Hancock County,2091.111111111111
24253,5029,Crandall,city,TX,TX,"Dallas-Fort Worth-Arlington, TX",Kaufman County,1984.5
53081,5032,Lyman,city,SC,SC,"Spartanburg, SC",Spartanburg County,1649
6167,5035,New Market,city,AL,AL,"Huntsville, AL",Madison County,1728.25
46425,5042,Marshville,city,NC,NC,"Charlotte-Concord-Gastonia, NC-SC",Union County,1195
28175,5049,Argyle,city,TX,TX,"Dallas-Fort Worth-Arlington, TX",Denton County,3109.555555555555
124185,5057,Doctor Phillips,city,FL,FL,"Orlando-Kissimmee-Sanford, FL",Orange County,2393.6232193732194
20544,5074,Solana Beach,city,CA,CA,"San Diego-Chula Vista-Carlsbad, CA",San Diego County,4661.055555555556
157774,5080,Coral Hills,city,MD,MD,"Washington-Arlington-Alexandria, DC-VA-MD-WV",Prince Georges County,2000
38206,5083,Dobbs Ferry,city,NY,NY,"New York-Newark-Jersey City, NY-NJ-PA",Westchester County,3592.277777777778
53563,5084,Newcastle,city,WA,WA,"Seattle-Tacoma-Bellevue, WA",King County,2499.777777777778
47695,5087,Sierra Madre,city,CA,CA,"Los Angeles-Long Beach-Anaheim, CA",Los Angeles County,2861.25
3468,5100,Aspen,city,CO,CO,"Glenwood Springs, CO",Pitkin County,26125
116032,5107,La Riviera,city,CA,CA,"Sacramento-Roseville-Folsom, CA",Sacramento County,2322.222222222222
23903,5108,Cahokia,city,IL,IL,"St. Louis, MO-IL",Saint Clair County,1437.5
18069,5112,Falling Waters,city,WV,WV,"Hagerstown-Martinsburg, MD-WV",Berkeley County,1741.6666666666667
34864,5117,Wilton Manors,city,FL,FL,"Miami-Fort Lauderdale-Pompano Beach, FL",Broward County,2151.203703703704
56738,5130,Warren,city,RI,RI,"Providence-Warwick, RI-MA",Bristol County,2353.3333333333335
6783,5137,Riverdale,city,IL,IL,"Chicago-Naperville-Elgin, IL-IN-WI",Cook County,1140
123825,5141,Callaway,city,FL,FL,"Panama City, FL",Bay County,1731.0357142857144
14934,5144,Breckenridge,city,CO,CO,"Breckenridge, CO",Summit County,3980
829611,5144,Southampton,city,NY,NY,"New York-Newark-Jersey City, NY-NJ-PA",Suffolk County,48181.78787878788
52994,5147,Little Canada,city,MN,MN,"Minneapolis-St. Paul-Bloomington, MN-WI",Ramsey County,1400.4166666666667
17295,5156,Capitol Heights,city,MD,MD,"Washington-Arlington-Alexandria, DC-VA-MD-WV",Prince Georges County,1974.3333333333333
44145,5162,Berwyn,city,PA,PA,"Philadelphia-Camden-Wilmington, PA-NJ-DE-MD",Chester County,3010
31011,5163,Conley,city,GA,GA,"Atlanta-Sandy Springs-Alpharetta, GA",Dekalb County,1858.3333333333333
45903,5167,Itasca,city,IL,IL,"Chicago-Naperville-Elgin, IL-IN-WI",DuPage County,2305
833328,5173,South Park,city,PA,PA,"Pittsburgh, PA",Allegheny County,1373.1111111111113
41265,5175,Trabuco Canyon,city,CA,CA,"Los Angeles-Long Beach-Anaheim, CA",Orange County,6500
49488,5184,Munhall,city,PA,PA,"Pittsburgh, PA",Allegheny County,1538.900793650794
36560,5184,Westlake,city,LA,LA,"Lake Charles, LA",Calcasieu Parish,1218.888888888889
832064,5188,Henrietta,city,NY,NY,"Rochester, NY",Monroe County,1435
51467,5195,Cocoa Beach,city,FL,FL,"Palm Bay-Melbourne-Titusville, FL",Brevard County,2555.332491582492
22830,5212,Ruckersville,city,VA,VA,"Charlottesville, VA",Greene County,2150
397560,5217,Cottage Grove,city,WI,WI,"Madison, WI",Dane County,1841.6666666666667
28324,5220,Cloverdale,city,CA,CA,"Santa Rosa-Petaluma, CA",Sonoma County,2525
22131,5227,Dupont,city,WA,WA,"Seattle-Tacoma-Bellevue, WA",Pierce County,2550.7916666666665
41200,5227,Templeton,city,CA,CA,"San Luis Obispo-Paso Robles, CA",San Luis Obispo County,3000
32058,5246,Holly Springs,city,GA,GA,"Atlanta-Sandy Springs-Alpharetta, GA",Cherokee County,2024.375901875902
20114,5250,Reading,city,OH,OH,"Cincinnati, OH-KY-IN",Hamilton County,1144.8809523809523
10961,5253,Corte Madera,city,CA,CA,"San Francisco-Oakland-Berkeley, CA",Marin County,5340.722222222223
40131,5258,Odenville,city,AL,AL,"Birmingham-Hoover, AL",Saint Clair County,1737.7777777777776
39684,5261,Maynard,city,MA,MA,"Boston-Cambridge-Newton, MA-NH",Middlesex County,2416.1111111111113
34655,5268,Warr Acres,city,OK,OK,"Oklahoma City, OK",Oklahoma County,1293.3333333333333
13436,5273,Rancho Santa Fe,city,CA,CA,"San Diego-Chula Vista-Carlsbad, CA",San Diego County,8499.166666666666
54456,5284,Somers Point,city,NJ,NJ,"Atlantic City-Hammonton, NJ",Atlantic County,2113.75
39879,5287,Morro Bay,city,CA,CA,"San Luis Obispo-Paso Robles, CA",San Luis Obispo County,2900
36732,5288,Sayre,city,PA,PA,"Sayre, PA",Bradford County,1250
51365,5289,Chatham,city,IL,IL,"Springfield, IL",Sangamon County,1483.3333333333333
11823,5292,Hartford,city,VT,VT,"Lebanon, NH-VT",Windsor County,2100
39424,5295,Lighthouse Point,city,FL,FL,"Miami-Fort Lauderdale-Pompano Beach, FL",Broward County,2516.6666666666665
119344,5298,Castle Pines,city,CO,CO,"Denver-Aurora-Lakewood, CO",Douglas County,2541.3888888888887
8735,5303,Hardeeville,city,SC,SC,"Hilton Head Island-Bluffton, SC",Jasper County,1632
37371,5304,Bemidji,city,MN,MN,"Bemidji, MN",Beltrami County,1586.111111111111
10111,5305,Ambridge,city,PA,PA,"Pittsburgh, PA",Beaver County,850
7994,5309,Wood River,city,IL,IL,"St. Louis, MO-IL",Madison County,1100
4143,5318,Clute,city,TX,TX,"Houston-The Woodlands-Sugar Land, TX",Brazoria County,822.475
29075,5323,Newcastle,city,OK,OK,"Oklahoma City, OK",McClain County,1673.0555555555557
13791,5325,Shallotte,city,NC,NC,"Myrtle Beach-Conway-North Myrtle Beach, SC-NC",Brunswick County,1869
13076,5333,Oakland,city,TN,TN,"Memphis, TN-MS-AR",Fayette County,2265.972222222222
160110,5340,Lake Arbor,city,MD,MD,"Washington-Arlington-Alexandria, DC-VA-MD-WV",Prince Georges County,2206.862433862434
31233,5346,Discovery Bay,city,CA,CA,"San Francisco-Oakland-Berkeley, CA",Contra Costa County,3235.833333333333
41205,5350,Tequesta,city,FL,FL,"Miami-Fort Lauderdale-Pompano Beach, FL",Palm Beach County,3494.444444444445
56857,5353,Tyrone,city,GA,GA,"Atlanta-Sandy Springs-Alpharetta, GA",Fayette County,1749.1333333333332
22717,5357,Selma,city,TX,TX,"San Antonio-New Braunfels, TX",Bexar County,1425.0873015873015
31512,5360,Fairview,city,TX,TX,"Dallas-Fort Worth-Arlington, TX",Collin County,2010.23088
34285,5367,Tiburon,city,CA,CA,"San Francisco-Oakland-Berkeley, CA",Marin County,6481.666666666666
244490,5377,Huntington,city,VA,VA,"Washington-Arlington-Alexandria, DC-VA-MD-WV",Fairfax County,2051.237745098039
40886,5382,Shiloh,city,OH,OH,"Dayton-Kettering, OH",Montgomery County,1060.0833333333333
27057,5383,Shasta Lake,city,CA,CA,"Redding, CA",Shasta County,1150
15757,5394,Piedmont,city,OK,OK,"Oklahoma City, OK",Canadian County,1589.4444444444443
35027,5395,Cayce,city,SC,SC,"Columbia, SC",Lexington County,1513.3333333333333
27776,5396,Warrenville,city,SC,SC,"Augusta-Richmond County, GA-SC",Aiken County,1524.75
56111,5405,Orange,city,VA,VA,,Orange County,1500
199551,5414,Blacklick Estates,city,OH,OH,"Columbus, OH",Franklin County,1389.7
6452,5417,Peculiar,city,MO,MO,"Kansas City, MO-KS",Cass County,2037
47121,5420,Pineville,city,NC,NC,"Charlotte-Concord-Gastonia, NC-SC",Mecklenburg County,1469.6984126984128
208088,5424,Bala-Cynwyd,city,PA,PA,"Philadelphia-Camden-Wilmington, PA-NJ-DE-MD",Montgomery County,2086.5619047619043
53996,5429,Prairie Grove,city,AR,AR,"Fayetteville-Springdale-Rogers, AR",Washington County,1695
53186,5431,Mascoutah,city,IL,IL,"St. Louis, MO-IL",Saint Clair County,1586.25
36876,5434,Edwards,city,CO,CO,"Edwards, CO",Eagle County,5800
10430,5443,Blaine,city,WA,WA,"Bellingham, WA",Whatcom County,2225
16832,5446,Atlantic Beach,city,FL,FL,"Jacksonville, FL",Duval County,2379.9781746031745
44769,5447,Cotati,city,CA,CA,"Santa Rosa-Petaluma, CA",Sonoma County,2887.5
46100,5449,Lake Alfred,city,FL,FL,"Lakeland-Winter Haven, FL",Polk County,1410
35275,5461,Colbert,city,WA,WA,"Spokane-Spokane Valley, WA",Spokane County,1651.111111111111
12103,5471,Jarrell,city,TX,TX,"Austin-Round Rock-Georgetown, TX",Williamson County,1823.9166666666667
42641,5485,Narberth,city,PA,PA,"Philadelphia-Camden-Wilmington, PA-NJ-DE-MD",Montgomery County,3200
51865,5489,Elbert,city,CO,CO,"Denver-Aurora-Lakewood, CO",Elbert County,2495
40938,5493,Sleepy Hollow,city,NY,NY,"New York-Newark-Jersey City, NY-NJ-PA",Westchester County,4270.083333333333
43689,5501,Port Townsend,city,WA,WA,,Jefferson County,2300
28783,5503,Jefferson,city,LA,LA,"New Orleans-Metairie, LA",Jefferson Parish,1641.6666666666665
37561,5506,Brentwood,city,PA,PA,"Pittsburgh, PA",Allegheny County,1263.0555555555557
48592,5508,Wyomissing,city,PA,PA,"Reading, PA",Berks County,2096
39816,5527,Mission,city,KS,KS,"Kansas City, MO-KS",Johnson County,1744.9444444444443
396778,5530,Kittery,city,ME,ME,"Portland-South Portland, ME",York County,2624.088888888889
772012,5531,Rancho Mission Viejo,city,CA,CA,"Los Angeles-Long Beach-Anaheim, CA",Orange County,3514.3611111111113
41283,5532,Trinidad,city,CO,CO,,Las Animas County,1262.5
14090,5548,Tarentum,city,PA,PA,"Pittsburgh, PA",Allegheny County,975
55211,5555,Willoughby Hills,city,OH,OH,"Cleveland-Elyria, OH",Lake County,1383.8095238095239
52620,5563,Ijamsville,city,MD,MD,"Washington-Arlington-Alexandria, DC-VA-MD-WV",Frederick County,2219.8333333333335
47528,5573,Saint Robert,city,MO,MO,"Fort Leonard Wood, MO",Pulaski County,1033.5277777777776
9206,5589,Whitesboro,city,NY,NY,"Utica-Rome, NY",Oneida County,1275
28446,5611,East Rutherford,city,NJ,NJ,"New York-Newark-Jersey City, NY-NJ-PA",Bergen County,2619.1111111111113
10619,5613,Bunnell,city,FL,FL,"Deltona-Daytona Beach-Ormond Beach, FL",Flagler County,1879.6666666666667
40964,5620,Soquel,city,CA,CA,"Santa Cruz-Watsonville, CA",Santa Cruz County,4047.5
395746,5627,Plainville,city,MA,MA,"Boston-Cambridge-Newton, MA-NH",Norfolk County,2080.357142857143
16948,5628,Bee Cave,city,TX,TX,"Austin-Round Rock-Georgetown, TX",Travis County,2783.3333333333335
10710,5639,Carbondale,city,CO,CO,"Glenwood Springs, CO",Garfield County,5759.75
250687,5646,Frederickson,city,WA,WA,"Seattle-Tacoma-Bellevue, WA",Pierce County,2138.8384615384616
50323,5649,Boone,city,IA,IA,"Ames, IA",Boone County,792.5
50710,5659,Alva,city,FL,FL,"Cape Coral-Fort Myers, FL",Lee County,2541.6666666666665
12250,5663,Ladue,city,MO,MO,"St. Louis, MO-IL",Saint Louis County,2040.5
125692,5672,Pebble Creek,city,FL,FL,"Tampa-St. Petersburg-Clearwater, FL",Hillsborough County,2040.2666666666667
22839,5678,Sneads Ferry,city,NC,NC,"Jacksonville, NC",Onslow County,2152.3809523809523
17797,5679,Doraville,city,GA,GA,"Atlanta-Sandy Springs-Alpharetta, GA",Dekalb County,1837.0333333333335
16384,5680,Swannanoa,city,NC,NC,"Asheville, NC",Buncombe County,2025
21864,5681,Highland Springs,city,VA,VA,"Richmond, VA",Henrico County,1616.6666666666667
36194,5691,Springdale,city,OH,OH,"Cincinnati, OH-KY-IN",Hamilton County,1741.5666666666666
20640,5698,Statham,city,GA,GA,"Atlanta-Sandy Springs-Alpharetta, GA",Barrow County,2150
20304,5705,Saint James,city,MO,MO,"Rolla, MO",Phelps County,791.6666666666667
41448,5720,Vail,city,CO,CO,"Edwards, CO",Eagle County,3306.1111111111113
38917,5731,Hastings on Hudson,city,NY,NY,"New York-Newark-Jersey City, NY-NJ-PA",Westchester County,4083.3333333333335
839852,5743,Rhinebeck,city,NY,NY,"Poughkeepsie-Newburgh-Middletown, NY",Dutchess County,3212.5
55079,5776,Wellington,city,CO,CO,"Fort Collins, CO",Larimer County,2400
31551,5783,Fergus Falls,city,MN,MN,"Fergus Falls, MN",Otter Tail County,900
46429,5802,Mary Esther,city,FL,FL,"Crestview-Fort Walton Beach-Destin, FL",Okaloosa County,2055.6833333333334
36927,5807,Pleasant Grove,city,AL,AL,"Birmingham-Hoover, AL",Jefferson County,1520
832008,5815,Chadds Ford,city,PA,PA,"Philadelphia-Camden-Wilmington, PA-NJ-DE-MD",Chester County,2206.6666666666665
4365,5826,Diberville,city,MS,MS,"Gulfport-Biloxi, MS",Harrison County,1666.3333333333333
28006,5828,Wolfforth,city,TX,TX,"Lubbock, TX",Lubbock County,1657.5
49651,5854,Riverside,city,IL,IL,"Chicago-Naperville-Elgin, IL-IN-WI",Cook County,1497.5
36646,5855,Spicewood,city,TX,TX,"Austin-Round Rock-Georgetown, TX",Travis County,3433.3333333333335
17963,5867,Elmsford,city,NY,NY,"New York-Newark-Jersey City, NY-NJ-PA",Westchester County,2815.25
775610,5867,Cherry Creek,city,CO,CO,"Denver-Aurora-Lakewood, CO",Arapahoe County,2060.0555555555557
56247,5869,Richmond Heights,city,MO,MO,"St. Louis, MO-IL",Saint Louis County,1356.9444444444443
47399,5876,Riverdale,city,MD,MD,"Washington-Arlington-Alexandria, DC-VA-MD-WV",Prince Georges County,2555.444444444444
35723,5878,Joshua Tree,city,CA,CA,"Riverside-San Bernardino-Ontario, CA",San Bernardino County,2179.8888888888887
848464,5885,Saddlebrooke,city,AZ,AZ,"Phoenix-Mesa-Chandler, AZ",Pinal County,2500
230978,5893,Anderson Mill,city,TX,TX,"Austin-Round Rock-Georgetown, TX",Williamson County,1457.731746031746
27109,5894,Silverthorne,city,CO,CO,"Breckenridge, CO",Summit County,3333.333333333333
35514,5905,Hoquiam,city,WA,WA,"Aberdeen, WA",Grays Harbor County,1250
6847,5906,Rotonda West,city,FL,FL,"Punta Gorda, FL",Charlotte County,2313
171005,5907,Saint Anthony,city,MN,MN,"Minneapolis-St. Paul-Bloomington, MN-WI",Hennepin County,1896.0555555555554
12231,5925,La Center,city,WA,WA,"Portland-Vancouver-Hillsboro, OR-WA",Clark County,1818.6666666666667
47525,5927,Saint Pete Beach,city,FL,FL,"Tampa-St. Petersburg-Clearwater, FL",Pinellas County,3125.555555555555
22671,5929,Ventnor City,city,NJ,NJ,"Atlantic City-Hammonton, NJ",Atlantic County,7769.047619047618
26000,5943,Mound,city,MN,MN,"Minneapolis-St. Paul-Bloomington, MN-WI",Hennepin County,1922.5
17721,5946,De Forest,city,WI,WI,"Madison, WI",Dane County,1791.0416666666665
806021,5949,Sugarcreek,city,OH,OH,"Dayton-Kettering, OH",Greene County,1924
32805,5953,Melbourne Beach,city,FL,FL,"Palm Bay-Melbourne-Titusville, FL",Brevard County,3300
15232,5968,La Grande,city,OR,OR,"La Grande, OR",Union County,1239.8333333333333
207441,5974,Rockcreek,city,OR,OR,"Portland-Vancouver-Hillsboro, OR-WA",Washington County,1718.75
24279,5986,Crozet,city,VA,VA,"Charlottesville, VA",Albemarle County,2757.5
5266,5990,Incline Village,city,NV,NV,"Reno, NV",Washoe County,3174.375
53809,5994,Park Ridge,city,NJ,NJ,"New York-Newark-Jersey City, NY-NJ-PA",Bergen County,3020.6666666666665
23088,6004,Buena Vista,city,VA,VA,,Rockbridge County,925
33504,6008,Port Wentworth,city,GA,GA,"Savannah, GA",Chatham County,1929.7301587301588
42627,6013,Painted Post,city,NY,NY,"Corning, NY",Steuben County,1483.611111111111
396599,6014,Highland Park,city,TX,TX,"Dallas-Fort Worth-Arlington, TX",Dallas County,5897.5
5482,6016,Lake Arrowhead,city,CA,CA,"Riverside-San Bernardino-Ontario, CA",San Bernardino County,2645.8333333333335
34154,6020,Stoughton,city,WI,WI,"Madison, WI",Dane County,1295
48713,6027,Bolivia,city,NC,NC,"Myrtle Beach-Conway-North Myrtle Beach, SC-NC",Brunswick County,1993.7083333333335
39436,6027,Lincoln City,city,OR,OR,"Newport, OR",Lincoln County,1899.1666666666667
32429,6032,Lantana,city,TX,TX,"Dallas-Fort Worth-Arlington, TX",Denton County,3000
42158,6042,Kennedale,city,TX,TX,"Dallas-Fort Worth-Arlington, TX",Tarrant County,1675.1714285714286
46481,6050,Medical Lake,city,WA,WA,"Spokane-Spokane Valley, WA",Spokane County,1470
21519,6063,Arizona City,city,AZ,AZ,"Phoenix-Mesa-Chandler, AZ",Pinal County,1479.2
9058,6064,Mentone,city,CA,CA,"Riverside-San Bernardino-Ontario, CA",San Bernardino County,2350
26185,6073,North Haledon,city,NJ,NJ,"New York-Newark-Jersey City, NY-NJ-PA",Passaic County,2709.25
34558,6085,Victoria,city,MN,MN,"Minneapolis-St. Paul-Bloomington, MN-WI",Carver County,2397.5
30748,6090,Capitola,city,CA,CA,"Santa Cruz-Watsonville, CA",Santa Cruz County,3427.5
57255,6099,Hillview,city,KY,KY,"Louisville/Jefferson County, KY-IN",Bullitt County,1247
124815,6104,Indian Harbour Beach,city,FL,FL,"Palm Bay-Melbourne-Titusville, FL",Brevard County,2380.138888888889
24660,6116,Fairfax,city,CA,CA,"San Francisco-Oakland-Berkeley, CA",Marin County,3300
45908,6125,Ivins,city,UT,UT,"St. George, UT",Washington County,2218.333333333333
15634,6134,Parkville,city,MO,MO,"Kansas City, MO-KS",Platte County,1552.8055555555554
50229,6137,Lincoln,city,AL,AL,"Talladega-Sylacauga, AL",Talladega County,1495
38070,6155,Crestline,city,CA,CA,"Riverside-San Bernardino-Ontario, CA",San Bernardino County,2498.125
17523,6165,College Place,city,WA,WA,"Walla Walla, WA",Walla Walla County,1095
8022,6178,Wyncote,city,PA,PA,"Philadelphia-Camden-Wilmington, PA-NJ-DE-MD",Montgomery County,1771.6349206349205
44434,6216,Cape Canaveral,city,FL,FL,"Palm Bay-Melbourne-Titusville, FL",Brevard County,1886.111111111111
12331,6223,Laughlin,city,NV,NV,"Las Vegas-Henderson-Paradise, NV",Clark County,1197.5555555555557
5584,6231,Leavenworth,city,WA,WA,"Wenatchee, WA",Chelan County,1825
49831,6249,Steger,city,IL,IL,"Chicago-Naperville-Elgin, IL-IN-WI",Cook County,1195
15423,6249,Flowood,city,MS,MS,"Jackson, MS",Rankin County,1486.722222222222
44035,6254,Barrington,city,IL,IL,"Chicago-Naperville-Elgin, IL-IN-WI",Cook County,2503.5
17183,6260,Bronxville,city,NY,NY,"New York-Newark-Jersey City, NY-NJ-PA",Westchester County,4369.5
831316,6292,Plymouth,city,PA,PA,"Scranton--Wilkes-Barre, PA",Luzerne County,1283.3333333333333
20401,6315,Seabrook,city,NH,NH,"Boston-Cambridge-Newton, MA-NH",Rockingham County,2084.6
13166,6320,Palm Beach,city,FL,FL,"Miami-Fort Lauderdale-Pompano Beach, FL",Palm Beach County,10364.285714285716
31600,6339,Fort Belvoir,city,VA,VA,"Washington-Arlington-Alexandria, DC-VA-MD-WV",Fairfax County,2420.5
37533,6343,Braddock,city,PA,PA,"Pittsburgh, PA",Allegheny County,1217.25
30225,6345,Annandale,city,NJ,NJ,"New York-Newark-Jersey City, NY-NJ-PA",Hunterdon County,2916.6666666666665
41969,6358,Brentwood,city,MO,MO,"St. Louis, MO-IL",Saint Louis County,1725.7222222222224
9412,6367,Ward,city,AR,AR,"Little Rock-North Little Rock-Conway, AR",Lonoke County,1450
30108,6371,Krum,city,TX,TX,"Dallas-Fort Worth-Arlington, TX",Denton County,2112.333333333333
41023,6373,Spring Lake,city,NJ,NJ,"New York-Newark-Jersey City, NY-NJ-PA",Monmouth County,7916.666666666667
5799,6375,Maplewood,city,MO,MO,"St. Louis, MO-IL",Saint Louis County,1107.9444444444446
4693,6383,Farmington,city,AR,AR,"Fayetteville-Springdale-Rogers, AR",Washington County,1660
19446,6384,Monticello,city,MN,MN,"Minneapolis-St. Paul-Bloomington, MN-WI",Wright County,1602.8888888888887
775743,6387,Clover Creek,city,WA,WA,"Seattle-Tacoma-Bellevue, WA",Pierce County,1979
26908,6390,Saint Francis,city,WI,WI,"Milwaukee-Waukesha, WI",Milwaukee County,1947.0666666666666
6276,6395,Oakwood,city,GA,GA,"Gainesville, GA",Hall County,1819.9722222222224
33493,6404,Port Isabel,city,TX,TX,"Brownsville-Harlingen, TX",Cameron County,1850
6200,6412,Niantic,city,CT,CT,"Norwich-New London, CT",New London County,2225
10368,6425,Berkeley,city,MO,MO,"St. Louis, MO-IL",Saint Louis County,1256
12166,6426,Keansburg,city,NJ,NJ,"New York-Newark-Jersey City, NY-NJ-PA",Monmouth County,2775
40108,6430,Oak Island,city,NC,NC,"Myrtle Beach-Conway-North Myrtle Beach, SC-NC",Brunswick County,2100
129049,6438,Gresham Park,city,GA,GA,"Atlanta-Sandy Springs-Alpharetta, GA",Dekalb County,1817.638888888889
36638,6447,Irondale,city,AL,AL,"Birmingham-Hoover, AL",Jefferson County,2027.5
53593,6451,North Bay Village,city,FL,FL,"Miami-Fort Lauderdale-Pompano Beach, FL",Miami-Dade County,2994.8262626262626
44310,6455,Brigantine,city,NJ,NJ,"Atlantic City-Hammonton, NJ",Atlantic County,2850
47510,6467,Saint Helena,city,CA,CA,"Napa, CA",Napa County,4114.166666666666
11106,6477,Devon,city,PA,PA,"Philadelphia-Camden-Wilmington, PA-NJ-DE-MD",Chester County,1891.5740740740741
29777,6477,Lago Vista,city,TX,TX,"Austin-Round Rock-Georgetown, TX",Travis County,1918.75
27070,6494,Shelley,city,ID,ID,"Blackfoot, ID",Bingham County,1095
26691,6504,Raritan,city,NJ,NJ,"New York-Newark-Jersey City, NY-NJ-PA",Somerset County,2682.3611111111113
45287,6516,Flint,city,TX,TX,"Tyler, TX",Smith County,1790
10760,6551,Center Moriches,city,NY,NY,"New York-Newark-Jersey City, NY-NJ-PA",Suffolk County,4344.5
45886,6572,Ingleside,city,TX,TX,"Corpus Christi, TX",San Patricio County,1390
11674,6660,Grandview Heights,city,OH,OH,"Columbus, OH",Franklin County,1739.8333333333333
48046,6661,Trophy Club,city,TX,TX,"Dallas-Fort Worth-Arlington, TX",Denton County,2224
26382,6666,Paoli,city,PA,PA,"Philadelphia-Camden-Wilmington, PA-NJ-DE-MD",Chester County,2276.75
15283,6673,Leadville,city,CO,CO,"Edwards, CO",Lake County,1850
35858,6683,Mammoth Lakes,city,CA,CA,,Mono County,3200
39166,6693,Jersey Village,city,TX,TX,"Houston-The Woodlands-Sugar Land, TX",Harris County,1354.1666666666667
43976,6695,Atlantic Highlands,city,NJ,NJ,"New York-Newark-Jersey City, NY-NJ-PA",Monmouth County,2822.5
836350,6702,Bedminster,city,NJ,NJ,"New York-Newark-Jersey City, NY-NJ-PA",Somerset County,2666.6666666666665
36150,6706,Millburn,city,NJ,NJ,"New York-Newark-Jersey City, NY-NJ-PA",Essex County,5400
55239,6709,Winooski,city,VT,VT,"Burlington-South Burlington, VT",Chittenden County,2142
24989,6709,Gulf Hills,city,MS,MS,"Gulfport-Biloxi, MS",Jackson County,1504.7333333333333
47572,6713,Santaquin,city,UT,UT,"Provo-Orem, UT",Utah County,1762.5
52845,6719,Lake Bluff,city,IL,IL,"Chicago-Naperville-Elgin, IL-IN-WI",Lake County,1852.3214285714287
832504,6722,West Harrison,city,NY,NY,"New York-Newark-Jersey City, NY-NJ-PA",Westchester County,4412.5
46841,6723,Oak Grove,city,KY,KY,"Clarksville, TN-KY",Christian County,1230.095238095238
40977,6723,South Hill,city,VA,VA,,Mecklenburg County,1298.75
16507,6750,Dunellen,city,NJ,NJ,"New York-Newark-Jersey City, NY-NJ-PA",Middlesex County,2772.75
151528,6765,Eden Isle,city,LA,LA,"New Orleans-Metairie, LA",Saint Tammany Parish,1400
5068,6778,Harrisburg,city,SD,SD,"Sioux Falls, SD",Lincoln County,1255.8333333333335
3929,6794,Calistoga,city,CA,CA,"Napa, CA",Napa County,2777.2222222222226
22742,6800,Shalimar,city,FL,FL,"Crestview-Fort Walton Beach-Destin, FL",Okaloosa County,2120.8333333333335
11495,6806,Fort Mitchell,city,AL,AL,"Columbus, GA-AL",Russell County,1750
52752,6811,Kentfield,city,CA,CA,"San Francisco-Oakland-Berkeley, CA",Marin County,3987.75
126265,6825,Springfield,city,FL,FL,"Panama City, FL",Bay County,1383.3333333333333
5404,6832,Kenwood,city,OH,OH,"Cincinnati, OH-KY-IN",Hamilton County,2283
9228,6834,Whitsett,city,NC,NC,"Greensboro-High Point, NC",Guilford County,2044.8888888888887
51976,6840,Fairfield,city,NJ,NJ,"New York-Newark-Jersey City, NY-NJ-PA",Essex County,3050
274211,6850,La Cresta - Altavista,city,CA,CA,"Bakersfield, CA",Kern County,1290
50065,6855,Sisters,city,OR,OR,"Albany-Lebanon, OR",Linn County,2715
41611,6866,Wellford,city,SC,SC,"Spartanburg, SC",Spartanburg County,1347
6306,6869,Old Town,city,ME,ME,"Bangor, ME",Penobscot County,1633.3333333333333
42080,6869,Alamo Heights,city,TX,TX,"San Antonio-New Braunfels, TX",Bexar County,2813.6111111111113
27312,6901,Sultan,city,WA,WA,"Seattle-Tacoma-Bellevue, WA",Snohomish County,2990
7850,6916,West Miami,city,FL,FL,"Miami-Fort Lauderdale-Pompano Beach, FL",Miami-Dade County,2715.1666666666665
48311,6924,Walled Lake,city,MI,MI,"Detroit-Warren-Dearborn, MI",Oakland County,1837.5
185037,6925,Woodfin,city,NC,NC,"Asheville, NC",Buncombe County,1887.1666666666667
113412,6947,Alondra Park,city,CA,CA,"Los Angeles-Long Beach-Anaheim, CA",Los Angeles County,1795
41457,6948,Valley Park,city,MO,MO,"St. Louis, MO-IL",Saint Louis County,1697
18426,6971,Haddon Heights,city,NJ,NJ,"Philadelphia-Camden-Wilmington, PA-NJ-DE-MD",Camden County,1395
21581,6972,Cross Roads,city,TX,TX,"Dallas-Fort Worth-Arlington, TX",Denton County,2484.5
830735,6973,Oyster Bay,city,NY,NY,"New York-Newark-Jersey City, NY-NJ-PA",Nassau County,3608.777777777778
35025,6981,Castle Hayne,city,NC,NC,"Wilmington, NC",New Hanover County,2193
21062,6989,Vernal,city,UT,UT,"Vernal, UT",Uintah County,1500
53274,6992,Meridianville,city,AL,AL,"Huntsville, AL",Madison County,1905.625
32760,6992,McFarland,city,WI,WI,"Madison, WI",Dane County,1481.6666666666667
41537,6996,Waite Park,city,MN,MN,"St. Cloud, MN",Stearns County,1336.25
11885,7022,Hiawatha,city,IA,IA,"Cedar Rapids, IA",Linn County,908.75
43255,7032,Wayzata,city,MN,MN,"Minneapolis-St. Paul-Bloomington, MN-WI",Hennepin County,1217
15249,7045,Elmwood,city,LA,LA,"New Orleans-Metairie, LA",Jefferson Parish,2011.6666666666667
56681,7072,Waialua,city,HI,HI,"Urban Honolulu, HI",Honolulu County,3588.8888888888887
23847,7084,Brookshire,city,TX,TX,"Houston-The Woodlands-Sugar Land, TX",Waller County,2163.3333333333335
38300,7097,East Rochester,city,NY,NY,"Rochester, NY",Monroe County,1400
29678,7109,Greenwood,city,MO,MO,"Kansas City, MO-KS",Jackson County,2070
48646,7114,Black Diamond,city,WA,WA,"Seattle-Tacoma-Bellevue, WA",King County,2597.6666666666665
29526,7127,Watford City,city,ND,ND,,McKenzie County,1421.4444444444443
48482,7137,Whitestown,city,IN,IN,"Indianapolis-Carmel-Anderson, IN",Boone County,2164.722222222222
38561,7143,Forestdale,city,AL,AL,"Birmingham-Hoover, AL",Jefferson County,1361.9444444444443
20855,7164,Tuckahoe,city,NY,NY,"New York-Newark-Jersey City, NY-NJ-PA",Westchester County,3683.8333333333335
775596,7174,Garrison,city,MD,MD,"Baltimore-Columbia-Towson, MD",Baltimore County,1834.7777777777776
35737,7179,Fort Wright,city,KY,KY,"Cincinnati, OH-KY-IN",Kenton County,1515.9444444444443
831874,7189,Vernon,city,NJ,NJ,"New York-Newark-Jersey City, NY-NJ-PA",Sussex County,2421.6666666666665
19366,7202,Midway Park,city,NC,NC,"Jacksonville, NC",Onslow County,1416.6666666666667
28111,7211,Carolina Beach,city,NC,NC,"Wilmington, NC",New Hanover County,2033.3333333333335
396843,7211,Garden Home-Whitford,city,OR,OR,"Portland-Vancouver-Hillsboro, OR-WA",Washington County,2266.5
105065,7225,Lake Purdy,city,AL,AL,"Birmingham-Hoover, AL",Shelby County,1236.6666666666667
18374,7230,Great Mills,city,MD,MD,"California-Lexington Park, MD",Saint Marys County,2250
43129,7230,Tarboro,city,NC,NC,"Rocky Mount, NC",Edgecombe County,925
29770,7240,Black Jack,city,MO,MO,"St. Louis, MO-IL",Saint Louis County,1675
12300,7246,Landing,city,NJ,NJ,"New York-Newark-Jersey City, NY-NJ-PA",Morris County,2700
19729,7260,Oakmont,city,PA,PA,"Pittsburgh, PA",Allegheny County,1494.1666666666667
8638,7294,Fairview,city,OR,OR,"Portland-Vancouver-Hillsboro, OR-WA",Multnomah County,1895.222222222222
35785,7296,Morton,city,PA,PA,"Philadelphia-Camden-Wilmington, PA-NJ-DE-MD",Delaware County,1587.5
41744,7308,Windcrest,city,TX,TX,"San Antonio-New Braunfels, TX",Bexar County,1090
22967,7327,Talent,city,OR,OR,"Medford, OR",Jackson County,1895
36531,7337,West Point,city,GA,GA,"Columbus, GA-AL",Harris County,1150
34332,7360,Treasure Island,city,FL,FL,"Tampa-St. Petersburg-Clearwater, FL",Pinellas County,3005.555555555555
56139,7362,Osprey,city,FL,FL,"North Port-Sarasota-Bradenton, FL",Sarasota County,2932
53592,7363,Normandy Park,city,WA,WA,"Seattle-Tacoma-Bellevue, WA",King County,1700
39843,7366,Montecito,city,CA,CA,"Santa Maria-Santa Barbara, CA",Santa Barbara County,19098.52380952381
123902,7383,Century Village,city,FL,FL,"Miami-Fort Lauderdale-Pompano Beach, FL",Palm Beach County,1491.6666666666667
45354,7387,Freeport,city,FL,FL,"Crestview-Fort Walton Beach-Destin, FL",Walton County,2092.4166666666665
57092,7398,Clay,city,AL,AL,"Birmingham-Hoover, AL",Jefferson County,1493.75
25246,7413,Indian Wells,city,CA,CA,"Riverside-San Bernardino-Ontario, CA",Riverside County,7359.666666666667
55838,7423,Lemoyne,city,PA,PA,"Harrisburg-Carlisle, PA",Cumberland County,1375
207402,7426,Raleigh Hills,city,OR,OR,"Portland-Vancouver-Hillsboro, OR-WA",Washington County,1770.25
19756,7444,Olivette,city,MO,MO,"St. Louis, MO-IL",Saint Louis County,1554.25
36384,7450,Sheridan,city,CO,CO,"Denver-Aurora-Lakewood, CO",Arapahoe County,1741.4666666666665
27381,7452,Tea,city,SD,SD,"Sioux Falls, SD",Lincoln County,1132.3333333333333
11799,7480,Hapeville,city,GA,GA,"Atlanta-Sandy Springs-Alpharetta, GA",Fulton County,1668.75
25512,7500,Larkspur,city,CA,CA,"San Francisco-Oakland-Berkeley, CA",Marin County,3799.4666666666667
44107,7507,Belle Haven,city,VA,VA,"Washington-Arlington-Alexandria, DC-VA-MD-WV",Fairfax County,2171.5
17361,7510,Centerville,city,GA,GA,"Warner Robins, GA",Houston County,1600
15510,7524,Ludowici,city,GA,GA,"Hinesville, GA",Long County,1969.4444444444443
56780,7540,Topanga,city,CA,CA,"Los Angeles-Long Beach-Anaheim, CA",Los Angeles County,5133.333333333333
41536,7547,Waikoloa,city,HI,HI,"Hilo, HI",Hawaii County,2875
54661,7573,Tarrant,city,AL,AL,"Birmingham-Hoover, AL",Jefferson County,1070.8333333333333
29417,7605,Sergeant Bluff,city,IA,IA,"Sioux City, IA-NE-SD",Woodbury County,1367
125064,7630,Lauderdale-by-the-Sea,city,FL,FL,"Miami-Fort Lauderdale-Pompano Beach, FL",Broward County,3764.5833333333335
19809,7632,Pacific,city,WA,WA,"Seattle-Tacoma-Bellevue, WA",King County,1960.1333333333332
56122,7636,Purchase,city,NY,NY,"New York-Newark-Jersey City, NY-NJ-PA",Westchester County,3409.75
40882,7664,Sherrills Ford,city,NC,NC,"Hickory-Lenoir-Morganton, NC",Catawba County,2063.25
36079,7681,Pinson,city,AL,AL,"Birmingham-Hoover, AL",Jefferson County,1601.6666666666667
15989,7740,Vass,city,NC,NC,"Pinehurst-Southern Pines, NC",Moore County,1800
19806,7747,Oxford,city,FL,FL,"The Villages, FL",Sumter County,2100
21512,7777,Crafton,city,PA,PA,"Pittsburgh, PA",Allegheny County,1029
18435,7794,Haleiwa,city,HI,HI,"Urban Honolulu, HI",Honolulu County,7450
13837,7823,Siesta Key,city,FL,FL,"North Port-Sarasota-Bradenton, FL",Sarasota County,5261.111111
36173,7832,Miramar Beach,city,FL,FL,"Crestview-Fort Walton Beach-Destin, FL",Walton County,2397.222222222222
16695,7866,Airway Heights,city,WA,WA,"Spokane-Spokane Valley, WA",Spokane County,1766.6666666666667
39571,7875,Maineville,city,OH,OH,"Cincinnati, OH-KY-IN",Warren County,2161.6666666666665
27856,7890,West Dundee,city,IL,IL,"Chicago-Naperville-Elgin, IL-IN-WI",Kane County,2260.75
51562,7916,Coupeville,city,WA,WA,"Oak Harbor, WA",Island County,2895
18162,7931,Fort Myers Beach,city,FL,FL,"Cape Coral-Fort Myers, FL",Lee County,2750
47499,7932,Sag Harbor,city,NY,NY,"New York-Newark-Jersey City, NY-NJ-PA",Suffolk County,36666.60833333333
10040,7948,Adamsville,city,AL,AL,"Birmingham-Hoover, AL",Jefferson County,1275
396846,7953,West Slope,city,OR,OR,"Portland-Vancouver-Hillsboro, OR-WA",Washington County,1867.6666666666667
37367,7979,Belmar,city,NJ,NJ,"New York-Newark-Jersey City, NY-NJ-PA",Monmouth County,4266.666666666667
42663,8016,Neptune Beach,city,FL,FL,"Jacksonville, FL",Duval County,2821.8888888888887
52766,8019,Key Largo,city,FL,FL,"Key West, FL",Monroe County,3545.4166666666665
54327,8102,Savoy,city,IL,IL,"Champaign-Urbana, IL",Champaign County,1326.6666666666667
33147,8106,North Chili,city,NY,NY,"Rochester, NY",Monroe County,1795
26526,8131,Pismo Beach,city,CA,CA,"San Luis Obispo-Paso Robles, CA",San Luis Obispo County,3675
38234,8133,Dresher,city,PA,PA,"Philadelphia-Camden-Wilmington, PA-NJ-DE-MD",Montgomery County,2865
6937,8143,Santa Clara,city,UT,UT,"St. George, UT",Washington County,2215
34191,8150,Surfside,city,FL,FL,"Miami-Fort Lauderdale-Pompano Beach, FL",Miami-Dade County,4097.222222222222
25163,8162,Holly Ridge,city,NC,NC,"Jacksonville, NC",Onslow County,1847.7777777777776
45530,8271,Grantville,city,GA,GA,"Atlanta-Sandy Springs-Alpharetta, GA",Coweta County,1775
15265,8291,Lake Dallas,city,TX,TX,"Dallas-Fort Worth-Arlington, TX",Denton County,2285
4085,8309,Cheverly,city,MD,MD,"Washington-Arlington-Alexandria, DC-VA-MD-WV",Prince Georges County,1592.5
10807,8313,Chesterbrook,city,PA,PA,"Philadelphia-Camden-Wilmington, PA-NJ-DE-MD",Chester County,2566.6666666666665
26942,8351,San Antonio,city,FL,FL,"Tampa-St. Petersburg-Clearwater, FL",Pasco County,2441.666666666667
25395,8366,Keystone,city,CO,CO,"Breckenridge, CO",Summit County,2783.333333333333
4311,8407,Dayton,city,KY,KY,"Cincinnati, OH-KY-IN",Campbell County,1772.6666666666667
396519,8410,Pinehurst,city,TX,TX,"Houston-The Woodlands-Sugar Land, TX",Montgomery County,2122.5
39222,8419,Kensington,city,CA,CA,"San Francisco-Oakland-Berkeley, CA",Contra Costa County,4200
28509,8472,Highwood,city,IL,IL,"Chicago-Naperville-Elgin, IL-IN-WI",Lake County,2775
29242,8530,Lovejoy,city,GA,GA,"Atlanta-Sandy Springs-Alpharetta, GA",Clayton County,1758.2083333333333
10340,8590,Bellevue,city,KY,KY,"Cincinnati, OH-KY-IN",Campbell County,1332.5
25730,8613,Manitou Springs,city,CO,CO,"Colorado Springs, CO",Teller County,1732.5
17734,8623,Deer Park,city,OH,OH,"Cincinnati, OH-KY-IN",Hamilton County,1845
11692,8634,Grayson Valley,city,AL,AL,"Birmingham-Hoover, AL",Jefferson County,1461.111111111111
396537,8648,Stratmoor,city,CO,CO,"Colorado Springs, CO",El Paso County,1561.111111111111
30305,8740,Ave Maria,city,FL,FL,"Naples-Marco Island, FL",Collier County,3022.777777777778
42217,8758,Highlands,city,NJ,NJ,"New York-Newark-Jersey City, NY-NJ-PA",Monmouth County,2500
174201,8758,Normandy,city,MO,MO,"St. Louis, MO-IL",Saint Louis County,1277.5
833173,8812,Mount Arlington,city,NJ,NJ,"New York-Newark-Jersey City, NY-NJ-PA",Morris County,2769.444444444445
53611,8850,North Kansas City,city,MO,MO,"Kansas City, MO-KS",Clay County,1400.5555555555557
16889,8859,Barling,city,AR,AR,"Fort Smith, AR-OK",Sebastian County,1337.5
45980,8892,Kamas,city,UT,UT,"Heber, UT",Summit County,3600
44161,8917,Big Bear Lake,city,CA,CA,"Riverside-San Bernardino-Ontario, CA",San Bernardino County,2273.333333333333
49280,8934,Gun Barrel City,city,TX,TX,"Athens, TX",Henderson County,1715.8333333333335
126011,8967,Saint Augustine Beach,city,FL,FL,"Jacksonville, FL",Saint Johns County,2600
10280,8982,Bay Harbor Islands,city,FL,FL,"Miami-Fort Lauderdale-Pompano Beach, FL",Miami-Dade County,3051.8849206349205
49129,9021,Gladewater,city,TX,TX,"Longview, TX",Gregg County,995
47843,9022,Steilacoom,city,WA,WA,"Seattle-Tacoma-Bellevue, WA",Pierce County,1835.7777777777776
52230,9040,Glendale,city,CO,CO,"Denver-Aurora-Lakewood, CO",Arapahoe County,1626.2026143790852
14571,9046,West Reading,city,PA,PA,"Reading, PA",Berks County,1883.3333333333333
29589,9051,South Pasadena,city,FL,FL,"Tampa-St. Petersburg-Clearwater, FL",Pinellas County,2478.75
46411,9057,Margaret,city,AL,AL,"Birmingham-Hoover, AL",Saint Clair County,1719.1666666666665
49667,9154,Nolanville,city,TX,TX,"Killeen-Temple, TX",Bell County,1478.3333333333335
41855,9159,Carolina Shores,city,NC,NC,"Myrtle Beach-Conway-North Myrtle Beach, SC-NC",Brunswick County,2200
46719,9226,New Hill,city,NC,NC,"Durham-Chapel Hill, NC",Chatham County,2262.5
38324,9258,Edgewater,city,CO,CO,"Denver-Aurora-Lakewood, CO",Jefferson County,2712.5
12561,9344,Margate City,city,NJ,NJ,"Atlantic City-Hammonton, NJ",Atlantic County,19650
40980,9472,South Lebanon,city,OH,OH,"Cincinnati, OH-KY-IN",Warren County,1550
56281,9595,Rolesville,city,NC,NC,"Raleigh-Cary, NC",Wake County,2108.3333333333335
28233,9615,Bradley Beach,city,NJ,NJ,"New York-Newark-Jersey City, NY-NJ-PA",Monmouth County,2783.3333333333335
32850,9631,Midland,city,PA,PA,"Pittsburgh, PA",Beaver County,825
47419,9644,Rock Hill,city,MO,MO,"St. Louis, MO-IL",Saint Louis County,1427.1666666666667
5160,9805,Highland Beach,city,FL,FL,"Miami-Fort Lauderdale-Pompano Beach, FL",Palm Beach County,5688.888889
34287,9824,Tiffin,city,IA,IA,"Iowa City, IA",Johnson County,1850
26901,9837,Saint Bernard,city,OH,OH,"Cincinnati, OH-KY-IN",Hamilton County,1525
41654,9847,West Milwaukee,city,WI,WI,"Milwaukee-Waukesha, WI",Milwaukee County,1075
26151,9856,Nichols Hills,city,OK,OK,"Oklahoma City, OK",Oklahoma County,2675
13534,9859,Riverdale,city,NJ,NJ,"New York-Newark-Jersey City, NY-NJ-PA",Morris County,2895.75
25506,9875,Lansford,city,PA,PA,"Allentown-Bethlehem-Easton, PA-NJ",Carbon County,1212.25
13536,9878,Riverside,city,MO,MO,"Kansas City, MO-KS",Platte County,2032.5
53103,9905,Madeira Beach,city,FL,FL,"Tampa-St. Petersburg-Clearwater, FL",Pinellas County,3270.8333333333335
200788,9923,Fort McKinley,city,OH,OH,"Dayton-Kettering, OH",Montgomery County,1091.25
3842,10018,Brookwood,city,AL,AL,"Tuscaloosa, AL",Tuscaloosa County,1658.75
26246,10050,Oakbrook Terrace,city,IL,IL,"Chicago-Naperville-Elgin, IL-IN-WI",DuPage County,2166.7000000000003
8508,10076,Glasgow Village,city,MO,MO,"St. Louis, MO-IL",Saint Louis County,1331.0873015873015
29213,10086,Port Royal,city,SC,SC,"Hilton Head Island-Bluffton, SC",Beaufort County,1601.0238095238094
29216,10097,Lomira,city,WI,WI,"Beaver Dam, WI",Dodge County,1275
12095,10221,Jamestown,city,RI,RI,"Providence-Warwick, RI-MA",Newport County,3200
8412,10283,Frisco,city,CO,CO,"Breckenridge, CO",Summit County,3950
48512,10413,Willow Park,city,TX,TX,"Dallas-Fort Worth-Arlington, TX",Parker County,1752.8555555555558
26219,10418,Northwoods,city,MO,MO,"St. Louis, MO-IL",Saint Louis County,1247.5
125675,10434,Parker,city,FL,FL,"Panama City, FL",Bay County,1666.6666666666667
11189,10450,Eagle Lake,city,FL,FL,"Lakeland-Winter Haven, FL",Polk County,2067.25
8003,10525,Woodlawn,city,OH,OH,"Cincinnati, OH-KY-IN",Hamilton County,1537.5
29395,10617,Seaside Heights,city,NJ,NJ,"New York-Newark-Jersey City, NY-NJ-PA",Ocean County,2731.6666666666665
18650,10646,Hudson Oaks,city,TX,TX,"Dallas-Fort Worth-Arlington, TX",Parker County,1447.5
41299,10666,Tuckerton,city,NJ,NJ,"New York-Newark-Jersey City, NY-NJ-PA",Ocean County,2616.666666666667
8724,10680,Johnson,city,AR,AR,"Fayetteville-Springdale-Rogers, AR",Washington County,1285
11732,10682,Greenwood Lake,city,NY,NY,"Poughkeepsie-Newburgh-Middletown, NY",Orange County,2550
120020,10703,Meridian,city,CO,CO,"Denver-Aurora-Lakewood, CO",Douglas County,1883.9242424242423
45227,10712,Fairway,city,KS,KS,"Kansas City, MO-KS",Johnson County,2225
10337,10722,Belleville,city,MI,MI,"Detroit-Warren-Dearborn, MI",Wayne County,1412.9166666666665
33215,10767,Ocean Shores,city,WA,WA,"Aberdeen, WA",Grays Harbor County,1369.1666666666665
14585,10809,Westhampton Beach,city,NY,NY,"New York-Newark-Jersey City, NY-NJ-PA",Suffolk County,40402.666666666664
26252,10818,Oakland,city,FL,FL,"Orlando-Kissimmee-Sanford, FL",Orange County,2043.5
23686,10876,Berwyn Heights,city,MD,MD,"Washington-Arlington-Alexandria, DC-VA-MD-WV",Prince Georges County,3400
15541,10946,Mount Oliver,city,PA,PA,"Pittsburgh, PA",Allegheny County,1191.5
8185,10996,Del Mar,city,CA,CA,"San Diego-Chula Vista-Carlsbad, CA",San Diego County,5332.777777777777
19241,11035,Maxwell,city,TX,TX,"Austin-Round Rock-Georgetown, TX",Caldwell County,1968.4444444444443
55647,11042,Berlin,city,MA,MA,"Worcester, MA-CT",Worcester County,2694
18809,11187,Kemah,city,TX,TX,"Houston-The Woodlands-Sugar Land, TX",Galveston County,1416.9642857142856
5428,11215,King City,city,OR,OR,"Portland-Vancouver-Hillsboro, OR-WA",Washington County,2000.6666666666667
55293,11245,Yountville,city,CA,CA,"Napa, CA",Napa County,3300
51067,11345,Boalsburg,city,PA,PA,"State College, PA",Centre County,1522.5
22292,11389,Nederland,city,CO,CO,"Boulder, CO",Boulder County,2600
48451,11429,Westhampton,city,NY,NY,"New York-Newark-Jersey City, NY-NJ-PA",Suffolk County,24266.666666666668
9659,11474,Thorndale,city,PA,PA,"Philadelphia-Camden-Wilmington, PA-NJ-DE-MD",Chester County,1772.3333333333333
24737,11649,Fogelsville,city,PA,PA,"Allentown-Bethlehem-Easton, PA-NJ",Lehigh County,2140
20303,11702,Saint Hedwig,city,TX,TX,"San Antonio-New Braunfels, TX",Bexar County,2000.222222222222
3509,11769,Bal Harbour,city,FL,FL,"Miami-Fort Lauderdale-Pompano Beach, FL",Miami-Dade County,6617.777777777777
33098,11806,New Whiteland,city,IN,IN,"Indianapolis-Carmel-Anderson, IN",Johnson County,1810
16825,11856,Aspinwall,city,PA,PA,"Pittsburgh, PA",Allegheny County,1625.75
43031,11906,Valparaiso,city,FL,FL,"Crestview-Fort Walton Beach-Destin, FL",Okaloosa County,1975
49999,11935,Sharpsburg,city,PA,PA,"Pittsburgh, PA",Allegheny County,1131.6666666666667
5272,12044,Indian Rocks Beach,city,FL,FL,"Tampa-St. Petersburg-Clearwater, FL",Pinellas County,3250
54700,12109,Timnath,city,CO,CO,"Fort Collins, CO",Larimer County,3079
25643,12221,Longboat Key,city,FL,FL,"North Port-Sarasota-Bradenton, FL",Sarasota County,6475
47663,12290,Shenandoah,city,TX,TX,"Houston-The Woodlands-Sugar Land, TX",Montgomery County,2065.2063492063494
12802,12331,Montauk,city,NY,NY,"New York-Newark-Jersey City, NY-NJ-PA",Suffolk County,33708.333333333336
22169,12365,Keego Harbor,city,MI,MI,"Detroit-Warren-Dearborn, MI",Oakland County,1990
19788,12422,Osseo,city,MN,MN,"Minneapolis-St. Paul-Bloomington, MN-WI",Hennepin County,1516
43068,12712,Scottdale,city,GA,GA,"Atlanta-Sandy Springs-Alpharetta, GA",Dekalb County,2200
26147,12720,Newtown,city,OH,OH,"Cincinnati, OH-KY-IN",Hamilton County,1499
22936,12798,Westworth Village,city,TX,TX,"Dallas-Fort Worth-Arlington, TX",Tarrant County,1426.6222222222223
829616,13007,Shelter Island,city,NY,NY,"New York-Newark-Jersey City, NY-NJ-PA",Suffolk County,27270.75
39866,13139,Moriches,city,NY,NY,"New York-Newark-Jersey City, NY-NJ-PA",Suffolk County,2326.25
45859,13480,Hypoluxo,city,FL,FL,"Miami-Fort Lauderdale-Pompano Beach, FL",Palm Beach County,2724.1666666666665
14457,13807,Waller,city,TX,TX,"Houston-The Woodlands-Sugar Land, TX",Waller County,1197.5
28529,14110,Gentry,city,AR,AR,"Fayetteville-Springdale-Rogers, AR",Benton County,1599.6666666666667
14781,14168,Alvarado,city,TX,TX,"Dallas-Fort Worth-Arlington, TX",Johnson County,1535
11915,14170,Hillsboro Beach,city,FL,FL,"Miami-Fort Lauderdale-Pompano Beach, FL",Broward County,3950
7774,14218,Water Mill,city,NY,NY,"New York-Newark-Jersey City, NY-NJ-PA",Suffolk County,67000
30404,14571,Belleair Bluffs,city,FL,FL,"Tampa-St. Petersburg-Clearwater, FL",Pinellas County,1700
4314,14716,Daytona Beach Shores,city,FL,FL,"Deltona-Daytona Beach-Ormond Beach, FL",Volusia County,2632.5
50736,14802,Annapolis Junction,city,MD,MD,"Baltimore-Columbia-Towson, MD",Howard County,2426.088888888889
46280,14977,Lockbourne,city,OH,OH,"Columbus, OH",Pickaway County,1374
36840,15035,Bridgehampton,city,NY,NY,"New York-Newark-Jersey City, NY-NJ-PA",Suffolk County,73000
20122,15213,Redington Shores,city,FL,FL,"Tampa-St. Petersburg-Clearwater, FL",Pinellas County,2874
56639,15578,Swansboro,city,NC,NC,"Jacksonville, NC",Onslow County,1950
52625,15861,Indialantic,city,FL,FL,"Palm Bay-Melbourne-Titusville, FL",Brevard County,2961.1111111111113
56850,15896,South Palm Beach,city,FL,FL,"Miami-Fort Lauderdale-Pompano Beach, FL",Palm Beach County,3350
44844,16419,Daleville,city,VA,VA,"Roanoke, VA",Botetourt County,1686.6666666666667
41356,17025,Upton,city,NY,NY,"New York-Newark-Jersey City, NY-NJ-PA",Suffolk County,3459.5
57177,17154,North Redington Beach,city,FL,FL,"Tampa-St. Petersburg-Clearwater, FL",Pinellas County,2232.5
9155,18288,Longport,city,NJ,NJ,"Atlantic City-Hammonton, NJ",Atlantic County,18000
23330,19152,Venus,city,TX,TX,"Dallas-Fort Worth-Arlington, TX",Johnson County,2094
30099,19240,Algood,city,TN,TN,"Cookeville, TN",Putnam County,1650
16007,20418,Surf City,city,NC,NC,"Wilmington, NC",Pender County,1910
34883,21296,Winter Park,city,CO,CO,,Grand County,3249
6459,21336,Pendergrass,city,GA,GA,"Jefferson, GA",Jackson County,2015
50196,21501,Quogue,city,NY,NY,"New York-Newark-Jersey City, NY-NJ-PA",Suffolk County,35000
124999,22408,Lake Hart,city,FL,FL,"Orlando-Kissimmee-Sanford, FL",Orange County,2511.688888888889
3886,22721,Bullard,city,TX,TX,"Jacksonville, TX",Cherokee County,1850
30203,24199,Amagansett,city,NY,NY,"New York-Newark-Jersey City, NY-NJ-PA",Suffolk County,66250
47768,26473,South Padre Island,city,TX,TX,"Brownsville-Harlingen, TX",Cameron County,2275
38826,28607,Guilderland Center,city,NY,NY,"Albany-Schenectady-Troy, NY",Albany County,1300
235000,28607,Lincoln Park,city,TX,TX,"Dallas-Fort Worth-Arlington, TX",Denton County,1708.3333333333333
